freq|lang|isSpecial|baseTerm|hasPlural|hasPossessive|baseFreq|pluralFreq|possessiveFreq
66955|EN|0|the|||66955|0|0
35029|EN|0|of|||35029|0|0
25066|EN|0|is|||25066|0|0
23116|EN|0|to|||23116|0|0
20614|EN|0|a|||20614|0|0
19369|EN|0|in|||19369|0|0
14378|EN|0|one|s|'s|12598|950|830
13382|EN|0|that||'s|12820|0|562
12991|EN|0|and|||12991|0|0
12840|EN|0|with|||12840|0|0
12826|EN|0|he||'s|12587|0|239
10152|EN|0|this|||10152|0|0
9386|EN|0|for|||9386|0|0
9331|EN|0|it|s|'s|6462|1756|1113
9301|EN|0|as|||9301|0|0
8544|EN|0|i|||8544|0|0
8052|EN|0|there||'s|7853|0|199
7871|EN|0|not|||7871|0|0
7090|EN|0|monk|s|'s|3445|3529|116
6710|EN|0|on|||6710|0|0
6529|EN|0|from|||6529|0|0
6500|EN|0|or|||6500|0|0
6014|EN|0|are|||6014|0|0
5940|EN|0|be|||5940|0|0
5884|EN|0|hi|s||0|5884|0
5536|EN|0|what||'s|5351|0|185
5426|EN|0|who||'s|5371|0|55
5222|EN|0|blessed|||5222|0|0
5163|EN|0|you|||5163|0|0
5108|EN|0|by|||5108|0|0
4449|EN|0|ha|s||0|4449|0
4442|EN|0|when|||4442|0|0
3639|PI|0|dhamma|s|'s|3212|403|24
3606|EN|0|an|||3606|0|0
3476|EN|0|have|||3476|0|0
3462|EN|0|then|||3462|0|0
3413|EN|0|wa|s||0|3413|0
3382|EN|0|mind|s|'s|3237|143|2
3326|EN|0|said|||3326|0|0
3287|EN|0|will|s||3263|24|0
3254|EN|0|having|||3254|0|0
3232|EN|0|him|||3232|0|0
3069|EN|0|would|||3069|0|0
2921|EN|0|they|||2921|0|0
2789|EN|0|if|||2789|0|0
2782|EN|0|my|||2782|0|0
2758|EN|0|being|s|'s|1384|1366|8
2698|EN|0|come|s||1741|957|0
2685|EN|0|at|||2685|0|0
2642|EN|0|these|||2642|0|0
2636|EN|0|no|||2636|0|0
2530|EN|0|right|s||2526|4|0
2491|EN|0|way|s||2310|181|0
2490|EN|0|body||'s|2486|0|4
2408|EN|0|self||'s|2407|0|1
2340|EN|0|where|||2340|0|0
2262|EN|0|me|||2262|0|0
2233|EN|0|so|||2233|0|0
2231|EN|0|their|s||2221|10|0
2206|EN|0|life||'s|2204|0|2
2158|EN|0|feeling|s||1750|408|0
2128|EN|0|how|||2128|0|0
2103|EN|0|venerable|s||2099|4|0
2088|EN|0|but|||2088|0|0
2084|EN|0|should|||2084|0|0
2076|EN|0|perception|s||1802|274|0
2061|EN|0|which|||2061|0|0
2038|EN|0|person|s|'s|1847|55|136
2034|EN|0|now||'s|2033|0|1
1983|EN|0|those|||1983|0|0
1982|EN|0|form|s||1339|643|0
1979|EN|0|were|||1979|0|0
1943|EN|0|brahman|s|'s|958|981|4
1943|EN|0|case|s||1922|21|0
1893|EN|0|world|s|'s|1836|46|11
1871|EN|0|pleasure|s||1709|162|0
1859|EN|0|cessation|s||1855|4|0
1796|EN|0|all|||1796|0|0
1767|EN|0|through|||1767|0|0
1763|EN|0|after|||1763|0|0
1752|EN|0|lord|s||1746|6|0
1737|EN|0|contemplative|s|'s|885|828|24
1716|EN|0|consciousness|||1716|0|0
1706|EN|0|death|s|'s|1697|1|8
1698|EN|0|them|||1698|0|0
1677|EN|0|do|||1677|0|0
1672|EN|0|such|||1672|0|0
1667|EN|0|noble|s||1653|14|0
1643|EN|0|doesn't|||1643|0|0
1640|EN|0|into|||1640|0|0
1620|EN|0|other|s|'s|843|763|14
1612|EN|0|well|||1612|0|0
1607|EN|0|say|s||1377|230|0
1604|EN|0|qualities|||1604|0|0
1578|EN|0|doe|s||0|1578|0
1565|EN|0|remain|s||456|1109|0
1523|EN|0|see|s||1042|481|0
1495|EN|0|without|||1495|0|0
1490|EN|0|stress||'s|1488|0|2
1466|EN|0|thought|s||1145|321|0
1454|EN|0|up|||1454|0|0
1449|EN|0|friend|s||911|538|0
1449|EN|0|great|||1449|0|0
1446|EN|0|out|||1446|0|0
1389|EN|0|thus|||1389|0|0
1375|EN|0|nor|||1375|0|0
1372|EN|0|pain|s||1233|139|0
1371|EN|0|down|||1371|0|0
1370|PI|0|deva|s|'s|289|1049|32
1352|EN|0|time|s||1246|106|0
1335|EN|0|discern|s||377|958|0
1321|EN|0|four|s||1315|6|0
1305|EN|0|don't|||1305|0|0
1304|EN|0|like|s||1245|59|0
1301|EN|0|view|s||867|434|0
1300|EN|0|any|||1300|0|0
1300|EN|0|here||'s|1299|0|1
1279|EN|0|good|s||1257|22|0
1252|PI|1|tathāgata|s|'s|1152|27|73
1237|EN|0|regard|s||1201|36|0
1215|EN|0|your|s||1134|81|0
1205|EN|0|himself|||1205|0|0
1190|EN|0|gone|||1190|0|0
1183|EN|0|know|s||827|356|0
1180|EN|0|five|s||1177|3|0
1174|PI|0|sutta|s||1152|22|0
1170|EN|0|fabrication|s||272|898|0
1168|EN|0|discernment|||1168|0|0
1156|EN|0|go|||1156|0|0
1146|EN|0|awareness|||1146|0|0
1129|EN|0|just|||1129|0|0
1119|EN|0|went|||1119|0|0
1091|EN|0|away|||1091|0|0
1083|EN|0|been|||1083|0|0
1078|EN|0|practice|s||879|199|0
1073|EN|0|three|s||1070|3|0
1072|EN|0|disciple|s||633|439|0
1065|EN|0|effluent|s||278|787|0
1039|EN|0|mindfulness|||1039|0|0
1034|EN|0|neither|||1034|0|0
1022|EN|0|am|||1022|0|0
1010|PI|0|gotama|s|'s|971|1|38
1008|EN|0|long|s||996|12|0
1002|PI|1|nikāya|||1002|0|0
1000|EN|0|man||'s|980|0|20
992|EN|0|action|s|'s|619|372|1
991|EN|0|knowledge|s||946|45|0
989|EN|0|king|s|'s|739|124|126
988|EN|0|heard|||988|0|0
973|EN|0|may|||973|0|0
963|EN|0|same|||963|0|0
958|EN|0|birth|s||905|53|0
958|EN|0|non|||958|0|0
950|EN|0|passion|s||927|23|0
946|EN|0|occasion|s||936|10|0
942|EN|0|concentration|s||938|4|0
941|EN|0|craving|s||924|17|0
940|EN|0|contact|s||896|44|0
931|PI|1|ānanda||'s|924|0|7
930|EN|0|rightly|||930|0|0
928|EN|0|master|s|'s|893|33|2
924|EN|0|even|||924|0|0
919|EN|0|evil|s|'s|914|4|1
917|EN|0|whatever||'s|913|0|4
914|EN|0|we|||914|0|0
906|EN|0|near|||906|0|0
904|EN|0|holy|||904|0|0
904|EN|0|path|s||894|10|0
901|EN|0|clinging|s||880|21|0
898|EN|0|further|||898|0|0
893|EN|0|eye|s||712|181|0
888|EN|0|mental|||888|0|0
887|EN|0|side|s||821|66|0
883|EN|0|many|||883|0|0
882|EN|0|born|||882|0|0
877|EN|0|inconstant|||877|0|0
868|EN|0|endowed|||868|0|0
863|EN|0|becoming|s|'s|838|23|2
862|EN|0|sensuality||'s|860|0|2
859|EN|0|made|||859|0|0
853|EN|0|exist|s||543|310|0
853|EN|0|people||'s|848|0|5
834|EN|0|another||'s|821|0|13
834|EN|0|release|s||828|6|0
828|EN|0|called|||828|0|0
828|EN|0|had|||828|0|0
824|EN|0|condition|s||646|178|0
823|EN|0|thing|s||252|571|0
818|EN|0|arise|s||361|457|0
814|EN|0|arrival|||814|0|0
810|EN|0|sitting|||810|0|0
809|EN|0|why|||809|0|0
803|EN|0|abandoning|||803|0|0
798|EN|0|seeing|||798|0|0
796|EN|0|abandoned|||796|0|0
794|EN|0|desire|s||705|89|0
793|EN|0|water|s|'s|766|26|1
782|EN|0|because|||782|0|0
777|EN|0|food|s||750|27|0
776|EN|0|released|||776|0|0
773|EN|0|leading|||773|0|0
767|EN|0|awakened|||767|0|0
766|EN|0|knowing|||766|0|0
755|EN|0|free|s||754|1|0
754|EN|0|forth|||754|0|0
754|EN|0|sense|s||588|166|0
751|EN|0|about|||751|0|0
751|EN|0|dimension|s||723|28|0
750|EN|0|awakening|||750|0|0
742|EN|0|human|||742|0|0
727|EN|0|householder|s|'s|458|199|70
719|EN|0|sat|||719|0|0
715|EN|0|over|||715|0|0
713|PI|1|jhāna|s||660|53|0
707|EN|0|live|s||359|348|0
706|EN|0|known|||706|0|0
705|EN|0|factor|s||454|251|0
701|EN|0|robe|s||404|297|0
698|EN|0|make|s||452|246|0
697|EN|0|requisite|s||553|144|0
696|EN|0|enter|s||200|496|0
695|EN|0|origination|||695|0|0
694|EN|0|virtue|s||639|55|0
685|EN|0|ending|||685|0|0
682|EN|0|done|||682|0|0
681|PI|1|saṅgha|s||678|3|0
677|EN|0|both|||677|0|0
677|EN|0|dwell|s||357|320|0
671|EN|0|day|s|'s|492|133|46
668|EN|0|too|||668|0|0
662|EN|0|teacher|s|'s|538|52|72
659|EN|0|yet|||659|0|0
657|EN|0|future|s||656|1|0
653|EN|0|staying|||653|0|0
641|EN|0|living|||641|0|0
639|EN|0|gain|s||387|252|0
636|EN|0|think|s||555|81|0
633|EN|0|become|s||395|238|0
630|EN|0|cause|s||572|58|0
629|EN|0|unskillful|||629|0|0
625|EN|0|two|s||621|4|0
621|EN|0|skillful|||621|0|0
616|EN|0|six|||616|0|0
615|EN|0|can|||615|0|0
609|EN|0|dwelling|s||474|135|0
609|EN|0|off|||609|0|0
607|PI|1|sāvatthī|||607|0|0
605|EN|0|word|s||70|535|0
604|EN|0|first|||604|0|0
603|PI|1|sāriputta||'s|567|0|36
601|EN|0|arisen|||601|0|0
599|EN|0|rapture|||599|0|0
596|EN|0|speak|s||361|235|0
595|EN|0|some|||595|0|0
593|EN|0|cosmos|||593|0|0
592|EN|0|certain|||592|0|0
581|EN|0|train|s||281|300|0
572|EN|0|only|||572|0|0
569|EN|0|end|s||556|13|0
567|EN|0|wrong|s||565|2|0
564|EN|0|state|s||464|100|0
561|EN|0|among|||561|0|0
560|EN|0|mindful|||560|0|0
560|EN|0|unbinding|||560|0|0
557|EN|0|alms|||557|0|0
557|EN|0|speech|||557|0|0
555|PI|1|brahmā|s|'s|404|96|55
554|EN|0|individual|s||441|113|0
553|EN|0|tell|s||524|29|0
553|EN|0|whose|||553|0|0
550|EN|0|attained|||550|0|0
547|EN|0|aversion|s||546|1|0
547|EN|0|more|||547|0|0
546|EN|0|delight|s||421|125|0
545|EN|0|developed|||545|0|0
541|EN|0|past|s||540|1|0
541|EN|0|training|s||521|20|0
540|EN|0|might|||540|0|0
540|EN|0|nothing||'s|539|0|1
535|EN|0|again|||535|0|0
534|EN|0|property|||534|0|0
532|EN|0|subject|s||526|6|0
527|EN|0|passing|||527|0|0
527|EN|0|taking|||527|0|0
525|EN|0|seven|s||522|3|0
524|EN|0|very|||524|0|0
519|EN|0|given|||519|0|0
517|EN|0|take|s||333|184|0
516|EN|0|distress|||516|0|0
512|EN|0|intellect||'s|509|0|3
507|EN|0|true|||507|0|0
506|EN|0|delusion|s|'s|503|2|1
504|EN|0|conduct|s||485|19|0
502|EN|0|asked|||502|0|0
495|EN|0|ear|s||460|35|0
490|EN|0|consummate|||490|0|0
490|EN|0|seen|||490|0|0
487|EN|0|second|s||486|1|0
484|EN|0|far|||484|0|0
483|EN|0|aging|||483|0|0
482|EN|0|lead|s||255|227|0
482|EN|0|own|||482|0|0
479|EN|0|fruit|s||392|87|0
479|EN|0|reference|||479|0|0
474|EN|0|conviction|s|'s|471|2|1
471|EN|0|seclusion|||471|0|0
470|EN|0|thinking|||470|0|0
468|EN|0|give|s||255|213|0
466|EN|0|bodily|||466|0|0
466|EN|0|ye|s||0|466|0
464|EN|0|forest|s|'s|449|14|1
464|PI|1|saṁyutta|||464|0|0
463|EN|0|faculty|||463|0|0
460|EN|0|son|s|'s|360|95|5
459|PI|1|māra|s|'s|285|74|100
458|EN|0|lower|||458|0|0
458|EN|0|suffering|s||453|5|0
457|EN|0|bowed|||457|0|0
457|EN|0|sensual|||457|0|0
456|EN|0|arising|s||455|1|0
450|EN|0|equanimity|||450|0|0
450|EN|0|going|||450|0|0
450|EN|0|worthy|||450|0|0
448|EN|0|grow|s||210|238|0
444|EN|0|while|||444|0|0
441|EN|0|get|s||299|142|0
440|EN|0|aggregate|s||254|186|0
440|EN|0|line|s||356|84|0
440|EN|0|result|s||290|150|0
436|EN|0|alert|||436|0|0
435|EN|0|dependent|s||432|3|0
434|EN|0|third|||434|0|0
433|EN|0|name|s||423|10|0
432|EN|0|directed|||432|0|0
429|EN|0|sir|s||364|65|0
428|EN|0|grove|s||423|5|0
428|EN|0|home|s||382|46|0
427|EN|0|ignorance|||427|0|0
426|EN|0|sound|s||170|256|0
426|EN|0|standing|||426|0|0
424|EN|0|her|||424|0|0
422|EN|0|coming|||422|0|0
422|EN|0|effort|s||402|20|0
422|EN|0|truth|s||352|70|0
421|EN|0|develop|s||198|223|0
420|PI|1|aṅguttara|||420|0|0
419|EN|0|question|s||303|116|0
418|EN|0|meaning|s||417|1|0
413|EN|0|fire|s||403|10|0
409|EN|0|destination|s|'s|363|45|1
408|EN|0|hell|s||395|13|0
407|EN|0|night|s||382|25|0
406|EN|0|sort|s||342|64|0
404|EN|0|clear|s||400|4|0
404|EN|0|totally|||404|0|0
403|EN|0|break|s||386|17|0
401|EN|0|present|s||399|2|0
400|EN|0|elephant|s|'s|263|103|34
400|EN|0|large|||400|0|0
400|EN|0|persistence|||400|0|0
399|EN|0|wilderness|||399|0|0
397|EN|0|occur|s||213|184|0
396|EN|0|than|||396|0|0
395|EN|0|head|s||313|82|0
394|EN|0|let|s|'s|342|15|37
391|EN|0|idea|s||94|297|0
390|EN|0|lay|s||387|3|0
388|EN|0|fetter|s||173|215|0
383|EN|0|sorrow|s||309|74|0
381|EN|0|back|s||335|46|0
381|EN|0|she||'s|374|0|7
379|EN|0|direct|s||328|51|0
379|EN|0|much|||379|0|0
379|EN|0|pleasant|||379|0|0
378|EN|0|ended|||378|0|0
377|EN|0|seat|s||293|84|0
375|EN|0|tree|s||331|44|0
374|EN|0|heart|s|'s|330|35|9
374|EN|0|mean|s||19|355|0
374|EN|0|resolve|s||262|112|0
374|EN|0|stressful|||374|0|0
371|EN|0|term|s||108|263|0
369|PI|0|kamma|||369|0|0
369|2E|0|percipient|||369|0|0
367|EN|0|pure|||367|0|0
365|EN|0|focused|||365|0|0
365|EN|0|village|s||314|51|0
364|2P|0|buddha|s|'s|300|16|48
364|EN|0|ground|s||194|170|0
363|EN|0|follower|s||208|155|0
359|EN|0|benefit|s||326|33|0
359|EN|0|evaluation|s||263|96|0
358|EN|0|earth||'s|357|0|1
358|EN|0|greed|s||356|2|0
358|EN|0|isn't|||358|0|0
358|EN|0|via|||358|0|0
358|EN|0|vision|||358|0|0
358|EN|0|within|||358|0|0
357|EN|0|still|s||356|1|0
357|EN|0|teaching|s|'s|222|133|2
356|EN|0|abandon|s||229|127|0
356|EN|0|lack|s||352|4|0
354|EN|0|themselves|||354|0|0
351|EN|0|directly|||351|0|0
351|EN|0|place|s||303|48|0
349|EN|0|bad|||349|0|0
348|EN|0|drawback|s||145|203|0
346|EN|0|happiness|||346|0|0
346|EN|0|tongue|||346|0|0
345|EN|0|mine|||345|0|0
344|EN|0|infinitude|||344|0|0
344|EN|0|under|||344|0|0
343|EN|0|our|s||337|6|0
342|EN|0|teach|||342|0|0
341|EN|0|verbal|||341|0|0
339|EN|0|hand|s||166|173|0
338|EN|0|could|||338|0|0
338|EN|0|nose|s||334|4|0
336|EN|0|root|s||276|60|0
334|EN|0|goes|||334|0|0
334|EN|0|suppose|s||321|13|0
332|EN|0|addressed|||332|0|0
332|EN|0|experienced|||332|0|0
329|EN|0|painful|||329|0|0
327|EN|0|breathe|s||307|20|0
324|EN|0|dear|s||319|5|0
324|EN|0|experience|s||219|105|0
324|EN|0|mother|s|'s|268|8|48
323|EN|0|admirable|||323|0|0
323|EN|0|beyond|||323|0|0
323|EN|0|keep|s||143|180|0
323|EN|0|together|||323|0|0
322|EN|0|development|s||318|4|0
321|EN|0|dependence|||321|0|0
321|EN|0|internal|||321|0|0
321|EN|0|joy|s||317|4|0
321|EN|0|quality|||321|0|0
321|EN|0|want|s||174|147|0
320|EN|0|escape|||320|0|0
320|EN|0|fourth|||320|0|0
320|EN|0|hundred|s||261|59|0
320|EN|0|realized|||320|0|0
319|EN|0|taught|||319|0|0
318|EN|0|extent|s||317|1|0
317|EN|0|hold|s||225|92|0
317|EN|0|sake|||317|0|0
316|EN|0|attention|||316|0|0
316|EN|0|space|||316|0|0
314|EN|0|integrity||'s|311|0|3
313|EN|0|power|s||275|38|0
312|EN|0|pursued|||312|0|0
312|EN|0|set|s||282|30|0
310|EN|0|greeting|s||1|309|0
310|EN|0|reason|s||281|29|0
308|EN|0|hard|||308|0|0
307|EN|0|abstain|s||43|264|0
307|PI|0|arahant|s||187|120|0
307|EN|0|merit|s|'s|297|8|2
307|EN|0|wanderer|s|'s|137|164|6
306|EN|0|eight|s||299|7|0
305|EN|0|feel|s||106|199|0
305|EN|0|making|||305|0|0
304|EN|0|respect|s||297|7|0
303|EN|0|despair|s||243|60|0
303|EN|0|goal|s|'s|299|3|1
303|EN|0|meal|s||262|41|0
303|EN|0|realm|s||233|70|0
302|EN|0|along|||302|0|0
302|EN|0|ardent|||302|0|0
300|EN|0|wealth|||300|0|0
299|EN|0|complete|||299|0|0
297|EN|0|alone|||297|0|0
295|EN|0|lie|s||113|182|0
294|EN|0|before|||294|0|0
293|2E|0|cognizable|||293|0|0
292|EN|0|concentrated|||292|0|0
292|EN|0|misconduct|||292|0|0
291|EN|0|faculties|||291|0|0
291|PI|0|vinaya|||291|0|0
290|EN|0|entered|||290|0|0
290|EN|0|occurred|||290|0|0
289|EN|0|bowl|s||255|34|0
288|EN|0|anyone||'s|280|0|8
288|EN|0|old|||288|0|0
287|EN|0|excellent|||287|0|0
287|EN|0|gift|s||154|133|0
286|EN|0|purity||'s|282|0|4
286|EN|0|wise|||286|0|0
285|EN|0|refuge|||285|0|0
284|EN|0|run|s||250|34|0
284|EN|0|sustenance|s||281|3|0
284|EN|0|wish|||284|0|0
283|EN|0|disenchanted|||283|0|0
283|EN|0|stand|s||142|141|0
282|EN|0|established|||282|0|0
282|EN|0|saying|s||279|3|0
282|EN|0|white|||282|0|0
281|EN|0|cut|s||277|4|0
281|EN|0|monastery|||281|0|0
278|EN|0|calm|||278|0|0
278|EN|0|sensation|s||67|211|0
278|EN|0|tactile|||278|0|0
277|EN|0|answer|s||247|30|0
276|EN|0|secluded|||276|0|0
275|EN|0|cease|s||126|149|0
275|EN|0|strength|s||231|44|0
274|EN|0|dispassion|||274|0|0
273|EN|0|wandering|||273|0|0
272|EN|0|lamentation|s|'s|222|49|1
271|EN|0|change|s||251|20|0
271|EN|0|exertion|s||241|30|0
270|EN|0|saw|||270|0|0
270|EN|0|wind|s||237|33|0
269|EN|0|arose|||269|0|0
268|EN|0|talk|s||241|27|0
268|EN|0|ten|s||263|5|0
267|EN|0|grass|||267|0|0
266|EN|0|once|||266|0|0
265|2E|0|heartwood|||265|0|0
262|EN|0|offering|s||58|204|0
262|EN|0|though|||262|0|0
261|EN|0|companion|s||63|198|0
260|EN|0|abiding|s||239|21|0
259|EN|0|left|||259|0|0
259|EN|0|reappear|s||134|125|0
257|EN|0|next|||257|0|0
257|EN|0|welfare|||257|0|0
256|PI|1|mahā|||256|0|0
254|EN|0|act|s||161|93|0
254|EN|0|danger|s||211|43|0
254|EN|0|doing|||254|0|0
254|EN|0|unexcelled|||254|0|0
253|PI|1|anāthapiṇḍika||'s|67|0|186
253|EN|0|re|||253|0|0
252|EN|0|divine|||252|0|0
251|EN|0|media|||251|0|0
250|EN|0|anything|||250|0|0
250|EN|0|fall|s||164|86|0
246|EN|0|around|||246|0|0
246|EN|0|praise|s||236|10|0
246|EN|0|unbound|||246|0|0
245|EN|0|didn't|||245|0|0
245|EN|0|pleasing|||245|0|0
244|EN|0|livelihood|||244|0|0
242|EN|0|type|s||93|149|0
241|EN|0|bright|||241|0|0
241|EN|0|homelessness|||241|0|0
241|EN|0|restraint|||241|0|0
240|EN|0|purified|||240|0|0
239|EN|0|agreeable|||239|0|0
239|EN|0|sensitive|||239|0|0
238|EN|0|us|||238|0|0
236|EN|0|statement|s||219|17|0
236|EN|0|understand|s||221|15|0
236|EN|0|warrior|s||146|90|0
235|EN|0|responded|||235|0|0
234|EN|0|ask|s||204|30|0
234|EN|0|supreme|||234|0|0
233|EN|0|amazing|||233|0|0
233|EN|0|practicing|||233|0|0
232|EN|0|whoever||'s|228|0|4
231|EN|0|flavor|s||72|159|0
231|EN|0|verse|s||130|101|0
231|EN|0|yourself|||231|0|0
229|EN|0|overcome|s||222|7|0
229|EN|0|pay|s||200|29|0
227|EN|0|aroma|s||63|164|0
226|EN|0|eternal|||226|0|0
226|EN|0|transcending|||226|0|0
225|EN|0|assume|s||107|118|0
225|EN|0|found|||225|0|0
224|EN|0|disease|s||197|27|0
224|EN|0|eon|s||95|129|0
224|EN|0|possible|||224|0|0
224|EN|0|realizing|||224|0|0
224|EN|0|theme|s||185|39|0
224|EN|0|year|s||27|197|0
223|EN|0|attend|s||138|85|0
223|EN|0|gratified|||223|0|0
223|EN|0|phenomena|||223|0|0
223|EN|0|whom|||223|0|0
222|EN|0|declare|s||187|35|0
222|EN|0|toward|||222|0|0
221|EN|0|nun|s|'s|122|98|1
221|EN|0|put|s||185|36|0
220|PI|0|jeta||'s|0|0|220
219|EN|0|declared|||219|0|0
219|PI|1|nigaṇṭha|s||150|69|0
218|EN|0|destroyed|||218|0|0
218|EN|0|feet|||218|0|0
218|EN|0|heedful|||218|0|0
218|EN|0|play|s||213|5|0
217|EN|0|astounding|||217|0|0
217|EN|0|middle|||217|0|0
217|EN|0|plane|s||195|22|0
216|EN|0|breathing|||216|0|0
216|EN|0|disappearance|||216|0|0
216|EN|0|foremost|||216|0|0
216|EN|0|hair|s||194|22|0
215|EN|0|affliction|s||199|16|0
215|EN|0|presence|||215|0|0
214|EN|0|attainment|s||172|42|0
214|EN|0|changeable|||214|0|0
214|EN|0|entire|||214|0|0
214|PI|0|sakyan|s|'s|128|83|3
213|EN|0|delighting|||213|0|0
213|EN|0|obsession|s||162|51|0
212|EN|0|stay|s||156|56|0
211|EN|0|confidence|||211|0|0
211|EN|0|follow|s||129|82|0
211|EN|0|subduing|||211|0|0
210|EN|0|fear|s||200|10|0
210|EN|0|practiced|||210|0|0
210|EN|0|whether|||210|0|0
209|EN|0|discerning|||209|0|0
209|EN|0|town|s||167|42|0
207|EN|0|bring|s||89|118|0
207|EN|0|group|s||180|27|0
207|EN|0|nothingness|||207|0|0
206|EN|0|accordance|||206|0|0
206|EN|0|dark|||206|0|0
206|EN|0|enough|||206|0|0
205|EN|0|last|s||203|2|0
205|EN|0|remember|s||185|20|0
205|EN|0|sublime|||205|0|0
204|EN|0|reward|s||154|50|0
203|EN|0|cloth|s||191|12|0
203|EN|0|every|||203|0|0
203|EN|0|little|||203|0|0
201|EN|0|empty|||201|0|0
201|EN|0|instructed|||201|0|0
200|EN|0|also|||200|0|0
200|EN|0|alterable|||200|0|0
200|EN|0|open|s||193|7|0
200|EN|0|strong|||200|0|0
199|EN|0|face|s||150|49|0
199|EN|0|infinite|||199|0|0
199|EN|0|task|s||196|3|0
198|EN|0|full|||198|0|0
198|EN|0|mountain|s||135|63|0
197|EN|0|call|s||153|44|0
197|EN|0|deprivation|||197|0|0
196|EN|0|decline|||196|0|0
195|EN|0|drink|s||166|29|0
194|EN|0|constant|||194|0|0
194|EN|0|father|s|'s|160|21|13
194|EN|0|itself|||194|0|0
193|EN|0|aroused|||193|0|0
193|EN|0|never|||193|0|0
192|EN|0|lodging|s||84|108|0
191|EN|0|based|||191|0|0
191|EN|0|giving|||191|0|0
191|EN|0|homage|||191|0|0
191|EN|0|mas|s||0|191|0
190|EN|0|animal|s||145|45|0
190|EN|0|increase|s||172|18|0
190|EN|0|resolute|||190|0|0
189|EN|0|elder|s||154|35|0
189|EN|0|ocean|s|'s|173|12|4
188|EN|0|listen|s||171|17|0
187|EN|0|formless|||187|0|0
187|EN|0|kind|s||25|162|0
187|EN|0|simply|||187|0|0
186|EN|0|appear|s||109|77|0
186|EN|0|stream|s||174|12|0
186|EN|0|young|||186|0|0
185|EN|0|light|s||182|3|0
184|EN|0|bliss|||184|0|0
184|PI|1|moggallāna||'s|182|0|2
184|EN|0|myself|||184|0|0
183|EN|0|illness|||183|0|0
182|EN|0|allure|||182|0|0
182|EN|0|distinction|s||166|16|0
182|EN|0|flesh|||182|0|0
181|EN|0|appeared|||181|0|0
181|EN|0|attaining|||181|0|0
181|EN|0|proclaim|s||153|28|0
180|EN|0|growth|||180|0|0
180|EN|0|intention|s||169|11|0
180|EN|0|sympathy|||180|0|0
179|EN|0|family|||179|0|0
179|EN|0|often|||179|0|0
179|EN|0|uncertainty|||179|0|0
178|EN|0|acquisition|s||77|101|0
178|EN|0|either|||178|0|0
178|EN|0|existing|||178|0|0
177|EN|0|fulfilled|||177|0|0
177|EN|0|heavenly|||177|0|0
176|EN|0|disagreeable|||176|0|0
176|2E|0|equanimous|||176|0|0
176|EN|0|heightened|||176|0|0
176|EN|0|outer|||176|0|0
176|EN|0|poison|s||174|2|0
176|EN|0|proper|||176|0|0
175|EN|0|defilement|s||121|54|0
175|EN|0|headed|||175|0|0
175|EN|0|heedfulness|||175|0|0
175|EN|0|peace|||175|0|0
174|EN|0|anger|s|'s|172|1|1
174|EN|0|battle|s||154|20|0
174|EN|0|beautiful|||174|0|0
174|EN|0|rain|s||105|69|0
173|EN|0|clan|s||170|3|0
173|EN|0|doctrine|s||143|30|0
173|EN|0|eightfold|||173|0|0
172|EN|0|incapable|||172|0|0
171|EN|0|otherwise|||171|0|0
171|EN|0|realization|s||169|2|0
171|EN|0|return|s||128|43|0
171|EN|0|thousand|s||119|52|0
171|EN|0|wouldn't|||171|0|0
170|EN|0|arrow|s||135|35|0
170|EN|0|deed|s||88|82|0
170|EN|0|deserving|||170|0|0
170|EN|0|leave|s||61|109|0
170|EN|0|returning|||170|0|0
170|EN|0|show|s||123|47|0
169|EN|0|carrying|||169|0|0
169|EN|0|delighted|||169|0|0
169|EN|0|devoted|||169|0|0
169|EN|0|speaking|||169|0|0
168|EN|0|eat|s||119|49|0
168|EN|0|told|||168|0|0
167|EN|0|arrived|||167|0|0
167|EN|0|external|||167|0|0
167|EN|0|most|||167|0|0
165|EN|0|ease|||165|0|0
165|EN|0|los|s||0|165|0
165|EN|0|morning|||165|0|0
165|EN|0|sage|s|'s|154|10|1
164|EN|0|attain|s||85|79|0
164|EN|0|expected|||164|0|0
164|EN|0|goodwill|||164|0|0
164|EN|0|shore|||164|0|0
164|EN|0|yourselves|||164|0|0
163|EN|0|easy|||163|0|0
163|EN|0|superior|s||161|2|0
162|EN|0|direction|s||109|53|0
162|EN|0|else||'s|154|0|8
162|EN|0|hear|s||117|45|0
161|EN|0|fading|||161|0|0
161|EN|0|fool|s|'s|107|52|2
161|EN|0|internally|||161|0|0
159|EN|0|friendly|||159|0|0
159|EN|0|river|s||122|37|0
158|EN|0|fabricated|||158|0|0
158|EN|0|possessed|||158|0|0
158|EN|0|red|||158|0|0
158|EN|0|teaches|||158|0|0
158|EN|0|virtuous|||158|0|0
157|EN|0|behind|||157|0|0
157|EN|0|getting|||157|0|0
157|EN|0|perceiving|||157|0|0
157|PI|1|rājagaha|||157|0|0
156|EN|0|conceit|s||155|1|0
156|EN|0|destined|||156|0|0
156|EN|0|exchange|||156|0|0
156|EN|0|got|||156|0|0
156|EN|0|intent|||156|0|0
156|EN|0|reasoning|||156|0|0
156|EN|0|renunciation|||156|0|0
156|EN|0|stick|s||98|58|0
155|EN|0|hearing|||155|0|0
155|EN|0|influence|s||146|9|0
154|EN|0|accompanied|||154|0|0
154|EN|0|consummation|||154|0|0
154|EN|0|royal|||154|0|0
154|EN|0|shouldn't|||154|0|0
154|EN|0|woman||'s|152|0|2
153|EN|0|assembly|||153|0|0
153|EN|0|courtesies|||153|0|0
153|EN|0|gold|||153|0|0
153|EN|0|step|s||144|9|0
153|EN|0|taken|||153|0|0
152|EN|0|bone|s||89|63|0
152|EN|0|externally|||152|0|0
152|EN|0|held|||152|0|0
151|EN|0|enjoy|s||81|70|0
151|EN|0|heedless|||151|0|0
151|EN|0|impossible|||151|0|0
151|EN|0|observant|||151|0|0
151|EN|0|yoke|s||143|8|0
150|EN|0|close|||150|0|0
150|EN|0|describe|s||117|33|0
150|EN|0|harm|s||143|7|0
149|EN|0|courteous|||149|0|0
149|EN|0|fit|||149|0|0
149|EN|0|relative|s||7|142|0
149|EN|0|steadfast|||149|0|0
149|EN|0|work|s||140|9|0
148|EN|0|discerned|||148|0|0
148|EN|0|dispute|s||93|55|0
148|EN|0|stilling|||148|0|0
147|EN|0|deathless|||147|0|0
147|EN|0|engage|s||71|76|0
147|EN|0|establishing|s||40|107|0
147|EN|0|exchanged|||147|0|0
147|EN|0|hindrance|s||50|97|0
147|EN|0|restrained|||147|0|0
147|EN|0|tamed|||147|0|0
147|EN|0|total|||147|0|0
145|EN|0|better|||145|0|0
145|EN|0|hall|s||142|3|0
145|EN|0|surpassing|||145|0|0
144|EN|0|thirty|||144|0|0
144|EN|0|womb|s||133|11|0
143|EN|0|capable|||143|0|0
143|EN|0|crossed|||143|0|0
143|EN|0|freedom|||143|0|0
143|EN|0|highest|||143|0|0
143|EN|0|i'm|||143|0|0
143|EN|0|imbued|||143|0|0
143|EN|0|learned|||143|0|0
143|EN|0|refined|||143|0|0
142|EN|0|course|s||121|21|0
142|EN|0|detail|s||77|65|0
142|EN|0|entirely|||142|0|0
142|EN|0|higher|||142|0|0
142|EN|0|inner|||142|0|0
141|EN|0|attending|||141|0|0
141|EN|0|early|||141|0|0
141|PI|0|kassapa||'s|139|0|2
140|EN|0|common|||140|0|0
140|2E|0|gnosis|||140|0|0
140|EN|0|heedlessness|||140|0|0
140|EN|0|rule|s||29|111|0
139|EN|0|beginning|||139|0|0
139|EN|0|devoid|||139|0|0
139|EN|0|die|s||98|41|0
139|EN|0|lying|||139|0|0
139|EN|0|phenomenon|||139|0|0
139|EN|0|remaining|||139|0|0
139|EN|0|someone|||139|0|0
138|EN|0|conducive|||138|0|0
138|EN|0|eating|||138|0|0
138|EN|0|greater|||138|0|0
138|EN|0|laid|||138|0|0
138|EN|0|park|s||127|11|0
138|EN|0|reaching|||138|0|0
137|EN|0|fault|s||60|77|0
137|EN|0|part|s||116|21|0
137|EN|0|short|||137|0|0
137|EN|0|sit|s||67|70|0
137|EN|0|use|s||111|26|0
136|EN|0|cow|s|'s|92|41|3
136|EN|0|house|s||109|27|0
136|EN|0|magnificent|||136|0|0
136|EN|0|reached|||136|0|0
136|EN|0|single|||136|0|0
135|EN|0|community|||135|0|0
135|EN|0|confident|||135|0|0
135|EN|0|deer||'s|130|0|5
135|EN|0|gained|||135|0|0
135|EN|0|opening|s||119|16|0
135|PI|0|pasenadi||'s|132|0|3
134|EN|0|able|||134|0|0
134|EN|0|love|s||104|30|0
134|EN|0|purpose|||134|0|0
134|EN|0|sun|s||132|2|0
134|EN|0|various|||134|0|0
133|EN|0|falling|||133|0|0
133|EN|0|female|s||125|8|0
133|EN|0|nature|||133|0|0
133|EN|0|treasure|s||107|26|0
132|EN|0|between|||132|0|0
132|EN|0|connected|||132|0|0
132|EN|0|expounded|||132|0|0
132|EN|0|remained|||132|0|0
131|PI|0|cunda||'s|125|0|6
131|EN|0|horse|s||69|62|0
131|EN|0|wander|s||107|24|0
130|EN|0|can't|||130|0|0
130|EN|0|cross|||130|0|0
130|EN|0|darkness|||130|0|0
130|EN|0|identification|||130|0|0
130|EN|0|later|||130|0|0
130|EN|0|rise|s||114|16|0
130|EN|0|unattained|||130|0|0
129|EN|0|endearing|||129|0|0
129|EN|0|find|s||87|42|0
129|EN|0|men|||129|0|0
129|EN|0|undertaken|||129|0|0
129|EN|0|won't|||129|0|0
128|EN|0|color|s||126|2|0
128|EN|0|freed|||128|0|0
128|EN|0|heat|||128|0|0
128|EN|0|high|||128|0|0
128|EN|0|multiplicity|||128|0|0
128|EN|0|sect|s||14|114|0
127|EN|0|blue|||127|0|0
127|EN|0|forward|||127|0|0
127|EN|0|fully|||127|0|0
127|EN|0|lived|||127|0|0
127|EN|0|point|s||95|32|0
127|EN|0|sick|||127|0|0
126|EN|0|habit|s||31|95|0
126|EN|0|look|s||103|23|0
126|EN|0|palm|s||123|3|0
125|EN|0|above|||125|0|0
125|EN|0|appearance|s||123|2|0
125|EN|0|realize|s||106|19|0
125|EN|0|search|||125|0|0
124|EN|0|field|s||100|24|0
124|EN|0|immeasurable|s||122|2|0
124|EN|0|lost|||124|0|0
124|EN|0|month|s|'s|54|69|1
124|EN|0|stood|||124|0|0
123|EN|0|assurance|s||119|4|0
123|EN|0|skin|s||117|6|0
122|EN|0|adjusted|||122|0|0
122|EN|0|air|||122|0|0
122|EN|0|earlier|||122|0|0
122|EN|0|household|s||120|2|0
122|EN|0|mouth|||122|0|0
122|EN|0|something||'s|119|0|3
122|EN|0|worthless|||122|0|0
121|EN|0|bond|s||45|76|0
121|EN|0|following|||121|0|0
121|EN|0|named|||121|0|0
121|EN|0|string|s||13|108|0
120|EN|0|apart|||120|0|0
120|EN|0|immersed|||120|0|0
120|EN|0|inferior|||120|0|0
120|EN|0|turn|s||74|46|0
119|EN|0|base|s||44|75|0
119|EN|0|deep|||119|0|0
119|EN|0|number|s||109|10|0
119|EN|0|obtain|s||101|18|0
119|EN|0|reflect|s||55|64|0
118|EN|0|sloth|||118|0|0
117|EN|0|content|s||114|3|0
117|EN|0|oil|s||115|2|0
116|EN|0|came|||116|0|0
116|EN|0|exquisite|||116|0|0
116|EN|0|fever|s||82|34|0
116|EN|0|honor|s||112|4|0
116|PI|0|kosala||'s|114|0|2
116|EN|0|lamp|s||93|23|0
116|EN|0|round|||116|0|0
116|EN|0|subtle|||116|0|0
115|EN|0|arm|s||84|31|0
115|EN|0|died|||115|0|0
115|EN|0|fine|s||114|1|0
115|EN|0|foot|||115|0|0
115|EN|0|generation|s||96|19|0
115|EN|0|matter|s||105|10|0
115|EN|0|praised|||115|0|0
115|EN|0|sexual|||115|0|0
115|EN|0|truly|||115|0|0
115|EN|0|unarisen|||115|0|0
115|EN|0|unreached|||115|0|0
114|EN|0|nutriment|s||97|17|0
113|EN|0|approached|||113|0|0
113|EN|0|chariot|s||92|21|0
113|EN|0|charming|||113|0|0
113|EN|0|doubt|s||95|18|0
113|EN|0|new|s||112|1|0
112|EN|0|culmination|||112|0|0
112|EN|0|drowsiness|||112|0|0
112|PI|0|itivuttaka|||112|0|0
112|EN|0|mode|s||32|80|0
112|EN|0|moon|s||110|2|0
112|EN|0|reborn|||112|0|0
112|EN|0|sensing|||112|0|0
111|EN|0|aside|||111|0|0
111|EN|0|auspicious|||111|0|0
111|EN|0|gathered|||111|0|0
111|EN|0|male|s||105|6|0
111|EN|0|shame|||111|0|0
110|EN|0|against|||110|0|0
110|EN|0|behavior|||110|0|0
110|EN|0|breakup|||110|0|0
110|EN|0|compunction|||110|0|0
110|EN|0|disenchantment|||110|0|0
110|EN|0|each|||110|0|0
110|EN|0|finite|||110|0|0
110|EN|0|land|s||87|23|0
110|EN|0|peaceful|||110|0|0
110|EN|0|recollect|s||53|57|0
110|EN|0|wherever||'s|109|0|1
110|EN|0|yellow|||110|0|0
109|EN|0|dust|||109|0|0
109|EN|0|flood|s||88|21|0
109|EN|0|spoken|||109|0|0
109|EN|0|unrealized|||109|0|0
108|EN|0|described|||108|0|0
108|EN|0|exclaimed|||108|0|0
108|EN|0|manifold|||108|0|0
108|EN|0|meeting|s||104|4|0
108|EN|0|palace|s||102|6|0
108|EN|0|touch|||108|0|0
108|EN|0|touched|||108|0|0
108|EN|0|ugly|||108|0|0
107|PI|1|devatā|s||79|28|0
107|EN|0|entry|||107|0|0
107|EN|0|extreme|s||94|13|0
107|EN|0|fact|s||105|2|0
107|EN|0|looking|||107|0|0
107|EN|0|quickly|||107|0|0
107|EN|0|staple|s||106|1|0
107|EN|0|walking|||107|0|0
107|EN|0|wheel|s||87|20|0
107|EN|0|whenever|||107|0|0
106|EN|0|bed|s||77|29|0
106|EN|0|conversation|s||103|3|0
106|EN|0|inconstancy|||106|0|0
106|EN|0|scattered|||106|0|0
106|EN|0|tranquility|||106|0|0
105|EN|0|hatred|||105|0|0
105|PI|0|majjhima|||105|0|0
105|EN|0|rice|||105|0|0
105|EN|0|road|s||101|4|0
105|EN|0|therefore|||105|0|0
105|EN|0|whatsoever|||105|0|0
104|EN|0|focusing|||104|0|0
104|PI|1|kaccāna||'s|99|0|5
104|EN|0|message|s||92|12|0
104|EN|0|nine|s||101|3|0
104|EN|0|possessing|||104|0|0
104|EN|0|proclaimed|||104|0|0
104|EN|0|recited|||104|0|0
104|EN|0|sacrifice|s||77|27|0
104|PI|1|theragāthā|||104|0|0
104|EN|0|women||'s|94|0|10
103|EN|0|insight|||103|0|0
103|PI|1|raṭṭhapāla||'s|88|0|15
103|EN|0|silent|||103|0|0
102|EN|0|felt|||102|0|0
102|EN|0|limited|||102|0|0
102|EN|0|medicinal|||102|0|0
102|EN|0|prince|s|'s|98|3|1
102|EN|0|visible|||102|0|0
101|EN|0|appropriate|||101|0|0
101|EN|0|cleanse|s||12|89|0
101|EN|0|discussion|s||98|3|0
101|EN|0|firm|||101|0|0
101|EN|0|powerful|||101|0|0
101|PI|0|sakka||'s|95|0|6
100|2E|0|almsfood|||100|0|0
100|PI|1|bhāradvāja||'s|96|0|4
100|EN|0|cosmic|||100|0|0
100|EN|0|seed|s||70|30|0
100|EN|0|seeking|||100|0|0
100|EN|0|sphere|s||87|13|0
99|EN|0|answered|||99|0|0
99|PI|0|anuruddha|s|'s|67|27|5
99|EN|0|calmed|||99|0|0
99|EN|0|committed|||99|0|0
99|EN|0|fifth|||99|0|0
99|EN|0|heaven|s||86|13|0
99|EN|0|limb|s||12|87|0
99|PI|1|nāga|s|'s|69|22|8
99|EN|0|spread|s||93|6|0
99|EN|0|striving|||99|0|0
99|EN|0|watch|||99|0|0
98|EN|0|achieve|s||36|62|0
98|EN|0|always|||98|0|0
98|EN|0|broken|||98|0|0
98|EN|0|burn|s||53|45|0
98|EN|0|reveal|s||78|20|0
98|EN|0|taste|s||31|67|0
98|EN|0|today||'s|97|0|1
98|PI|1|udāyin||'s|94|0|4
98|EN|0|understood|||98|0|0
97|EN|0|carry|||97|0|0
97|EN|0|grasp|s||84|13|0
97|EN|0|however|||97|0|0
97|EN|0|instruction|s||78|19|0
97|EN|0|refrain|s||23|74|0
97|EN|0|support|s||92|5|0
97|EN|0|thoroughbred|s||90|7|0
97|EN|0|unsurpassed|||97|0|0
97|EN|0|welcome|s||66|31|0
96|EN|0|abode|s||55|41|0
96|PI|0|asura|s||9|87|0
96|EN|0|basis|||96|0|0
96|EN|0|became|||96|0|0
96|EN|0|burning|||96|0|0
96|EN|0|door|s||38|58|0
96|EN|0|faith|||96|0|0
96|EN|0|glow|s||95|1|0
96|EN|0|rest|||96|0|0
96|EN|0|skilled|||96|0|0
96|EN|0|trainer|s|'s|84|7|5
95|EN|0|brief|||95|0|0
95|EN|0|enlightened|||95|0|0
95|EN|0|indeed|||95|0|0
94|EN|0|beauty|||94|0|0
94|EN|0|blind|||94|0|0
94|EN|0|bondage|s||93|1|0
94|EN|0|carried|||94|0|0
94|EN|0|comprehended|||94|0|0
94|EN|0|conquered|||94|0|0
94|EN|0|everywhere|||94|0|0
94|EN|0|fill|s||55|39|0
94|EN|0|guard|s||56|38|0
94|EN|0|hope|s||76|18|0
94|EN|0|i'll|||94|0|0
94|EN|0|pervading|||94|0|0
94|EN|0|status|||94|0|0
94|EN|0|trouble|s||89|5|0
94|EN|0|unification|||94|0|0
93|EN|0|brought|||93|0|0
93|EN|0|fame|||93|0|0
93|EN|0|garland|s||23|70|0
93|EN|0|injurious|||93|0|0
93|EN|0|stump|s||88|5|0
92|EN|0|below|||92|0|0
92|EN|0|calming|s||91|1|0
92|EN|0|difficulty|||92|0|0
92|EN|0|pull|s||57|35|0
92|EN|0|range|s||82|10|0
92|EN|0|responding|||92|0|0
92|EN|0|sister|s||59|33|0
92|EN|0|trace|||92|0|0
91|EN|0|comprehension|||91|0|0
91|EN|0|hidden|||91|0|0
91|EN|0|incline|s||20|71|0
91|EN|0|likewise|||91|0|0
91|EN|0|lotus|||91|0|0
91|EN|0|putting|||91|0|0
91|EN|0|quite|||91|0|0
91|EN|0|snake|s|'s|79|7|5
91|EN|0|torment|s||7|84|0
91|PI|1|vesālī|||91|0|0
91|EN|0|wife|||91|0|0
90|EN|0|attachment|s||70|20|0
90|EN|0|blameless|||90|0|0
90|EN|0|chatter|||90|0|0
90|EN|0|child|||90|0|0
90|EN|0|element|s||26|64|0
90|EN|0|endure|s||68|22|0
90|EN|0|haven't|||90|0|0
90|EN|0|hungry|||90|0|0
90|EN|0|inwardly|||90|0|0
90|EN|0|pursue|s||52|38|0
90|EN|0|recollecting|||90|0|0
90|EN|0|restlessness|||90|0|0
90|EN|0|small|||90|0|0
90|EN|0|stinginess|||90|0|0
90|EN|0|unfabricated|||90|0|0
89|EN|0|bamboo|||89|0|0
89|EN|0|false|||89|0|0
89|EN|0|grieve|s||61|28|0
89|EN|0|penetrated|||89|0|0
89|EN|0|rod|s||78|11|0
89|EN|0|uninstructed|||89|0|0
88|EN|0|blood|||88|0|0
88|EN|0|discipline|s||86|2|0
88|EN|0|perfect|||88|0|0
88|EN|0|seer|s|'s|46|39|3
88|EN|0|singleness|||88|0|0
88|EN|0|straight|||88|0|0
87|EN|0|black|||87|0|0
87|EN|0|contemplation|||87|0|0
87|EN|0|deprived|||87|0|0
87|EN|0|feature|s||2|85|0
87|EN|0|fitting|||87|0|0
87|EN|0|ghost|s||0|87|0
87|EN|0|malleable|||87|0|0
87|EN|0|sign|s||29|58|0
86|EN|0|age|s||79|7|0
86|EN|0|cannot|||86|0|0
86|EN|0|co|||86|0|0
86|EN|0|enemy||'s|58|0|28
86|EN|0|idle|||86|0|0
86|EN|0|minister|s||25|61|0
86|EN|0|need|s||74|12|0
86|EN|0|oneself|||86|0|0
86|EN|0|sharp|||86|0|0
86|EN|0|snare|s||66|20|0
86|PI|1|udāna|||86|0|0
86|EN|0|worth|||86|0|0
85|EN|0|delightful|||85|0|0
85|EN|0|dispassionate|||85|0|0
85|EN|0|duties|||85|0|0
85|EN|0|emptiness|||85|0|0
85|EN|0|hostility|||85|0|0
85|EN|0|physical|||85|0|0
85|EN|0|piece|s||55|30|0
85|EN|0|shall|||85|0|0
85|EN|0|significance|||85|0|0
85|EN|0|steady|||85|0|0
85|EN|0|unblemished|||85|0|0
85|EN|0|unconcentrated|||85|0|0
85|EN|0|you're|||85|0|0
84|EN|0|analysis|||84|0|0
84|EN|0|bark|||84|0|0
84|EN|0|burden|s||79|5|0
84|EN|0|drop|s||51|33|0
84|EN|0|lake|s||55|29|0
84|EN|0|scent|s||21|63|0
84|EN|0|sensed|||84|0|0
84|EN|0|sword|s||51|33|0
84|EN|0|used|||84|0|0
84|EN|0|verified|||84|0|0
83|EN|0|blatant|||83|0|0
83|EN|0|disparage|s||48|35|0
83|EN|0|fettered|||83|0|0
83|EN|0|honored|||83|0|0
83|EN|0|knew|||83|0|0
83|EN|0|palmyra|||83|0|0
83|EN|0|terror|s||81|2|0
83|EN|0|undertook|||83|0|0
82|EN|0|ascetic|s|'s|43|35|4
82|EN|0|bound|s||80|2|0
82|EN|0|comfort|||82|0|0
82|EN|0|desiring|||82|0|0
82|EN|0|dry|||82|0|0
82|EN|0|east|||82|0|0
82|EN|0|liquid|s||81|1|0
82|PI|1|nāṭaputta||'s|78|0|4
82|EN|0|possibility|||82|0|0
82|EN|0|resistance|||82|0|0
81|EN|0|alertness|||81|0|0
81|EN|0|children||'s|79|0|2
81|EN|0|disappeared|||81|0|0
81|EN|0|divisive|||81|0|0
81|EN|0|evening|||81|0|0
81|EN|0|families|||81|0|0
81|EN|0|happy|||81|0|0
81|EN|0|harsh|||81|0|0
81|EN|0|les|s||0|81|0
81|EN|0|letting|||81|0|0
81|EN|0|medium|||81|0|0
81|EN|0|resulting|||81|0|0
81|EN|0|top|s||79|2|0
80|EN|0|anxiety|||80|0|0
80|EN|0|exert|s||36|44|0
80|EN|0|hunger|||80|0|0
80|EN|0|intoxicated|||80|0|0
80|EN|0|object|s||51|29|0
80|EN|0|pliant|||80|0|0
79|EN|0|actually|||79|0|0
79|PI|0|bodhisatta|s|'s|64|3|12
79|EN|0|leap|s||40|39|0
79|EN|0|milk|s||76|3|0
79|EN|0|remorse|||79|0|0
79|EN|0|sky|||79|0|0
79|EN|0|versed|||79|0|0
79|PI|0|yakkha|s||69|10|0
78|EN|0|appealing|||78|0|0
78|EN|0|appropriately|||78|0|0
78|EN|0|city|||78|0|0
78|EN|0|cling|s||54|24|0
78|EN|0|cutting|||78|0|0
78|EN|0|emerging|||78|0|0
78|EN|0|existence|||78|0|0
78|EN|0|fastened|||78|0|0
78|2E|0|objectification|s||76|2|0
78|EN|0|share|s||75|3|0
78|EN|0|shrine|s||63|15|0
78|EN|0|unbind|s||65|13|0
77|EN|0|dead|||77|0|0
77|EN|0|discourse|s||60|17|0
77|EN|0|equal|||77|0|0
77|EN|0|flow|s||69|8|0
77|EN|0|followed|||77|0|0
77|EN|0|front|||77|0|0
77|EN|0|obtained|||77|0|0
77|EN|0|peak|s||72|5|0
77|EN|0|please|||77|0|0
77|EN|0|turned|||77|0|0
76|EN|0|abundant|||76|0|0
76|EN|0|company|||76|0|0
76|EN|0|exhausted|||76|0|0
76|EN|0|independent|||76|0|0
76|EN|0|leg|s||2|74|0
76|PI|1|mahānāma|||76|0|0
76|PI|0|mallan|s||5|71|0
76|EN|0|provide|s||70|6|0
76|PI|0|uposatha|s||75|1|0
76|EN|0|vehicle|s||29|47|0
75|EN|0|bear|s||22|53|0
75|EN|0|beat|s||53|22|0
75|EN|0|bull|s|'s|61|13|1
75|EN|0|ceased|||75|0|0
75|EN|0|destruction|||75|0|0
75|EN|0|detailed|||75|0|0
75|EN|0|developing|||75|0|0
75|EN|0|expert|||75|0|0
75|EN|0|fierce|||75|0|0
75|EN|0|mastery|||75|0|0
75|EN|0|poor|||75|0|0
75|EN|0|ready|||75|0|0
75|EN|0|slave|s||32|43|0
74|EN|0|appearing|||74|0|0
74|EN|0|consider|s||22|52|0
74|EN|0|curing|||74|0|0
74|EN|0|daughter|s|'s|51|20|3
74|EN|0|displeasing|||74|0|0
74|EN|0|enticing|||74|0|0
74|EN|0|fellow|s||35|39|0
74|EN|0|gave|||74|0|0
74|EN|0|grasping|s||69|5|0
74|EN|0|protector|s||71|3|0
74|EN|0|reach|||74|0|0
74|EN|0|shoulder|s||46|28|0
74|EN|0|sympathetic|||74|0|0
74|EN|0|touching|||74|0|0
74|EN|0|upper|||74|0|0
73|EN|0|belonged|||73|0|0
73|EN|0|breaking|||73|0|0
73|EN|0|control|||73|0|0
73|EN|0|covered|||73|0|0
73|EN|0|deserve|s||34|39|0
73|EN|0|emancipation|s||48|25|0
73|EN|0|encourage|s||27|46|0
73|EN|0|factual|||73|0|0
73|EN|0|final|||73|0|0
73|EN|0|herd|s||69|4|0
73|EN|0|level|s||71|2|0
73|EN|0|linked|||73|0|0
73|EN|0|placed|||73|0|0
73|EN|0|upright|||73|0|0
72|EN|0|accomplished|||72|0|0
72|EN|0|appropriation|s||71|1|0
72|EN|0|enlarged|||72|0|0
72|EN|0|fallen|||72|0|0
72|EN|0|moderation|||72|0|0
72|PI|0|nanda||'s|62|0|10
72|PI|1|nipāta|||72|0|0
72|EN|0|protection|||72|0|0
72|EN|0|telling|||72|0|0
71|EN|0|fortunate|||71|0|0
71|PI|0|magadha|||71|0|0
71|EN|0|outside|||71|0|0
71|EN|0|relinquishing|||71|0|0
71|EN|0|royalty|||71|0|0
71|EN|0|sleep|s||54|17|0
71|EN|0|spontaneously|||71|0|0
71|EN|0|thirst|||71|0|0
71|EN|0|unvirtuous|||71|0|0
70|EN|0|approve|s||63|7|0
70|EN|0|attached|||70|0|0
70|EN|0|business|||70|0|0
70|EN|0|concerning|||70|0|0
70|EN|0|elation|||70|0|0
70|EN|0|grief|s||66|4|0
70|EN|0|hot|||70|0|0
70|EN|0|i've|||70|0|0
70|EN|0|produce|s||42|28|0
70|EN|0|seem|s||15|55|0
70|EN|0|soul|s||66|4|0
70|EN|0|steadied|||70|0|0
70|EN|0|stilled|||70|0|0
70|EN|0|took|||70|0|0
70|EN|0|tune|s||69|1|0
69|EN|0|beard|s||67|2|0
69|EN|0|cold|||69|0|0
69|EN|0|defiled|||69|0|0
69|EN|0|grain|s||48|21|0
69|EN|0|harmfulness|||69|0|0
69|EN|0|lion|s|'s|30|1|38
69|EN|0|mango|||69|0|0
69|EN|0|moment||'s|67|0|2
69|EN|0|perceive|s||24|45|0
69|EN|0|properties|||69|0|0
69|EN|0|relinquishment|||69|0|0
69|EN|0|season|s||62|7|0
69|EN|0|stayed|||69|0|0
69|EN|0|undeveloped|||69|0|0
68|EN|0|activity|||68|0|0
68|EN|0|bonanza|s||46|22|0
68|EN|0|centered|||68|0|0
68|EN|0|helpful|||68|0|0
68|EN|0|order|s||66|2|0
68|EN|0|overturned|||68|0|0
68|EN|0|perplexity|||68|0|0
68|EN|0|refraining|||68|0|0
68|EN|0|safety|||68|0|0
68|EN|0|smell|s||15|53|0
68|EN|0|soon|||68|0|0
68|EN|0|spend|s||48|20|0
68|EN|0|student|s|'s|42|21|5
68|EN|0|tip|s|'s|48|19|1
68|EN|0|traveling|||68|0|0
68|PI|0|vajjian|s||15|53|0
68|EN|0|washed|||68|0|0
68|EN|0|wearing|||68|0|0
67|EN|0|accept|s||52|15|0
67|PI|0|arahantship|||67|0|0
67|EN|0|contraction|||67|0|0
67|EN|0|cool|||67|0|0
67|EN|0|exalt|s||33|34|0
67|EN|0|expansion|||67|0|0
67|EN|0|half|||67|0|0
67|EN|0|learning|||67|0|0
67|EN|0|reflection|||67|0|0
67|EN|0|speaker|s|'s|40|8|19
67|EN|0|stage|s||44|23|0
67|EN|0|twenty|||67|0|0
67|EN|0|unfortunate|||67|0|0
67|EN|0|wood|s||62|5|0
67|EN|0|wound|s||46|21|0
66|EN|0|bait|s||8|58|0
66|EN|0|bank|s||46|20|0
66|EN|0|cast|||66|0|0
66|EN|0|cloud|s|'s|50|15|1
66|EN|0|during|||66|0|0
66|EN|0|leaving|||66|0|0
66|PI|0|licchavi|s||18|48|0
66|PI|1|pāṭimokkha|||66|0|0
66|EN|0|receive|s||35|31|0
66|EN|0|reckoned|||66|0|0
66|EN|0|wall|s||30|36|0
65|EN|0|heir|s||27|38|0
65|EN|0|listening|||65|0|0
65|EN|0|maintain|s||45|20|0
65|EN|0|ochre|||65|0|0
65|EN|0|returner|s||46|19|0
65|EN|0|righteous|||65|0|0
65|EN|0|torturing|||65|0|0
65|EN|0|trained|||65|0|0
65|EN|0|witness|||65|0|0
64|EN|0|comfortable|||64|0|0
64|EN|0|creation|s||40|24|0
64|EN|0|engender|s||9|55|0
64|EN|0|explanation|s||53|11|0
64|EN|0|gathering|s||57|7|0
64|EN|0|gotten|||64|0|0
64|EN|0|gross|||64|0|0
64|EN|0|leader|s||44|20|0
64|EN|0|led|||64|0|0
64|EN|0|low|||64|0|0
64|EN|0|measure|s||51|13|0
64|EN|0|obsessed|||64|0|0
64|EN|0|obtaining|||64|0|0
64|EN|0|pair|s||35|29|0
64|EN|0|whereas|||64|0|0
63|EN|0|acquiesce|s||51|12|0
63|EN|0|although|||63|0|0
63|PI|0|citta||'s|61|0|2
63|EN|0|difference|||63|0|0
63|EN|0|different|||63|0|0
63|EN|0|disciplined|||63|0|0
63|EN|0|grasped|||63|0|0
63|PI|1|koṭṭhita|||63|0|0
63|EN|0|rightness|||63|0|0
63|EN|0|sensory|||63|0|0
63|EN|0|seventh|||63|0|0
63|EN|0|topic|s||35|28|0
63|PI|1|upāli|||63|0|0
62|EN|0|abstaining|||62|0|0
62|EN|0|affluent|||62|0|0
62|EN|0|alteration|||62|0|0
62|EN|0|aren't|||62|0|0
62|EN|0|cleansed|||62|0|0
62|EN|0|country|||62|0|0
62|EN|0|enjoyment|s||60|2|0
62|EN|0|gaining|||62|0|0
62|EN|0|generosity|||62|0|0
62|EN|0|imperturbability|||62|0|0
62|PI|0|kosalan|s||13|49|0
62|EN|0|longing|s||60|2|0
62|EN|0|majesty|||62|0|0
62|EN|0|partially|||62|0|0
62|EN|0|particular|s||18|44|0
62|EN|0|prerequisite|s||59|3|0
62|EN|0|radiance|||62|0|0
62|EN|0|reaction|||62|0|0
62|EN|0|reflecting|||62|0|0
62|EN|0|resilient|||62|0|0
62|EN|0|shade|s||61|1|0
62|EN|0|until|||62|0|0
61|EN|0|absorbed|||61|0|0
61|EN|0|account|||61|0|0
61|EN|0|angry|||61|0|0
61|EN|0|beset|||61|0|0
61|EN|0|claim|s||52|9|0
61|EN|0|disjoined|||61|0|0
61|EN|0|encouraged|||61|0|0
61|EN|0|enraptured|||61|0|0
61|EN|0|exercise|s||33|28|0
61|EN|0|isolated|||61|0|0
61|EN|0|lend|s||53|8|0
61|EN|0|passed|||61|0|0
61|EN|0|periodically|||61|0|0
61|EN|0|racking|||61|0|0
61|EN|0|respecting|||61|0|0
61|EN|0|shell|s||31|30|0
61|EN|0|silence|||61|0|0
61|EN|0|sixth|||61|0|0
61|EN|0|undertaking|s||56|5|0
61|EN|0|visit|s||56|5|0
60|EN|0|acceptance|||60|0|0
60|EN|0|afar|||60|0|0
60|EN|0|caste|s||40|20|0
60|EN|0|caused|||60|0|0
60|EN|0|chief|s||59|1|0
60|EN|0|classified|||60|0|0
60|EN|0|consumed|||60|0|0
60|EN|0|dealing|s||44|16|0
60|EN|0|engaged|||60|0|0
60|EN|0|expect|s||58|2|0
60|EN|0|heap|s||56|4|0
60|EN|0|killed|||60|0|0
60|PI|1|kusinārā|||60|0|0
60|EN|0|lust|||60|0|0
60|EN|0|protect|s||42|18|0
60|PI|1|rāhula||'s|59|0|1
60|EN|0|slightest|||60|0|0
60|EN|0|sown|||60|0|0
60|EN|0|sustained|||60|0|0
60|EN|0|tear|s||7|53|0
60|EN|0|utterly|||60|0|0
60|EN|0|youth|s|'s|50|8|2
59|EN|0|bird|s||42|17|0
59|EN|0|chewed|||59|0|0
59|EN|0|clean|||59|0|0
59|2E|0|commonfolk|||59|0|0
59|EN|0|defect|s||13|46|0
59|EN|0|easeful|||59|0|0
59|EN|0|fell|||59|0|0
59|EN|0|furthermore|||59|0|0
59|EN|0|miracle|s||41|18|0
59|EN|0|perhaps|||59|0|0
59|EN|0|simile|s||53|6|0
59|EN|0|tasting|||59|0|0
59|EN|0|tendon|s||7|52|0
58|EN|0|consolidated|||58|0|0
58|EN|0|destroy|s||24|34|0
58|EN|0|distresses|||58|0|0
58|EN|0|eastern|||58|0|0
58|EN|0|flies|||58|0|0
58|EN|0|greedy|||58|0|0
58|EN|0|happen|s||21|37|0
58|EN|0|intoxication|||58|0|0
58|EN|0|joyful|||58|0|0
58|EN|0|prepared|||58|0|0
58|EN|0|reappeared|||58|0|0
58|EN|0|subdue|s||27|31|0
58|EN|0|wanting|||58|0|0
57|EN|0|compassion|||57|0|0
57|EN|0|covetousness|||57|0|0
57|EN|0|drinking|||57|0|0
57|EN|0|gate|s||51|6|0
57|EN|0|instead|||57|0|0
57|PI|0|kapilavatthu|||57|0|0
57|EN|0|meditation|||57|0|0
57|EN|0|period|s||56|1|0
57|EN|0|plain|||57|0|0
57|EN|0|reverence|||57|0|0
57|EN|0|shine|s||35|22|0
57|EN|0|source|||57|0|0
56|EN|0|aflame|||56|0|0
56|EN|0|animosity|||56|0|0
56|2E|0|clansmen|||56|0|0
56|2E|0|cognized|||56|0|0
56|EN|0|delineate|s||44|12|0
56|EN|0|diversity|||56|0|0
56|EN|0|duty|||56|0|0
56|EN|0|entirety|||56|0|0
56|EN|0|erect|||56|0|0
56|2E|0|giver|||56|0|0
56|EN|0|honoring|||56|0|0
56|EN|0|increasing|||56|0|0
56|EN|0|inside|||56|0|0
56|EN|0|meet|s||50|6|0
56|EN|0|midst|||56|0|0
56|EN|0|surrounded|||56|0|0
56|EN|0|weapon|s||5|51|0
55|PI|0|aggivessana|||55|0|0
55|EN|0|bidding|||55|0|0
55|EN|0|confining|||55|0|0
55|EN|0|countryside|s||53|2|0
55|EN|0|creating|||55|0|0
55|EN|0|dependently|||55|0|0
55|EN|0|dispel|s||24|31|0
55|EN|0|hasn't|||55|0|0
55|PI|1|kālāma|s||35|20|0
55|EN|0|lady|||55|0|0
55|EN|0|mighty|||55|0|0
55|EN|0|money|||55|0|0
55|EN|0|recollection|||55|0|0
55|EN|0|seek|s||24|31|0
55|EN|0|sight|s||20|35|0
55|EN|0|spirit|s||31|24|0
55|EN|0|touches|||55|0|0
55|EN|0|vulture|s|'s|43|10|2
54|PI|1|dīgha|||54|0|0
54|EN|0|dog|s|'s|19|33|2
54|EN|0|encompassing|||54|0|0
54|EN|0|energy|||54|0|0
54|EN|0|ever|||54|0|0
54|EN|0|flower|s|'s|30|23|1
54|EN|0|instruct|s||44|10|0
54|EN|0|manner|s||41|13|0
54|EN|0|neglect|s||41|13|0
54|EN|0|principle|s||34|20|0
54|EN|0|rebirth|s||51|3|0
54|EN|0|served|||54|0|0
54|EN|0|stop|s||50|4|0
54|EN|0|throw|s||45|9|0
54|EN|0|tied|||54|0|0
54|EN|0|unable|||54|0|0
54|EN|0|wanted|||54|0|0
54|EN|0|wild|s||36|18|0
53|EN|0|clothing|||53|0|0
53|EN|0|concord|||53|0|0
53|EN|0|delineation|s||51|2|0
53|EN|0|eaten|||53|0|0
53|EN|0|eighth|||53|0|0
53|EN|0|endeavor|s||31|22|0
53|EN|0|extend|s||44|9|0
53|EN|0|few|||53|0|0
53|EN|0|footing|||53|0|0
53|EN|0|holding|||53|0|0
53|EN|0|iron||'s|52|0|1
53|EN|0|kill|s||43|10|0
53|EN|0|north|||53|0|0
53|EN|0|offense|s||42|11|0
53|EN|0|perfection|||53|0|0
53|EN|0|rarely|||53|0|0
53|EN|0|rid|||53|0|0
53|EN|0|sower||'s|42|0|11
53|EN|0|surely|||53|0|0
53|EN|0|surpassingly|||53|0|0
53|EN|0|thrown|||53|0|0
53|EN|0|unified|||53|0|0
53|EN|0|urged|||53|0|0
52|EN|0|boy|s||28|24|0
52|EN|0|create|s||41|11|0
52|EN|0|lessening|||52|0|0
52|EN|0|masterfully|||52|0|0
52|EN|0|material|||52|0|0
52|EN|0|penetrate|s||49|3|0
52|EN|0|poorly|||52|0|0
52|EN|0|rag|s||19|33|0
52|EN|0|replied|||52|0|0
52|EN|0|resort|s||38|14|0
52|EN|0|shelter|s||46|6|0
52|EN|0|silver|||52|0|0
52|EN|0|smelling|||52|0|0
52|EN|0|split|s||50|2|0
52|EN|0|tradition|s||32|20|0
52|EN|0|unreleased|||52|0|0
52|EN|0|unsuitable|||52|0|0
52|EN|0|wasn't|||52|0|0
51|EN|0|abusive|||51|0|0
51|EN|0|agitated|||51|0|0
51|EN|0|aim|s||41|10|0
51|EN|0|ancient|||51|0|0
51|EN|0|approving|||51|0|0
51|2E|0|ardency|||51|0|0
51|EN|0|arrive|s||37|14|0
51|EN|0|assail|||51|0|0
51|EN|0|completely|||51|0|0
51|EN|0|composed|||51|0|0
51|EN|0|encompassed|||51|0|0
51|EN|0|entering|||51|0|0
51|EN|0|eyesight|||51|0|0
51|EN|0|fifty|||51|0|0
51|EN|0|foolish|||51|0|0
51|EN|0|ganges|||51|0|0
51|EN|0|guarded|||51|0|0
51|2E|0|headman|||51|0|0
51|EN|0|impassioned|||51|0|0
51|EN|0|pondering|s||50|1|0
51|EN|0|quarreling|||51|0|0
51|EN|0|quick|||51|0|0
51|EN|0|sectarian|s||3|48|0
51|EN|0|stored|||51|0|0
51|EN|0|turning|||51|0|0
51|EN|0|unruly|||51|0|0
51|EN|0|wakefulness|||51|0|0
50|EN|0|abundance|||50|0|0
50|EN|0|afraid|||50|0|0
50|EN|0|deal|s||46|4|0
50|EN|0|examine|s||19|31|0
50|EN|0|expression|s||33|17|0
50|EN|0|friendship|s||44|6|0
50|EN|0|generate|s||12|38|0
50|EN|0|hospitality|||50|0|0
50|EN|0|imperturbable|||50|0|0
50|EN|0|keeping|||50|0|0
50|EN|0|muddled|||50|0|0
50|EN|0|obstacle|s||19|31|0
50|EN|0|penetrating|||50|0|0
50|EN|0|position|s||34|16|0
50|EN|0|possession|s||15|35|0
50|EN|0|provided|||50|0|0
50|EN|0|residence|||50|0|0
50|EN|0|ripen|s||31|19|0
50|EN|0|satisfaction|s||47|3|0
50|EN|0|shake|s||40|10|0
50|EN|0|supported|||50|0|0
50|EN|0|winner|s||43|7|0
49|EN|0|across|||49|0|0
49|EN|0|arbitrator|||49|0|0
49|EN|0|best|||49|0|0
49|EN|0|breast|s||46|3|0
49|EN|0|character|||49|0|0
49|EN|0|comprehend|s||25|24|0
49|EN|0|correct|||49|0|0
49|EN|0|dwelled|||49|0|0
49|EN|0|dweller|s|'s|43|4|2
49|EN|0|feed|s||41|8|0
49|EN|0|forty|||49|0|0
49|EN|0|inspiring|||49|0|0
49|EN|0|mark|s||10|39|0
49|EN|0|mastering|||49|0|0
49|EN|0|removed|||49|0|0
49|EN|0|stance|s||48|1|0
49|EN|0|they're|||49|0|0
49|EN|0|totality|||49|0|0
49|EN|0|viewpoint|s||40|9|0
48|EN|0|conclusion|s||47|1|0
48|EN|0|dispraise|||48|0|0
48|EN|0|easily|||48|0|0
48|EN|0|explain|s||20|28|0
48|EN|0|foothold|||48|0|0
48|EN|0|fortress|||48|0|0
48|EN|0|impure|||48|0|0
48|EN|0|lament|s||29|19|0
48|EN|0|production|||48|0|0
48|EN|0|psychic|||48|0|0
48|EN|0|rejoice|s||28|20|0
48|PI|0|tapassin|||48|0|0
48|EN|0|technique|s||40|8|0
48|EN|0|unbroken|||48|0|0
48|EN|0|using|||48|0|0
48|EN|0|walk|s||16|32|0
48|EN|0|wide|||48|0|0
47|EN|0|apprentice|||47|0|0
47|EN|0|area|s||39|8|0
47|EN|0|attentive|||47|0|0
47|EN|0|blameworthy|||47|0|0
47|EN|0|blemish|||47|0|0
47|EN|0|building|s||44|3|0
47|EN|0|censure|s||37|10|0
47|EN|0|empathetic|||47|0|0
47|EN|0|essence|||47|0|0
47|EN|0|filled|||47|0|0
47|EN|0|fish|||47|0|0
47|EN|0|handed|||47|0|0
47|EN|0|liberation|s||37|10|0
47|2E|0|outcaste|s||36|11|0
47|EN|0|precept|s||1|46|0
47|EN|0|protected|||47|0|0
47|EN|0|revered|||47|0|0
47|EN|0|smeared|||47|0|0
47|EN|0|stealing|||47|0|0
47|EN|0|understanding||'s|46|0|1
47|EN|0|wandered|||47|0|0
47|EN|0|weak|||47|0|0
47|EN|0|worker|s||17|30|0
46|PI|1|aṅgulimāla||'s|44|0|2
46|EN|0|bind|s||23|23|0
46|EN|0|blazing|||46|0|0
46|EN|0|conqueror|s|'s|39|2|5
46|EN|0|everything|||46|0|0
46|EN|0|exposition|||46|0|0
46|EN|0|harmony|||46|0|0
46|EN|0|journey|||46|0|0
46|PI|1|kāsi|s||41|5|0
46|EN|0|obstruction|s||29|17|0
46|EN|0|previous|||46|0|0
46|EN|0|regarding|||46|0|0
46|EN|0|remainder|||46|0|0
46|EN|0|roof|||46|0|0
46|2P|0|sal|||46|0|0
46|EN|0|sometime|s||1|45|0
46|EN|0|south|||46|0|0
46|EN|0|squirrel|s|'s|1|44|1
46|EN|0|tamable|||46|0|0
46|EN|0|transcended|||46|0|0
46|EN|0|trifling|||46|0|0
46|EN|0|whereby|||46|0|0
45|EN|0|address|||45|0|0
45|EN|0|amount|s||30|15|0
45|EN|0|apply|||45|0|0
45|EN|0|bit|s||42|3|0
45|EN|0|cattle|||45|0|0
45|EN|0|contented|||45|0|0
45|EN|0|diseased|||45|0|0
45|EN|0|drunk|||45|0|0
45|EN|0|flame|s|'s|36|6|3
45|EN|0|fore|||45|0|0
45|EN|0|fruitful|||45|0|0
45|EN|0|inappropriate|||45|0|0
45|EN|0|island|||45|0|0
45|EN|0|laziness|||45|0|0
45|EN|0|longer|||45|0|0
45|EN|0|piercing|||45|0|0
45|EN|0|pointed|||45|0|0
45|EN|0|pot|s||40|5|0
45|EN|0|repeatedly|||45|0|0
45|EN|0|revile|s||41|4|0
45|EN|0|rising|||45|0|0
45|EN|0|roused|||45|0|0
45|EN|0|seized|||45|0|0
45|EN|0|setting|||45|0|0
45|EN|0|solid|||45|0|0
45|EN|0|tend|s||33|12|0
45|EN|0|ultimate|||45|0|0
45|EN|0|wet|||45|0|0
45|EN|0|withdrawn|||45|0|0
44|EN|0|afflicted|||44|0|0
44|EN|0|anywhere|||44|0|0
44|EN|0|bow|s||29|15|0
44|2E|0|cognizing|||44|0|0
44|PI|1|dhanañjānin||'s|41|0|3
44|EN|0|disgusted|||44|0|0
44|EN|0|exclusively|||44|0|0
44|EN|0|fade|s||20|24|0
44|EN|0|intelligent|||44|0|0
44|EN|0|late|||44|0|0
44|PI|1|māgaṇḍiya||'s|42|0|2
44|EN|0|mastered|||44|0|0
44|EN|0|permeate|s||6|38|0
44|EN|0|pile|s||38|6|0
44|PI|1|poṭṭhapāda|||44|0|0
44|EN|0|really|||44|0|0
44|EN|0|rein|s||2|42|0
44|EN|0|sanctuary|||44|0|0
44|EN|0|separate|s||42|2|0
44|EN|0|severely|||44|0|0
44|EN|0|unfactual|||44|0|0
43|EN|0|count|s||27|16|0
43|EN|0|disintegrate|s||13|30|0
43|EN|0|drawn|||43|0|0
43|EN|0|entangled|||43|0|0
43|EN|0|fellowship|||43|0|0
43|EN|0|firmly|||43|0|0
43|EN|0|founded|||43|0|0
43|EN|0|harmonious|||43|0|0
43|EN|0|knife|||43|0|0
43|EN|0|luxurious|||43|0|0
43|EN|0|maker|s|'s|32|10|1
43|EN|0|misrepresent|||43|0|0
43|EN|0|pit|s||41|2|0
43|EN|0|radiant|||43|0|0
43|EN|0|recipient|s|'s|25|17|1
43|EN|0|sea|||43|0|0
43|EN|0|serve|s||31|12|0
43|EN|0|stain|s||35|8|0
43|PI|0|tissa|||43|0|0
43|EN|0|troop|s||8|35|0
43|EN|0|vexation|s||39|4|0
43|EN|0|wear|s||35|8|0
43|EN|0|west|||43|0|0
42|EN|0|activities|||42|0|0
42|EN|0|already|||42|0|0
42|EN|0|awaken|s||19|23|0
42|EN|0|baby|||42|0|0
42|EN|0|causality|||42|0|0
42|EN|0|cave|s||38|4|0
42|2E|0|charnel|||42|0|0
42|EN|0|created|||42|0|0
42|EN|0|criticized|||42|0|0
42|EN|0|envision|s||34|8|0
42|EN|0|fermented|||42|0|0
42|EN|0|inclined|||42|0|0
42|EN|0|meat|||42|0|0
42|EN|0|parent|s|'s|0|41|1
42|EN|0|partake|s||25|17|0
42|EN|0|purification|s||41|1|0
42|EN|0|remainderless|||42|0|0
42|EN|0|returned|||42|0|0
42|EN|0|ruler|s||14|28|0
42|PI|0|saccaka|||42|0|0
42|EN|0|safe|||42|0|0
42|EN|0|settle|s||11|31|0
42|PI|1|soṇa||'s|39|0|3
42|EN|0|span|s|'s|39|2|1
42|EN|0|theorist|s||0|42|0
42|EN|0|unpervaded|||42|0|0
41|PI|1|ajātasattu|||41|0|0
41|EN|0|arranged|||41|0|0
41|EN|0|belief|s||10|31|0
41|PI|0|bodhi||'s|37|0|4
41|EN|0|brother|s|'s|29|10|2
41|EN|0|build|s||37|4|0
41|EN|0|ember|s||1|40|0
41|EN|0|envy|||41|0|0
41|EN|0|fabricate|s||11|30|0
41|EN|0|hour|s||8|33|0
41|2E|0|ists|||41|0|0
41|PI|1|kosambī|||41|0|0
41|EN|0|lazy|||41|0|0
41|EN|0|learner|s||31|10|0
41|PI|1|mallikā|||41|0|0
41|EN|0|newly|||41|0|0
41|EN|0|paying|||41|0|0
41|EN|0|pertinent|||41|0|0
41|EN|0|prestigious|||41|0|0
41|EN|0|rejoicing|||41|0|0
41|EN|0|rich|||41|0|0
41|EN|0|spear|s||10|31|0
41|EN|0|tomorrow||'s|32|0|9
41|EN|0|unabandoned|||41|0|0
41|EN|0|undertake|s||31|10|0
41|PI|1|vārāṇasī|||41|0|0
41|EN|0|worship|s||36|5|0
40|EN|0|abolished|||40|0|0
40|EN|0|arouse|s||29|11|0
40|EN|0|art|s||10|30|0
40|EN|0|associate|s||30|10|0
40|EN|0|ball|s||39|1|0
40|EN|0|blow|s||29|11|0
40|EN|0|coarse|||40|0|0
40|EN|0|examined|||40|0|0
40|EN|0|gabled|||40|0|0
40|EN|0|guide|||40|0|0
40|EN|0|mound|s||38|2|0
40|EN|0|noise|s||37|3|0
40|EN|0|queen|||40|0|0
40|EN|0|recall|s||37|3|0
40|EN|0|regarded|||40|0|0
40|EN|0|related|||40|0|0
40|EN|0|retinue|s||39|1|0
40|EN|0|rhinoceros|||40|0|0
40|EN|0|rouse|s||22|18|0
40|EN|0|similarly|||40|0|0
40|EN|0|substance|s||34|6|0
40|EN|0|sway|||40|0|0
40|EN|0|thoroughly|||40|0|0
40|EN|0|transgression|||40|0|0
40|EN|0|whichever|||40|0|0
39|EN|0|adept||'s|38|0|1
39|EN|0|adherent|s||0|39|0
39|EN|0|consume|s||28|11|0
39|EN|0|current|s||29|10|0
39|EN|0|enjoying|||39|0|0
39|EN|0|flowing|||39|0|0
39|EN|0|goat|s||17|22|0
39|EN|0|harmlessness|||39|0|0
39|EN|0|hide|||39|0|0
39|EN|0|host|s||20|19|0
39|EN|0|invade|s||24|15|0
39|PI|1|jīvaka||'s|35|0|4
39|PI|0|khemaka||'s|38|0|1
39|EN|0|loose|||39|0|0
39|EN|0|must|||39|0|0
39|EN|0|nourishment|s||30|9|0
39|EN|0|nurtured|||39|0|0
39|EN|0|recite|s||29|10|0
39|EN|0|restricted|||39|0|0
39|EN|0|reviled|||39|0|0
39|EN|0|roar|s||28|11|0
39|EN|0|senior|||39|0|0
39|EN|0|spontaneous|||39|0|0
39|EN|0|stake|s||28|11|0
39|EN|0|thick|||39|0|0
39|EN|0|unsustained|||39|0|0
39|EN|0|unwarily|||39|0|0
39|EN|0|venturing|||39|0|0
39|EN|0|wive|s||0|39|0
38|EN|0|acquiesced|||38|0|0
38|EN|0|aged|||38|0|0
38|EN|0|agitation|s||36|2|0
38|EN|0|alighting|||38|0|0
38|EN|0|approaches|||38|0|0
38|EN|0|branches|||38|0|0
38|EN|0|burial|||38|0|0
38|EN|0|carefree|||38|0|0
38|2E|0|clansman|||38|0|0
38|EN|0|classes|||38|0|0
38|EN|0|compared|||38|0|0
38|EN|0|complexion|s||34|4|0
38|EN|0|domain|s||31|7|0
38|EN|0|dung|||38|0|0
38|EN|0|finished|||38|0|0
38|PI|1|icchānaṅgala|||38|0|0
38|EN|0|intercourse|||38|0|0
38|EN|0|merchant|s||21|17|0
38|PI|1|migāra||'s|1|0|37
38|EN|0|monkey|s||29|9|0
38|PI|1|nālandā|s||33|5|0
38|EN|0|pas|s||0|38|0
38|EN|0|permanent|||38|0|0
38|EN|0|possessiveness|||38|0|0
38|EN|0|prosperous|||38|0|0
38|EN|0|racket|||38|0|0
38|EN|0|reappearing|||38|0|0
38|2E|0|sapwood|||38|0|0
38|EN|0|searching|||38|0|0
38|EN|0|security|||38|0|0
38|EN|0|station|s||30|8|0
38|EN|0|torpor|||38|0|0
37|EN|0|accused||'s|36|0|1
37|EN|0|arranging|||37|0|0
37|EN|0|celibate|||37|0|0
37|EN|0|clothe|s||1|36|0
37|EN|0|completion|||37|0|0
37|EN|0|confused|||37|0|0
37|EN|0|corrupt|||37|0|0
37|EN|0|cultivated|||37|0|0
37|EN|0|curry|||37|0|0
37|EN|0|discomfort|||37|0|0
37|2E|0|ghee|||37|0|0
37|2E|0|horripilation|||37|0|0
37|EN|0|identity|||37|0|0
37|EN|0|minded|||37|0|0
37|EN|0|pond|s||32|5|0
37|EN|0|quiver|s||27|10|0
37|EN|0|received|||37|0|0
37|EN|0|relishing|||37|0|0
37|EN|0|rooted|||37|0|0
37|EN|0|sagacity||'s|34|0|3
37|EN|0|shirking|||37|0|0
37|EN|0|swift|||37|0|0
37|EN|0|timeless|||37|0|0
37|EN|0|transmigrating|||37|0|0
37|EN|0|unattractive|||37|0|0
37|EN|0|visiting|||37|0|0
37|EN|0|we're|||37|0|0
37|EN|0|wipe|s||10|27|0
36|EN|0|advanced|||36|0|0
36|EN|0|affair|s||1|35|0
36|EN|0|answering|||36|0|0
36|EN|0|arousal|||36|0|0
36|PI|1|assalāyana|||36|0|0
36|EN|0|ate|||36|0|0
36|PI|0|bhaddiya|||36|0|0
36|EN|0|built|||36|0|0
36|PI|1|caṅkī|||36|0|0
36|EN|0|clearly|||36|0|0
36|EN|0|commitment|||36|0|0
36|EN|0|conjecture|s||35|1|0
36|EN|0|crowd|s||34|2|0
36|EN|0|distilled|||36|0|0
36|EN|0|endearment|||36|0|0
36|EN|0|eternity|||36|0|0
36|EN|0|experiencing|||36|0|0
36|EN|0|footprint|s||29|7|0
36|EN|0|force|s||21|15|0
36|EN|0|genuine|||36|0|0
36|EN|0|glowing|||36|0|0
36|EN|0|gradual|||36|0|0
36|EN|0|immediately|||36|0|0
36|EN|0|literally|||36|0|0
36|PI|0|lohicca||'s|35|0|1
36|EN|0|offer|s||30|6|0
36|EN|0|ointment|s||8|28|0
36|PI|1|pāvā|||36|0|0
36|EN|0|persuasion|s||18|18|0
36|EN|0|pervade|s||7|29|0
36|EN|0|powder|s||32|4|0
36|EN|0|precisely|||36|0|0
36|EN|0|profit|s||35|1|0
36|EN|0|raising|||36|0|0
36|EN|0|reject|s||25|11|0
36|EN|0|relish|||36|0|0
36|EN|0|remembered|||36|0|0
36|EN|0|revere|s||33|3|0
36|EN|0|skillfulness|||36|0|0
36|EN|0|splendid|||36|0|0
36|EN|0|subdued|||36|0|0
36|EN|0|timber|||36|0|0
36|EN|0|undisturbed|||36|0|0
36|EN|0|unenlarged|||36|0|0
36|EN|0|unprovoked|||36|0|0
36|PI|0|vaccha|||36|0|0
36|EN|0|vast|||36|0|0
35|EN|0|acquire|s||7|28|0
35|EN|0|allow|||35|0|0
35|EN|0|announced|||35|0|0
35|EN|0|army|||35|0|0
35|EN|0|attack|s||29|6|0
35|EN|0|avoiding|||35|0|0
35|EN|0|bowing|||35|0|0
35|EN|0|cart|s||12|23|0
35|EN|0|claiming|||35|0|0
35|EN|0|considered|||35|0|0
35|2E|0|cowherd|s|'s|31|3|1
35|EN|0|crow|s||20|15|0
35|EN|0|crying|||35|0|0
35|EN|0|debt|s||25|10|0
35|EN|0|dirt|||35|0|0
35|EN|0|disturbance|s||12|23|0
35|EN|0|drag|s||32|3|0
35|EN|0|dream|s||20|15|0
35|EN|0|due|||35|0|0
35|EN|0|growing|||35|0|0
35|EN|0|homeless|||35|0|0
35|EN|0|husband|s||31|4|0
35|EN|0|joined|||35|0|0
35|EN|0|keen|||35|0|0
35|EN|0|kinsmen|||35|0|0
35|EN|0|league|s||8|27|0
35|EN|0|loathsome|||35|0|0
35|EN|0|misfortune|s||32|3|0
35|EN|0|offered|||35|0|0
35|EN|0|permission|||35|0|0
35|EN|0|polished|||35|0|0
35|EN|0|reputation|||35|0|0
35|EN|0|sex|||35|0|0
35|EN|0|strive|s||13|22|0
35|EN|0|sweat|||35|0|0
35|EN|0|talking|||35|0|0
35|EN|0|tour|||35|0|0
34|EN|0|acting|||34|0|0
34|EN|0|adopted|||34|0|0
34|EN|0|approach|||34|0|0
34|EN|0|blessing|s||21|13|0
34|EN|0|cancer|s||30|4|0
34|EN|0|constantly|||34|0|0
34|EN|0|contentment|||34|0|0
34|EN|0|couldn't|||34|0|0
34|EN|0|criticism|||34|0|0
34|EN|0|distinguishing|||34|0|0
34|EN|0|expound|s||21|13|0
34|EN|0|extra|||34|0|0
34|EN|0|gather|s||19|15|0
34|EN|0|heavy|||34|0|0
34|EN|0|hindered|||34|0|0
34|EN|0|infatuated|||34|0|0
34|EN|0|intestine|s||0|34|0
34|EN|0|inviting|||34|0|0
34|EN|0|issue|s||20|14|0
34|EN|0|maintained|||34|0|0
34|EN|0|opinion|s||28|6|0
34|EN|0|orderliness|||34|0|0
34|EN|0|ornament|s||11|23|0
34|PI|1|pāṭali|||34|0|0
34|EN|0|pleased|||34|0|0
34|EN|0|rolling|||34|0|0
34|EN|0|stopped|||34|0|0
34|EN|0|street|s||26|8|0
34|2E|0|supranormal|||34|0|0
34|EN|0|surface|s||33|1|0
34|EN|0|surpassed|||34|0|0
34|PI|0|susima||'s|33|0|1
34|PI|1|therīgāthā|||34|0|0
34|EN|0|transcend|s||31|3|0
34|EN|0|unattractiveness|||34|0|0
34|EN|0|unestablished|||34|0|0
34|PI|1|vassakāra|||34|0|0
34|EN|0|weaken|s||32|2|0
34|EN|0|wield|s||21|13|0
34|EN|0|worshipped|||34|0|0
34|EN|0|you've|||34|0|0
33|EN|0|alluring|||33|0|0
33|EN|0|amiability|||33|0|0
33|EN|0|angered|||33|0|0
33|EN|0|approved|||33|0|0
33|EN|0|asleep|||33|0|0
33|EN|0|charioteer|s||24|9|0
33|EN|0|connection|s||32|1|0
33|EN|0|coverlet|s||15|18|0
33|EN|0|debate|s||28|5|0
33|EN|0|defeated|||33|0|0
33|EN|0|emerged|||33|0|0
33|EN|0|fulfillment|||33|0|0
33|EN|0|girl|s||13|20|0
33|EN|0|greatly|||33|0|0
33|EN|0|incomparable|||33|0|0
33|EN|0|intuition|||33|0|0
33|EN|0|maintaining|||33|0|0
33|EN|0|medicine|s||31|2|0
33|EN|0|memorized|||33|0|0
33|EN|0|modicum|||33|0|0
33|EN|0|neck|s||30|3|0
33|EN|0|net|s||26|7|0
33|EN|0|righteously|||33|0|0
33|EN|0|skill|s||15|18|0
33|EN|0|slow|||33|0|0
33|EN|0|soggy|||33|0|0
33|EN|0|speed|||33|0|0
33|EN|0|subsided|||33|0|0
33|EN|0|unfit|||33|0|0
33|EN|0|uprooted|||33|0|0
33|EN|0|urine|||33|0|0
33|EN|0|vanished|||33|0|0
32|EN|0|afternoon|||32|0|0
32|EN|0|afterward|s||21|11|0
32|EN|0|agreement|||32|0|0
32|EN|0|avoid|s||24|8|0
32|EN|0|beneficial|||32|0|0
32|EN|0|bodies|||32|0|0
32|EN|0|butcher|s|'s|21|2|9
32|EN|0|carpenter|s|'s|27|4|1
32|EN|0|comprehending|||32|0|0
32|EN|0|corpse|s||29|3|0
32|EN|0|disappear|s||26|6|0
32|EN|0|donor|s||23|9|0
32|EN|0|dying|||32|0|0
32|EN|0|emerge|s||25|7|0
32|EN|0|footed|||32|0|0
32|EN|0|governing|||32|0|0
32|EN|0|hunter|s|'s|24|6|2
32|EN|0|kept|||32|0|0
32|EN|0|killing|||32|0|0
32|EN|0|knowledgeable|||32|0|0
32|EN|0|lifespan|||32|0|0
32|EN|0|liquor|s||18|14|0
32|EN|0|listened|||32|0|0
32|EN|0|opposition|||32|0|0
32|EN|0|overcoming|||32|0|0
32|EN|0|overpowering|||32|0|0
32|EN|0|passes|||32|0|0
32|EN|0|pursuing|||32|0|0
32|EN|0|raised|||32|0|0
32|EN|0|receiving|||32|0|0
32|EN|0|reed|s||14|18|0
32|EN|0|refreshing|||32|0|0
32|EN|0|resting|||32|0|0
32|EN|0|retained|||32|0|0
32|PI|0|samiddhi||'s|31|0|1
32|EN|0|shave|s||20|12|0
32|EN|0|solitude|||32|0|0
32|EN|0|stone|s||18|14|0
32|PI|1|suppavāsā||'s|30|0|2
32|EN|0|unawakened|||32|0|0
32|EN|0|watching|||32|0|0
32|EN|0|wielding|||32|0|0
32|EN|0|wing|s||2|30|0
32|EN|0|wishes|||32|0|0
31|EN|0|abstinence|||31|0|0
31|EN|0|accumulated|||31|0|0
31|PI|0|ajita||'s|26|0|5
31|EN|0|analyze|s||20|11|0
31|EN|0|attendant|s||18|13|0
31|EN|0|contemplating|||31|0|0
31|EN|0|declaring|||31|0|0
31|EN|0|draw|s||26|5|0
31|EN|0|dull|||31|0|0
31|2E|0|eternalist|s||1|30|0
31|EN|0|eventually|||31|0|0
31|EN|0|extended|||31|0|0
31|EN|0|former|||31|0|0
31|EN|0|goad|||31|0|0
31|EN|0|insult|s||27|4|0
31|PI|0|isipatana|||31|0|0
31|EN|0|legged|||31|0|0
31|EN|0|lighting|||31|0|0
31|EN|0|liked|||31|0|0
31|EN|0|loathsomeness|||31|0|0
31|EN|0|nevertheless|||31|0|0
31|EN|0|observed|||31|0|0
31|EN|0|owing|||31|0|0
31|EN|0|performed|||31|0|0
31|EN|0|plant|s||17|14|0
31|EN|0|post|s||28|3|0
31|EN|0|previously|||31|0|0
31|EN|0|secure|s||30|1|0
31|EN|0|shed|s||26|5|0
31|EN|0|site|s||5|26|0
31|EN|0|suffuse|s||9|22|0
31|EN|0|superlative|||31|0|0
31|EN|0|tired|||31|0|0
31|EN|0|treat|||31|0|0
31|EN|0|unyoking|s||27|4|0
31|EN|0|valid|||31|0|0
31|EN|0|venerated|||31|0|0
31|EN|0|verification|||31|0|0
31|EN|0|voice|s||23|8|0
31|EN|0|warden|s||10|21|0
30|EN|0|accepting|||30|0|0
30|EN|0|accusation|s||21|9|0
30|EN|0|adhere|s||28|2|0
30|EN|0|agree|s||27|3|0
30|EN|0|analyzing|||30|0|0
30|PI|0|assaji|||30|0|0
30|EN|0|attainer|s||29|1|0
30|EN|0|banyan|||30|0|0
30|EN|0|bathed|||30|0|0
30|EN|0|bearing|s||21|9|0
30|EN|0|calf|||30|0|0
30|EN|0|consent|||30|0|0
30|EN|0|craft|s||16|14|0
30|EN|0|criticize|s||18|12|0
30|EN|0|dexterous|||30|0|0
30|EN|0|discontent|||30|0|0
30|EN|0|dissonant|||30|0|0
30|EN|0|distraught|||30|0|0
30|EN|0|fold|s||28|2|0
30|EN|0|ordained|||30|0|0
30|EN|0|phlegm|||30|0|0
30|EN|0|pig|s|'s|13|15|2
30|PI|1|puṇṇa|||30|0|0
30|EN|0|quarrel|s||8|22|0
30|EN|0|raft|s||24|6|0
30|EN|0|recovered|||30|0|0
30|EN|0|restless|||30|0|0
30|EN|0|rotten|||30|0|0
30|PI|0|sahampati|||30|0|0
30|EN|0|sequence|s||29|1|0
30|EN|0|smooth|||30|0|0
30|EN|0|sought|||30|0|0
30|EN|0|thunder|s||14|16|0
30|EN|0|timely|||30|0|0
30|EN|0|trunk|s||26|4|0
30|PI|0|uddaka|||30|0|0
30|EN|0|unclean|||30|0|0
30|EN|0|undefiled|||30|0|0
30|EN|0|unended|||30|0|0
30|EN|0|unprotected|||30|0|0
30|EN|0|unrestrained|||30|0|0
30|EN|0|vain|||30|0|0
30|EN|0|whole|||30|0|0
29|EN|0|allowable|||29|0|0
29|EN|0|astute|||29|0|0
29|EN|0|awake|||29|0|0
29|EN|0|charm|s||12|17|0
29|EN|0|check|||29|0|0
29|EN|0|cities|||29|0|0
29|2E|0|cognize|s||4|25|0
29|EN|0|confusion|||29|0|0
29|EN|0|conquer|s||18|11|0
29|EN|0|displeasure|||29|0|0
29|EN|0|disputing|||29|0|0
29|EN|0|dissatisfied|||29|0|0
29|EN|0|enemies|||29|0|0
29|EN|0|flex|||29|0|0
29|EN|0|fortune|||29|0|0
29|EN|0|frontier|||29|0|0
29|EN|0|generous|||29|0|0
29|PI|1|gotamī|||29|0|0
29|EN|0|happened|||29|0|0
29|EN|0|inattentive|||29|0|0
29|EN|0|lax|||29|0|0
29|EN|0|mature|s||28|1|0
29|EN|0|music|||29|0|0
29|PI|1|pañcakaṅga|||29|0|0
29|EN|0|placing|||29|0|0
29|EN|0|pool||'s|27|0|2
29|EN|0|praising|||29|0|0
29|EN|0|proliferation|||29|0|0
29|EN|0|relished|||29|0|0
29|EN|0|remembrance|||29|0|0
29|EN|0|remnant|||29|0|0
29|EN|0|respected|||29|0|0
29|EN|0|satisfied|||29|0|0
29|EN|0|savor|s||13|16|0
29|EN|0|silversmith||'s|22|0|7
29|EN|0|speculation|s||12|17|0
29|EN|0|spent|||29|0|0
29|EN|0|spot|s||23|6|0
29|EN|0|steed|s||18|11|0
29|EN|0|stirred|||29|0|0
29|EN|0|strike|s||17|12|0
29|EN|0|teeth|||29|0|0
29|EN|0|transcendent|||29|0|0
29|EN|0|un|||29|0|0
29|EN|0|unattached|||29|0|0
29|EN|0|unspotted|||29|0|0
29|EN|0|void|||29|0|0
29|EN|0|wrongly|||29|0|0
28|EN|0|accurate|||28|0|0
28|EN|0|accuse|s||25|3|0
28|PI|1|āḷāra|||28|0|0
28|EN|0|approximately|||28|0|0
28|EN|0|associating|||28|0|0
28|EN|0|coiled|||28|0|0
28|EN|0|convinced|||28|0|0
28|EN|0|counter|||28|0|0
28|EN|0|crossroad|s||2|26|0
28|PI|0|devadatta||'s|26|0|2
28|EN|0|excrement|||28|0|0
28|EN|0|flexed|||28|0|0
28|EN|0|fond|||28|0|0
28|EN|0|frequent|s||0|28|0
28|EN|0|god|s||20|8|0
28|EN|0|green|s||24|4|0
28|EN|0|hut|s|'s|20|7|1
28|EN|0|illicit|||28|0|0
28|EN|0|indulging|||28|0|0
28|PI|0|koliyan|s||21|7|0
28|EN|0|notice|s||5|23|0
28|EN|0|overwhelmed|||28|0|0
28|EN|0|rampart|s||0|28|0
28|EN|0|reciting|||28|0|0
28|EN|0|regardless|||28|0|0
28|EN|0|renewed|||28|0|0
28|EN|0|rock|||28|0|0
28|EN|0|sad|||28|0|0
28|EN|0|scope|||28|0|0
28|2E|0|sensualities|||28|0|0
28|EN|0|servant|s||8|20|0
28|EN|0|shaken|||28|0|0
28|EN|0|shaved|||28|0|0
28|EN|0|since|||28|0|0
28|EN|0|singularity|||28|0|0
28|EN|0|sinking|||28|0|0
28|EN|0|spoke|s||23|5|0
28|EN|0|stained|||28|0|0
28|EN|0|stated|||28|0|0
28|EN|0|struck|||28|0|0
28|EN|0|swelling|s||26|2|0
28|EN|0|thieve|s||0|28|0
28|EN|0|tormenting|||28|0|0
28|EN|0|unbeneficial|||28|0|0
28|EN|0|unity|||28|0|0
28|EN|0|unsplattered|||28|0|0
28|EN|0|untorn|||28|0|0
28|EN|0|waste|s||27|1|0
28|EN|0|weakness|||28|0|0
28|EN|0|won|||28|0|0
27|EN|0|absorption|||27|0|0
27|EN|0|anointed|||27|0|0
27|EN|0|arguing|||27|0|0
27|PI|1|ariṭṭha|||27|0|0
27|EN|0|ashe|s||0|27|0
27|EN|0|assemblies|||27|0|0
27|EN|0|attacked|||27|0|0
27|EN|0|banner|s||20|7|0
27|EN|0|bath|s||23|4|0
27|EN|0|bend|s||6|21|0
27|EN|0|bile|||27|0|0
27|EN|0|breath|s||3|24|0
27|EN|0|categorical|||27|0|0
27|EN|0|cooled|||27|0|0
27|EN|0|covetous|||27|0|0
27|EN|0|crosses|||27|0|0
27|EN|0|demerit|||27|0|0
27|EN|0|describing|||27|0|0
27|EN|0|exhorted|||27|0|0
27|EN|0|extolled|||27|0|0
27|EN|0|glen|||27|0|0
27|EN|0|grounding|||27|0|0
27|EN|0|guarding|||27|0|0
27|EN|0|highway|s||22|5|0
27|EN|0|inconceivable|s||25|2|0
27|EN|0|measured|||27|0|0
27|EN|0|middling|||27|0|0
27|EN|0|mindfully|||27|0|0
27|EN|0|mixed|||27|0|0
27|EN|0|modest|||27|0|0
27|EN|0|novice|s|'s|22|4|1
27|EN|0|observe|s||15|12|0
27|EN|0|opponent|s|'s|10|10|7
27|EN|0|pavilion|||27|0|0
27|EN|0|refute|||27|0|0
27|EN|0|regret|s||26|1|0
27|EN|0|risen|||27|0|0
27|EN|0|seated|||27|0|0
27|EN|0|sink|s||20|7|0
27|EN|0|store|s||19|8|0
27|EN|0|thief|||27|0|0
27|EN|0|venerate|s||24|3|0
27|EN|0|ward|s||26|1|0
26|EN|0|acquiescence|||26|0|0
26|EN|0|addicted|||26|0|0
26|EN|0|ahead|||26|0|0
26|EN|0|attraction|||26|0|0
26|EN|0|bent|||26|0|0
26|2E|0|clingable|||26|0|0
26|EN|0|conquering|||26|0|0
26|EN|0|conscious|||26|0|0
26|EN|0|contempt|||26|0|0
26|EN|0|creator|s||24|2|0
26|EN|0|deluded|||26|0|0
26|PI|0|dhammapada|||26|0|0
26|EN|0|differing|||26|0|0
26|EN|0|disturbed|||26|0|0
26|EN|0|drooping|||26|0|0
26|EN|0|fist|s||3|23|0
26|EN|0|flaw|s||1|25|0
26|EN|0|folded|||26|0|0
26|EN|0|foster|s||22|4|0
26|EN|0|gem|s||13|13|0
26|EN|0|honorable|||26|0|0
26|EN|0|instructing|||26|0|0
26|EN|0|lacking|||26|0|0
26|EN|0|landing|||26|0|0
26|EN|0|loathing|||26|0|0
26|EN|0|messenger|s|'s|14|11|1
26|EN|0|met|||26|0|0
26|EN|0|monarch|s|'s|14|2|10
26|EN|0|offspring|||26|0|0
26|EN|0|owner|s||7|19|0
26|EN|0|perversion|s||13|13|0
26|EN|0|porridge|||26|0|0
26|EN|0|reflected|||26|0|0
26|EN|0|relic|s||0|26|0
26|EN|0|remembering|||26|0|0
26|EN|0|report|s||20|6|0
26|EN|0|rug|s||8|18|0
26|EN|0|running|||26|0|0
26|PI|1|sāla|||26|0|0
26|EN|0|session|s||7|19|0
26|EN|0|size|||26|0|0
26|EN|0|stable|||26|0|0
26|EN|0|standard|s||23|3|0
26|EN|0|steeped|||26|0|0
26|EN|0|stench|||26|0|0
26|EN|0|straw|||26|0|0
26|EN|0|tale|s||5|21|0
26|EN|0|territory|||26|0|0
26|EN|0|tie|s||14|12|0
26|EN|0|tranquil|||26|0|0
26|EN|0|transport|||26|0|0
26|EN|0|unpleasing|||26|0|0
26|EN|0|violence|||26|0|0
26|EN|0|wool|||26|0|0
26|PI|0|yama||'s|24|0|2
25|EN|0|affectionate|||25|0|0
25|PI|1|ambapālī|s|'s|19|1|5
25|EN|0|assert|s||18|7|0
25|EN|0|basic|s||21|4|0
25|EN|0|characteristic|s||0|25|0
25|EN|0|deceitful|||25|0|0
25|EN|0|detached|||25|0|0
25|EN|0|dissociated|||25|0|0
25|EN|0|eater|s|'s|11|13|1
25|EN|0|entanglement|s||24|1|0
25|EN|0|esteemed|||25|0|0
25|EN|0|formerly|||25|0|0
25|EN|0|general|||25|0|0
25|EN|0|grant|||25|0|0
25|EN|0|independently|||25|0|0
25|EN|0|inform|s||22|3|0
25|EN|0|inspired|||25|0|0
25|EN|0|knives|||25|0|0
25|EN|0|leaf|||25|0|0
25|EN|0|liberating|||25|0|0
25|EN|0|loud|||25|0|0
25|PI|0|magadhan|s||7|18|0
25|EN|0|miserable|||25|0|0
25|EN|0|overpower|s||12|13|0
25|EN|0|ox|||25|0|0
25|PI|1|pajāpati|s||24|1|0
25|EN|0|persevering|||25|0|0
25|PI|0|sabhiya|||25|0|0
25|EN|0|similar|||25|0|0
25|EN|0|snared|||25|0|0
25|EN|0|stainless|||25|0|0
25|EN|0|subside|||25|0|0
25|EN|0|twig|s||1|24|0
25|EN|0|ungrasped|||25|0|0
25|EN|0|unguarded|||25|0|0
25|EN|0|unperturbed|||25|0|0
25|EN|0|unprincipled|||25|0|0
25|EN|0|weeping|||25|0|0
25|EN|0|woe|||25|0|0
24|EN|0|abuse|s||18|6|0
24|EN|0|asceticism|||24|0|0
24|EN|0|attitude|s||21|3|0
24|EN|0|bean|s||5|19|0
24|EN|0|blame|||24|0|0
24|EN|0|burned|||24|0|0
24|EN|0|chain|s||20|4|0
24|EN|0|contortion|s||3|21|0
24|EN|0|deference|||24|0|0
24|EN|0|difficult|||24|0|0
24|EN|0|discipleship|||24|0|0
24|EN|0|dressed|||24|0|0
24|EN|0|dustless|||24|0|0
24|EN|0|exhibit|s||22|2|0
24|EN|0|exhort|s||22|2|0
24|EN|0|exhortation|||24|0|0
24|EN|0|explained|||24|0|0
24|EN|0|extremely|||24|0|0
24|EN|0|facing|||24|0|0
24|EN|0|fearful|||24|0|0
24|EN|0|game|s||10|14|0
24|PI|0|gandhabba|s||12|12|0
24|EN|0|haired|||24|0|0
24|EN|0|herself|||24|0|0
24|EN|0|jar|||24|0|0
24|EN|0|lineage|s||19|5|0
24|EN|0|lotuses|||24|0|0
24|PI|1|māluṅkyaputta|||24|0|0
24|EN|0|manly|||24|0|0
24|PI|0|nakula||'s|1|0|23
24|PI|1|nandamātar||'s|21|0|3
24|EN|0|oozing|s||23|1|0
24|EN|0|ourselves|||24|0|0
24|EN|0|paid|||24|0|0
24|EN|0|partaking|||24|0|0
24|EN|0|pour|s||22|2|0
24|EN|0|pressed|||24|0|0
24|EN|0|provoked|||24|0|0
24|PI|1|pūraṇa|||24|0|0
24|EN|0|questioning|||24|0|0
24|EN|0|relinquished|||24|0|0
24|EN|0|rose|||24|0|0
24|EN|0|sharing|||24|0|0
24|EN|0|siding|||24|0|0
24|EN|0|slough|s||8|16|0
24|EN|0|spending|||24|0|0
24|EN|0|stretch|||24|0|0
24|EN|0|study|||24|0|0
24|EN|0|swept|||24|0|0
24|EN|0|thorn|s||14|10|0
24|EN|0|turtle|s||22|2|0
24|EN|0|unrestricted|||24|0|0
24|EN|0|unrighteous|||24|0|0
24|EN|0|utmost|||24|0|0
24|PI|0|uttara||'s|22|0|2
24|EN|0|wrapped|||24|0|0
23|EN|0|aberration|||23|0|0
23|EN|0|accord|s||7|16|0
23|EN|0|affection|s||21|2|0
23|EN|0|ago|||23|0|0
23|EN|0|agreed|||23|0|0
23|EN|0|annihilated|||23|0|0
23|EN|0|annihilation|||23|0|0
23|EN|0|approaching|||23|0|0
23|EN|0|attended|||23|0|0
23|PI|1|bāhiya||'s|20|0|3
23|EN|0|bitter|||23|0|0
23|EN|0|blinded|||23|0|0
23|EN|0|bringing|||23|0|0
23|EN|0|bronze|||23|0|0
23|EN|0|burst|s||22|1|0
23|EN|0|circle|s||19|4|0
23|EN|0|circling|||23|0|0
23|EN|0|clad|||23|0|0
23|EN|0|colleague|s||0|23|0
23|EN|0|competent|||23|0|0
23|EN|0|consequence|s||0|23|0
23|EN|0|determination|s||12|11|0
23|EN|0|devotion|s||14|9|0
23|EN|0|disaster|s||18|5|0
23|EN|0|dissolution|||23|0|0
23|EN|0|drum|s||9|14|0
23|EN|0|event|s||5|18|0
23|EN|0|faint|s||6|17|0
23|EN|0|fisherman||'s|6|0|17
23|EN|0|fourfold|||23|0|0
23|EN|0|frequently|||23|0|0
23|EN|0|hawk|s||15|8|0
23|EN|0|impurities|||23|0|0
23|EN|0|killer|s||8|15|0
23|EN|0|luminous|||23|0|0
23|EN|0|maintenance|||23|0|0
23|EN|0|methodically|||23|0|0
23|EN|0|morsel|s||11|12|0
23|PI|1|nāgita|||23|0|0
23|PI|0|nandaka||'s|19|0|4
23|EN|0|private|||23|0|0
23|EN|0|reading|||23|0|0
23|EN|0|reappearance|||23|0|0
23|EN|0|recently|||23|0|0
23|EN|0|relay|||23|0|0
23|EN|0|releasing|||23|0|0
23|EN|0|relying|||23|0|0
23|EN|0|request|s||7|16|0
23|EN|0|rubbing|||23|0|0
23|EN|0|salty|||23|0|0
23|EN|0|scatter|s||14|9|0
23|EN|0|sickness|||23|0|0
23|EN|0|sleeping|||23|0|0
23|EN|0|star|s||6|17|0
23|EN|0|stomach|||23|0|0
23|EN|0|strengthened|||23|0|0
23|EN|0|stupid|||23|0|0
23|EN|0|supposition|s||21|2|0
23|EN|0|thirsty|||23|0|0
23|EN|0|unalert|||23|0|0
23|EN|0|unsullied|||23|0|0
23|PI|1|vāseṭṭha|||23|0|0
23|EN|0|western|||23|0|0
23|EN|0|winged|||23|0|0
23|PI|0|yamaka|||23|0|0
22|PI|1|āḷavī||'s|20|0|2
22|EN|0|aspect|s||0|22|0
22|EN|0|bedding|s||21|1|0
22|EN|0|belonging|s||12|10|0
22|PI|1|bhūmija||'s|16|0|6
22|EN|0|careful|||22|0|0
22|EN|0|categories|||22|0|0
22|EN|0|chewing|||22|0|0
22|EN|0|consistent|||22|0|0
22|EN|0|constitute|s||12|10|0
22|EN|0|continue|||22|0|0
22|EN|0|crocodile|s||16|6|0
22|EN|0|crowded|||22|0|0
22|EN|0|descent|s||21|1|0
22|EN|0|description|s||21|1|0
22|EN|0|desolate|||22|0|0
22|EN|0|detriment|||22|0|0
22|PI|1|dīghāvu|||22|0|0
22|EN|0|discrimination|||22|0|0
22|EN|0|dive|s||6|16|0
22|EN|0|doubtful|||22|0|0
22|EN|0|egg|s||9|13|0
22|EN|0|examining|||22|0|0
22|EN|0|falter|s||5|17|0
22|EN|0|feeding|||22|0|0
22|EN|0|forwardly|||22|0|0
22|PI|0|ghosita||'s|0|0|22
22|EN|0|grab|s||7|15|0
22|EN|0|guest|s||11|11|0
22|EN|0|hate|||22|0|0
22|PI|0|hatthaka|||22|0|0
22|EN|0|hinterland|s||21|1|0
22|EN|0|imagine|s||21|1|0
22|EN|0|impression|s||0|22|0
22|EN|0|knee|s||11|11|0
22|EN|0|limitless|||22|0|0
22|EN|0|lowly|||22|0|0
22|PI|1|māgandiya|||22|0|0
22|EN|0|marvel|s||4|18|0
22|EN|0|murderer|s||18|4|0
22|PI|0|nandiya|||22|0|0
22|EN|0|none|||22|0|0
22|PI|1|opāsāda|||22|0|0
22|EN|0|ordered|||22|0|0
22|EN|0|overpowered|||22|0|0
22|EN|0|pacing|||22|0|0
22|EN|0|plunged|||22|0|0
22|EN|0|pondered|||22|0|0
22|EN|0|prosper|s||15|7|0
22|EN|0|raw|||22|0|0
22|EN|0|repeated|||22|0|0
22|EN|0|repelled|||22|0|0
22|EN|0|revert|s||7|15|0
22|EN|0|rousing|||22|0|0
22|EN|0|sacrificial|||22|0|0
22|PI|0|sela||'s|21|0|1
22|EN|0|sesame|||22|0|0
22|PI|1|sīha|||22|0|0
22|EN|0|social|||22|0|0
22|EN|0|spit|||22|0|0
22|EN|0|standpoint|s||7|15|0
22|EN|0|steel|s||17|5|0
22|EN|0|stroke|s||6|16|0
22|EN|0|suffer|s||11|11|0
22|EN|0|suitable|||22|0|0
22|EN|0|tamer||'s|18|0|4
22|EN|0|tormented|||22|0|0
22|EN|0|toy|||22|0|0
22|EN|0|try|||22|0|0
22|EN|0|tusk|s||12|10|0
22|EN|0|unimpeded|||22|0|0
22|EN|0|unreal|||22|0|0
22|EN|0|upset|||22|0|0
22|EN|0|urgency|||22|0|0
22|EN|0|utter|s||16|6|0
22|PI|0|vacchagotta|||22|0|0
22|EN|0|vanishes|||22|0|0
22|EN|0|wriggling|s||20|2|0
21|EN|0|abashed|||21|0|0
21|EN|0|accepted|||21|0|0
21|EN|0|acquired|||21|0|0
21|EN|0|aglow|||21|0|0
21|EN|0|amend|s||0|21|0
21|EN|0|approval|||21|0|0
21|EN|0|association|||21|0|0
21|EN|0|bandit|s||11|10|0
21|EN|0|blissful|||21|0|0
21|EN|0|brighten|s||8|13|0
21|EN|0|carefully|||21|0|0
21|2E|0|circumambulated|||21|0|0
21|EN|0|cloak|||21|0|0
21|EN|0|colored|s||20|1|0
21|EN|0|concerned|||21|0|0
21|EN|0|conjoined|||21|0|0
21|EN|0|creature|s||1|20|0
21|EN|0|defecating|||21|0|0
21|EN|0|deities|||21|0|0
21|EN|0|disgrace|||21|0|0
21|EN|0|divested|||21|0|0
21|EN|0|downfall|||21|0|0
21|EN|0|dusty|||21|0|0
21|EN|0|feces|||21|0|0
21|EN|0|fingernail|s||20|1|0
21|EN|0|fuel|||21|0|0
21|PI|0|gavesin|||21|0|0
21|EN|0|gravel|||21|0|0
21|EN|0|health|||21|0|0
21|EN|0|hemmed|||21|0|0
21|EN|0|hillside|||21|0|0
21|EN|0|hook|s||14|7|0
21|EN|0|ignoble|||21|0|0
21|EN|0|indulged|||21|0|0
21|EN|0|investigate|s||11|10|0
21|EN|0|irritation|||21|0|0
21|EN|0|limpid|||21|0|0
21|EN|0|magic|||21|0|0
21|EN|0|maiden|s||15|6|0
21|EN|0|manifest|||21|0|0
21|EN|0|memories|||21|0|0
21|EN|0|meritorious|||21|0|0
21|EN|0|mount|s||18|3|0
21|EN|0|nail|s||0|21|0
21|EN|0|nymph|s||3|18|0
21|EN|0|onto|||21|0|0
21|EN|0|opportunity|||21|0|0
21|EN|0|perceived|||21|0|0
21|EN|0|picked|||21|0|0
21|EN|0|pillar|||21|0|0
21|EN|0|pride|||21|0|0
21|PI|1|rāma|||21|0|0
21|EN|0|recitation|s||18|3|0
21|EN|0|relishes|||21|0|0
21|EN|0|roll|s||14|7|0
21|PI|1|sañjaya|||21|0|0
21|PI|1|sāti|||21|0|0
21|EN|0|searches|||21|0|0
21|EN|0|selfishness|||21|0|0
21|EN|0|soft|||21|0|0
21|EN|0|succeed|s||12|9|0
21|PI|0|sunakkhatta|||21|0|0
21|PI|0|sundarika|||21|0|0
21|EN|0|suspicion|||21|0|0
21|EN|0|they've|||21|0|0
21|EN|0|trust|s||18|3|0
21|EN|0|uncertain|||21|0|0
21|EN|0|unskilled|||21|0|0
21|EN|0|uphold|s||0|21|0
21|EN|0|upon|||21|0|0
21|EN|0|urinating|||21|0|0
21|PI|1|visākha|||21|0|0
21|EN|0|watered|||21|0|0
21|EN|0|worried|||21|0|0
21|EN|0|wounded|||21|0|0
20|EN|0|advocate|s||18|2|0
20|PI|1|anurādha|||20|0|0
20|2E|0|aversive|||20|0|0
20|PI|1|bāvarī||'s|17|0|3
20|EN|0|big|||20|0|0
20|EN|0|blemished|||20|0|0
20|EN|0|chase|s||16|4|0
20|EN|0|cleansing|||20|0|0
20|EN|0|commit|s||18|2|0
20|EN|0|corrected|||20|0|0
20|EN|0|dazzle|s||10|10|0
20|EN|0|dearer|||20|0|0
20|EN|0|decrease|||20|0|0
20|EN|0|dedicated|||20|0|0
20|EN|0|depend|s||11|9|0
20|EN|0|depending|||20|0|0
20|EN|0|desirable|||20|0|0
20|EN|0|directing|||20|0|0
20|EN|0|discernible|||20|0|0
20|EN|0|doer|s|'s|16|3|1
20|EN|0|duality|||20|0|0
20|EN|0|eel|||20|0|0
20|EN|0|excited|||20|0|0
20|EN|0|expectation|s||0|20|0
20|EN|0|explore|s||5|15|0
20|EN|0|factored|||20|0|0
20|EN|0|fat|||20|0|0
20|EN|0|fight|s||4|16|0
20|EN|0|filthy|||20|0|0
20|2E|0|gatekeeper|||20|0|0
20|EN|0|help|||20|0|0
20|EN|0|hero|||20|0|0
20|EN|0|hit|s||18|2|0
20|EN|0|impurity|||20|0|0
20|EN|0|indra|s|'s|17|1|2
20|EN|0|indulge|s||12|8|0
20|EN|0|instance|s||6|14|0
20|PI|1|keṇiya||'s|19|0|1
20|PI|0|kuru|s||5|15|0
20|EN|0|learn|s||18|2|0
20|EN|0|lending|||20|0|0
20|EN|0|leper||'s|18|0|2
20|EN|0|limit|s||14|6|0
20|EN|0|merely|||20|0|0
20|EN|0|method|||20|0|0
20|EN|0|muslin|||20|0|0
20|2E|0|newcoming|||20|0|0
20|EN|0|originated|||20|0|0
20|EN|0|pacification|||20|0|0
20|EN|0|pained|||20|0|0
20|EN|0|plow|s|'s|11|8|1
20|EN|0|pole|s||14|6|0
20|EN|0|polite|||20|0|0
20|EN|0|posture|s||17|3|0
20|EN|0|pu|s||0|20|0
20|EN|0|purify|||20|0|0
20|EN|0|pyre|||20|0|0
20|EN|0|real|||20|0|0
20|EN|0|reception|||20|0|0
20|EN|0|recognized|||20|0|0
20|EN|0|responsive|||20|0|0
20|EN|0|retreat|||20|0|0
20|EN|0|rope|s||18|2|0
20|EN|0|rough|||20|0|0
20|EN|0|ruin|s||19|1|0
20|EN|0|salt|||20|0|0
20|EN|0|sandalwood|||20|0|0
20|EN|0|shrink|s||0|20|0
20|EN|0|soil||'s|19|0|1
20|EN|0|soup|||20|0|0
20|EN|0|spotless|||20|0|0
20|EN|0|springing|||20|0|0
20|EN|0|squadron|||20|0|0
20|PI|0|subhadda|||20|0|0
20|EN|0|swallow|s||19|1|0
20|EN|0|tenable|||20|0|0
20|EN|0|unagitated|||20|0|0
20|EN|0|untimely|||20|0|0
20|PI|0|vepacitti|||20|0|0
20|EN|0|win|s||15|5|0
20|EN|0|wisdom||'s|17|0|3
19|PI|1|āḷavaka|||19|0|0
19|EN|0|alive|||19|0|0
19|EN|0|allay|s||4|15|0
19|EN|0|archer|s|'s|10|7|2
19|EN|0|arousing|||19|0|0
19|EN|0|barley|||19|0|0
19|EN|0|bestow|||19|0|0
19|EN|0|binding|s||18|1|0
19|EN|0|brightened|||19|0|0
19|EN|0|ceremony|||19|0|0
19|EN|0|certainly|||19|0|0
19|EN|0|completed|||19|0|0
19|EN|0|corresponding|||19|0|0
19|EN|0|corrupted|||19|0|0
19|EN|0|cotton|||19|0|0
19|EN|0|crop|s||3|16|0
19|EN|0|cultivate|s||10|9|0
19|EN|0|cultivating|||19|0|0
19|EN|0|demon|s||2|17|0
19|EN|0|dialogue|s||0|19|0
19|EN|0|distaste|||19|0|0
19|EN|0|dollar|s||13|6|0
19|EN|0|eleven|||19|0|0
19|EN|0|engaging|||19|0|0
19|2E|0|eternalism|||19|0|0
19|EN|0|evident|||19|0|0
19|EN|0|examination|||19|0|0
19|EN|0|excellence|||19|0|0
19|EN|0|except|||19|0|0
19|EN|0|expansive|||19|0|0
19|EN|0|extending|||19|0|0
19|EN|0|fetch|||19|0|0
19|EN|0|fettering|||19|0|0
19|EN|0|finger|s||8|11|0
19|EN|0|fortnight|s||13|6|0
19|EN|0|golden|||19|0|0
19|EN|0|heading|||19|0|0
19|EN|0|impermanent|||19|0|0
19|EN|0|initiative|||19|0|0
19|EN|0|intended|||19|0|0
19|EN|0|interrupted|||19|0|0
19|EN|0|invaded|||19|0|0
19|EN|0|invite|s||10|9|0
19|PI|0|isidatta||'s|17|0|2
19|EN|0|jackal|s||15|4|0
19|PI|0|jayasena||'s|16|0|3
19|EN|0|kidney|s||6|13|0
19|EN|0|kinsman||'s|18|0|1
19|EN|0|lasting|||19|0|0
19|EN|0|loved|||19|0|0
19|EN|0|mentally|||19|0|0
19|EN|0|mortal|s||11|8|0
19|EN|0|mosquitoes|||19|0|0
19|EN|0|newcomer|s||5|14|0
19|EN|0|pasture|s||11|8|0
19|EN|0|preference|s||15|4|0
19|EN|0|pursuit|s||18|1|0
19|EN|0|robber|s||2|17|0
19|EN|0|rocky|||19|0|0
19|EN|0|sacrificed|||19|0|0
19|EN|0|satisfy|||19|0|0
19|EN|0|settled|||19|0|0
19|EN|0|showing|||19|0|0
19|EN|0|stability|||19|0|0
19|EN|0|tolerate|s||14|5|0
19|EN|0|torch|||19|0|0
19|EN|0|unafflicted|||19|0|0
19|EN|0|unhappy|||19|0|0
19|EN|0|untroubled|||19|0|0
19|EN|0|vanish|||19|0|0
19|EN|0|vitality|||19|0|0
19|EN|0|washing|||19|0|0
19|EN|0|wavering|s||18|1|0
19|EN|0|weariness|||19|0|0
19|EN|0|weren't|||19|0|0
19|EN|0|whip|s||7|12|0
19|EN|0|who've|||19|0|0
18|PI|1|abhibhū|||18|0|0
18|EN|0|acquiring|||18|0|0
18|EN|0|admonish|||18|0|0
18|EN|0|affirm|s||9|9|0
18|EN|0|alarm|s||8|10|0
18|EN|0|alien|||18|0|0
18|EN|0|analogy|||18|0|0
18|EN|0|ashamed|||18|0|0
18|EN|0|assistance|||18|0|0
18|EN|0|associated|||18|0|0
18|PI|0|baka|||18|0|0
18|EN|0|bathing|||18|0|0
18|EN|0|belly||'s|17|0|1
18|2P|0|brahma|s||15|3|0
18|EN|0|breaching|||18|0|0
18|EN|0|capital|s||15|3|0
18|EN|0|celibacy|||18|0|0
18|EN|0|chest|||18|0|0
18|EN|0|circled|||18|0|0
18|EN|0|consuming|||18|0|0
18|EN|0|controlled|||18|0|0
18|EN|0|correctly|||18|0|0
18|EN|0|cosmetic|s||1|17|0
18|EN|0|cry|||18|0|0
18|EN|0|dawn|||18|0|0
18|EN|0|deeply|||18|0|0
18|EN|0|dejected|||18|0|0
18|EN|0|delineating|||18|0|0
18|EN|0|discarded|||18|0|0
18|EN|0|disclosed|||18|0|0
18|EN|0|discussed|||18|0|0
18|EN|0|disintegration|||18|0|0
18|EN|0|dread|||18|0|0
18|EN|0|drift|||18|0|0
18|EN|0|dullard|s||14|4|0
18|EN|0|establish|||18|0|0
18|EN|0|exactly|||18|0|0
18|EN|0|failure|||18|0|0
18|EN|0|falsehood|s||17|1|0
18|EN|0|feminine|||18|0|0
18|EN|0|forerunner|||18|0|0
18|EN|0|gladdened|||18|0|0
18|EN|0|harshly|||18|0|0
18|EN|0|healthy|||18|0|0
18|EN|0|highly|||18|0|0
18|EN|0|incur|s||15|3|0
18|EN|0|intellectual|||18|0|0
18|EN|0|investigating|||18|0|0
18|EN|0|invisible|||18|0|0
18|EN|0|joint|s||2|16|0
18|EN|0|lute|s||16|2|0
18|EN|0|masculine|||18|0|0
18|EN|0|meager|||18|0|0
18|EN|0|mere|||18|0|0
18|EN|0|mirror|s||16|2|0
18|EN|0|motion|||18|0|0
18|EN|0|normally|||18|0|0
18|EN|0|oblation|s||6|12|0
18|EN|0|opposing|||18|0|0
18|EN|0|oppression|||18|0|0
18|EN|0|penetration|||18|0|0
18|EN|0|perfume|s||6|12|0
18|PI|0|phagguna|||18|0|0
18|EN|0|playfully|||18|0|0
18|EN|0|plenitude|||18|0|0
18|EN|0|plunder|s||16|2|0
18|EN|0|prison|||18|0|0
18|EN|0|providing|||18|0|0
18|EN|0|pulled|||18|0|0
18|EN|0|questioned|||18|0|0
18|EN|0|resolved|||18|0|0
18|EN|0|roofed|||18|0|0
18|PI|1|sāketa|||18|0|0
18|EN|0|saliva|||18|0|0
18|EN|0|scrupulous|||18|0|0
18|EN|0|sequel|||18|0|0
18|EN|0|serene|||18|0|0
18|EN|0|shadow|||18|0|0
18|EN|0|shaven|||18|0|0
18|EN|0|shiver|s||12|6|0
18|EN|0|shoot|s||14|4|0
18|EN|0|shown|||18|0|0
18|EN|0|sixteenth|||18|0|0
18|EN|0|skeleton|||18|0|0
18|EN|0|spring|s||9|9|0
18|EN|0|strain|||18|0|0
18|EN|0|summary|||18|0|0
18|EN|0|surgeon||'s|14|0|4
18|EN|0|tail|||18|0|0
18|EN|0|talkative|||18|0|0
18|EN|0|trembling|||18|0|0
18|PI|0|ugga|||18|0|0
18|EN|0|undergo|||18|0|0
18|EN|0|unmuddled|||18|0|0
18|EN|0|untamed|||18|0|0
18|PI|0|vappa|||18|0|0
18|EN|0|vine|s||11|7|0
18|PI|1|visākhā|||18|0|0
18|EN|0|wave|s||2|16|0
18|EN|0|whale|s||12|6|0
17|EN|0|achieved|||17|0|0
17|EN|0|admonished|||17|0|0
17|EN|0|analogies|||17|0|0
17|EN|0|analyzed|||17|0|0
17|EN|0|antelope|||17|0|0
17|EN|0|applies|||17|0|0
17|EN|0|ardently|||17|0|0
17|EN|0|assailed|||17|0|0
17|EN|0|attentively|||17|0|0
17|PI|1|bārāṇasī|||17|0|0
17|EN|0|barren|||17|0|0
17|EN|0|bathe|s||15|2|0
17|EN|0|beloved|||17|0|0
17|EN|0|butter|||17|0|0
17|EN|0|calling|||17|0|0
17|EN|0|causing|||17|0|0
17|EN|0|cavalry|||17|0|0
17|PI|0|channa|||17|0|0
17|2E|0|circumambulating|||17|0|0
17|EN|0|civilized|||17|0|0
17|EN|0|concern|||17|0|0
17|EN|0|conch|s||11|6|0
17|EN|0|conditioned|||17|0|0
17|EN|0|conjunction|||17|0|0
17|EN|0|continually|||17|0|0
17|EN|0|contrary|||17|0|0
17|EN|0|courtesan||'s|15|0|2
17|EN|0|crag|s||7|10|0
17|EN|0|creeper|s|'s|13|2|2
17|EN|0|crosswise|||17|0|0
17|EN|0|crown|||17|0|0
17|EN|0|deceit|s||15|2|0
17|EN|0|decrepit|||17|0|0
17|EN|0|departed|||17|0|0
17|EN|0|devotee|s||11|6|0
17|EN|0|dried|||17|0|0
17|EN|0|drive|s||14|3|0
17|2E|0|dualities|||17|0|0
17|EN|0|encounter|s||0|17|0
17|EN|0|entrenchment|s||14|3|0
17|EN|0|establishes|||17|0|0
17|EN|0|excessive|||17|0|0
17|EN|0|exclamation|s||5|12|0
17|EN|0|explaining|||17|0|0
17|EN|0|failing|s||4|13|0
17|EN|0|faring|||17|0|0
17|EN|0|faulted|||17|0|0
17|EN|0|feeble|||17|0|0
17|EN|0|finally|||17|0|0
17|EN|0|formulated|||17|0|0
17|PI|1|gosāla||'s|16|0|1
17|EN|0|grabbing|||17|0|0
17|EN|0|haunt|||17|0|0
17|EN|0|idiosyncratic|||17|0|0
17|EN|0|imprisonment|||17|0|0
17|EN|0|infatuation|||17|0|0
17|EN|0|infused|||17|0|0
17|EN|0|intensely|||17|0|0
17|PI|1|kevaṭṭa|||17|0|0
17|EN|0|mainly|||17|0|0
17|PI|0|meghiya|||17|0|0
17|EN|0|observing|||17|0|0
17|EN|0|penalties|||17|0|0
17|EN|0|perform|s||14|3|0
17|EN|0|persist|||17|0|0
17|EN|0|personal|||17|0|0
17|EN|0|pierced|||17|0|0
17|EN|0|pregnant|||17|0|0
17|EN|0|pristine|||17|0|0
17|EN|0|reclining|||17|0|0
17|EN|0|relinquish|||17|0|0
17|EN|0|revel|s||16|1|0
17|EN|0|riddle|||17|0|0
17|EN|0|riding|||17|0|0
17|EN|0|sadness|||17|0|0
17|EN|0|sand|||17|0|0
17|EN|0|separated|||17|0|0
17|EN|0|shield|s||13|4|0
17|EN|0|sovereign|s||16|1|0
17|EN|0|sovereignty|||17|0|0
17|EN|0|stabbing|||17|0|0
17|EN|0|subjugated|||17|0|0
17|EN|0|themeless|||17|0|0
17|PI|0|timbarukkha|||17|0|0
17|EN|0|turban|s||15|2|0
17|EN|0|tusker|s|'s|14|2|1
17|EN|0|undiscerning|||17|0|0
17|EN|0|undone|||17|0|0
17|EN|0|uneducated|||17|0|0
17|EN|0|urge|s||11|6|0
17|PI|1|vedehikā|||17|0|0
17|EN|0|vessel|s||14|3|0
17|EN|0|victory|||17|0|0
17|EN|0|villager|s|'s|0|7|10
17|EN|0|wait|||17|0|0
17|EN|0|weep|s||11|6|0
17|EN|0|welcoming|||17|0|0
16|EN|0|allayed|||16|0|0
16|EN|0|annoyance|||16|0|0
16|EN|0|armies|||16|0|0
16|EN|0|austerities|||16|0|0
16|EN|0|beautification|||16|0|0
16|EN|0|bending|||16|0|0
16|EN|0|benefactor|s||12|4|0
16|EN|0|bladed|||16|0|0
16|EN|0|cake|s||15|1|0
16|EN|0|caught|||16|0|0
16|EN|0|clay|||16|0|0
16|EN|0|closely|||16|0|0
16|EN|0|comfortably|||16|0|0
16|EN|0|compassionate|||16|0|0
16|EN|0|counsel|||16|0|0
16|EN|0|crushed|||16|0|0
16|PI|1|cūḷa|||16|0|0
16|EN|0|dancing|||16|0|0
16|EN|0|deadly|||16|0|0
16|EN|0|diffused|||16|0|0
16|EN|0|diligence|||16|0|0
16|EN|0|dismissed|||16|0|0
16|EN|0|distance|s||14|2|0
16|EN|0|doctor|s||15|1|0
16|EN|0|effulgent|||16|0|0
16|EN|0|enduring|||16|0|0
16|EN|0|envisioning|||16|0|0
16|EN|0|evaluate|s||3|13|0
16|EN|0|faction|s||3|13|0
16|EN|0|farmer|s||8|8|0
16|EN|0|fast|||16|0|0
16|EN|0|fathomed|||16|0|0
16|EN|0|fly|||16|0|0
16|EN|0|ford|s||6|10|0
16|EN|0|foul|||16|0|0
16|EN|0|fraudulent|||16|0|0
16|EN|0|garden|s||15|1|0
16|PI|1|gayā|||16|0|0
16|EN|0|goaded|||16|0|0
16|EN|0|guarantor|||16|0|0
16|PI|1|hatthisārīputta||'s|14|0|2
16|EN|0|heedfully|||16|0|0
16|EN|0|heeding|||16|0|0
16|EN|0|heroes|||16|0|0
16|EN|0|hole|s||9|7|0
16|EN|0|inflict|s||12|4|0
16|EN|0|intoxicant|s||0|16|0
16|EN|0|invited|||16|0|0
16|EN|0|involved|||16|0|0
16|PI|1|jambukhādaka|||16|0|0
16|EN|0|jujube|s||12|4|0
16|EN|0|lavish|||16|0|0
16|EN|0|law|s||14|2|0
16|EN|0|lawfulness|||16|0|0
16|EN|0|linen|||16|0|0
16|EN|0|marrow|||16|0|0
16|EN|0|moisture|||16|0|0
16|EN|0|mucus|||16|0|0
16|EN|0|mutilating|||16|0|0
16|PI|1|nāla|||16|0|0
16|EN|0|occasional|||16|0|0
16|EN|0|oppressed|||16|0|0
16|PI|1|pahārāda|||16|0|0
16|EN|0|partaken|||16|0|0
16|EN|0|perseverance|||16|0|0
16|EN|0|plunging|||16|0|0
16|EN|0|produced|||16|0|0
16|EN|0|properly|||16|0|0
16|EN|0|purged|||16|0|0
16|EN|0|quail|s||14|2|0
16|PI|1|rāmaputta|||16|0|0
16|EN|0|reache|s||0|16|0
16|EN|0|reality|||16|0|0
16|EN|0|reasonable|||16|0|0
16|EN|0|reckoning|||16|0|0
16|EN|0|referring|||16|0|0
16|EN|0|relentlessness|||16|0|0
16|EN|0|respectful|||16|0|0
16|EN|0|safely|||16|0|0
16|EN|0|sappy|||16|0|0
16|EN|0|serious|||16|0|0
16|EN|0|sheep|||16|0|0
16|EN|0|shot|s||10|6|0
16|EN|0|sixty|||16|0|0
16|EN|0|slope|s||7|9|0
16|EN|0|spite|||16|0|0
16|EN|0|steal|s||5|11|0
16|EN|0|stem|s||5|11|0
16|EN|0|supporter|s||5|11|0
16|EN|0|sure|||16|0|0
16|EN|0|termination|||16|0|0
16|EN|0|throughout|||16|0|0
16|EN|0|trade|||16|0|0
16|EN|0|unaffected|||16|0|0
16|EN|0|undaunted|||16|0|0
16|EN|0|unentangled|||16|0|0
16|EN|0|uninfatuated|||16|0|0
16|EN|0|unprofitable|||16|0|0
16|EN|0|unsmeared|||16|0|0
16|PI|1|uruvelā|||16|0|0
16|PI|0|uttiya|||16|0|0
16|EN|0|victor|s|'s|13|1|2
16|EN|0|wealthy|||16|0|0
16|EN|0|wearer|s|'s|12|2|2
16|EN|0|whirlpool|s||5|11|0
16|EN|0|willing|||16|0|0
16|EN|0|wore|||16|0|0
16|EN|0|worldly|||16|0|0
15|PI|0|abhaya||'s|14|0|1
15|EN|0|arrange|s||14|1|0
15|EN|0|beast|s||3|12|0
15|EN|0|belong|s||7|8|0
15|EN|0|block|s||11|4|0
15|EN|0|border|s||2|13|0
15|EN|0|catch|||15|0|0
15|EN|0|ceasing|||15|0|0
15|EN|0|charge|||15|0|0
15|EN|0|confirmed|||15|0|0
15|EN|0|crooked|||15|0|0
15|EN|0|cruel|||15|0|0
15|EN|0|debauched|||15|0|0
15|EN|0|defensiveness|||15|0|0
15|EN|0|determined|||15|0|0
15|EN|0|donation|s||11|4|0
15|EN|0|drank|||15|0|0
15|EN|0|earthquake|||15|0|0
15|EN|0|ebb|||15|0|0
15|EN|0|ebbing|||15|0|0
15|EN|0|eighteen|||15|0|0
15|EN|0|encouraging|||15|0|0
15|EN|0|endurance|||15|0|0
15|EN|0|escaped|||15|0|0
15|EN|0|evaluating|||15|0|0
15|EN|0|excess|||15|0|0
15|EN|0|expressed|||15|0|0
15|EN|0|fashioned|||15|0|0
15|EN|0|fiber|s||14|1|0
15|EN|0|fowl|||15|0|0
15|EN|0|glamorous|||15|0|0
15|EN|0|goer|s||14|1|0
15|EN|0|grasses|||15|0|0
15|EN|0|greatness|||15|0|0
15|EN|0|grown|||15|0|0
15|EN|0|harass|||15|0|0
15|EN|0|hypocrisy|||15|0|0
15|EN|0|infantry|||15|0|0
15|EN|0|intentionally|||15|0|0
15|EN|0|interest|s||9|6|0
15|EN|0|jewel|s||6|9|0
15|PI|0|kimbila|||15|0|0
15|EN|0|kingship|||15|0|0
15|EN|0|least|||15|0|0
15|EN|0|lovely|||15|0|0
15|PI|0|mahaka|||15|0|0
15|PI|0|makkhali|||15|0|0
15|PI|0|mallaputta|||15|0|0
15|EN|0|mare|s||2|13|0
15|EN|0|masses|||15|0|0
15|EN|0|massive|||15|0|0
15|EN|0|meditative|||15|0|0
15|EN|0|minor|||15|0|0
15|EN|0|modesty|||15|0|0
15|EN|0|note|||15|0|0
15|EN|0|nourished|||15|0|0
15|EN|0|nursing|||15|0|0
15|2E|0|obscuration|s||8|7|0
15|EN|0|observance|s||12|3|0
15|EN|0|original|||15|0|0
15|EN|0|oxen|||15|0|0
15|EN|0|patchwork|||15|0|0
15|EN|0|pebble|s||0|15|0
15|EN|0|permeated|||15|0|0
15|EN|0|pick|s||11|4|0
15|EN|0|piled|||15|0|0
15|EN|0|quiet|||15|0|0
15|EN|0|reap|||15|0|0
15|EN|0|resentment|||15|0|0
15|EN|0|revealed|||15|0|0
15|EN|0|rinsed|||15|0|0
15|EN|0|service|s||9|6|0
15|EN|0|sheath|s||13|2|0
15|EN|0|shooting|||15|0|0
15|EN|0|shored|||15|0|0
15|EN|0|shorter|||15|0|0
15|EN|0|singing|||15|0|0
15|EN|0|slack|||15|0|0
15|EN|0|slander|s||12|3|0
15|EN|0|slight|||15|0|0
15|EN|0|sluggish|||15|0|0
15|EN|0|sorrowing|||15|0|0
15|EN|0|southern|||15|0|0
15|EN|0|stripped|||15|0|0
15|EN|0|stuck|||15|0|0
15|EN|0|suspect|||15|0|0
15|EN|0|thigh|s||10|5|0
15|EN|0|torture|s||12|3|0
15|EN|0|transmigrated|||15|0|0
15|EN|0|trap|||15|0|0
15|EN|0|treated|||15|0|0
15|EN|0|twofold|||15|0|0
15|EN|0|unanalyzed|||15|0|0
15|EN|0|undoing|||15|0|0
15|EN|0|uneven|||15|0|0
15|EN|0|united|||15|0|0
15|EN|0|unloathsomeness|||15|0|0
15|EN|0|untiring|||15|0|0
15|EN|0|value|||15|0|0
15|EN|0|variation|s||0|15|0
15|PI|1|vāsiṭṭha|s||0|15|0
15|EN|0|veneration|||15|0|0
15|EN|0|waiting|||15|0|0
15|EN|0|waking|||15|0|0
15|EN|0|wasting|||15|0|0
15|EN|0|we'll|||15|0|0
15|EN|0|wholly|||15|0|0
15|EN|0|worse|||15|0|0
14|EN|0|activate|s||0|14|0
14|EN|0|addressing|||14|0|0
14|EN|0|anguish|||14|0|0
14|EN|0|austerity|||14|0|0
14|EN|0|barely|||14|0|0
14|EN|0|basket|||14|0|0
14|2E|0|bathman||'s|7|0|7
14|EN|0|beam|s||7|7|0
14|EN|0|beaten|||14|0|0
14|EN|0|beating|s||13|1|0
14|EN|0|beforehand|||14|0|0
14|PI|1|bimbisāra|||14|0|0
14|EN|0|blaze|s||5|9|0
14|EN|0|brightness|||14|0|0
14|EN|0|brooding|||14|0|0
14|EN|0|bucket|s||6|8|0
14|EN|0|carrie|s||0|14|0
14|EN|0|casting|||14|0|0
14|EN|0|central|||14|0|0
14|EN|0|classification|s||7|7|0
14|EN|0|compelling|||14|0|0
14|EN|0|comrade|s||1|13|0
14|EN|0|consideration|s||9|5|0
14|EN|0|considering|||14|0|0
14|EN|0|counteract|||14|0|0
14|EN|0|cream|s||0|14|0
14|EN|0|crookedness|||14|0|0
14|PI|0|cundaka|||14|0|0
14|EN|0|cycle|||14|0|0
14|EN|0|damaging|||14|0|0
14|EN|0|deception|s||13|1|0
14|EN|0|destroyer|||14|0|0
14|EN|0|devote|s||11|3|0
14|EN|0|disclose|s||10|4|0
14|EN|0|displeased|||14|0|0
14|EN|0|embryo|||14|0|0
14|EN|0|envious|||14|0|0
14|EN|0|essential|||14|0|0
14|EN|0|executioner|s|'s|6|6|2
14|EN|0|exerting|||14|0|0
14|EN|0|exultant|||14|0|0
14|EN|0|fifteenth|||14|0|0
14|EN|0|finish|||14|0|0
14|EN|0|fixed|||14|0|0
14|EN|0|flee|s||13|1|0
14|EN|0|formlessness|||14|0|0
14|EN|0|garment|s||0|14|0
14|EN|0|gladdening|||14|0|0
14|EN|0|grabbed|||14|0|0
14|EN|0|grand|||14|0|0
14|EN|0|grew|||14|0|0
14|EN|0|handle|||14|0|0
14|EN|0|harmoniously|||14|0|0
14|EN|0|he'd|||14|0|0
14|EN|0|hill|s||12|2|0
14|EN|0|incompetent|||14|0|0
14|EN|0|intend|s||10|4|0
14|EN|0|invitation|s||12|2|0
14|PI|1|kāmabhū||'s|4|0|10
14|EN|0|lesser|||14|0|0
14|EN|0|lifetime|s||6|8|0
14|EN|0|load|s||13|1|0
14|EN|0|lot|s||12|2|0
14|EN|0|merciful|||14|0|0
14|EN|0|moved|||14|0|0
14|EN|0|mud|||14|0|0
14|EN|0|murderous|||14|0|0
14|PI|1|nādikā|||14|0|0
14|EN|0|overly|||14|0|0
14|PI|0|pakudha|||14|0|0
14|EN|0|panic|||14|0|0
14|PI|1|pāvāla|||14|0|0
14|EN|0|permeating|||14|0|0
14|EN|0|pierce|s||13|1|0
14|EN|0|pin|s||13|1|0
14|EN|0|pitch|||14|0|0
14|EN|0|playing|||14|0|0
14|EN|0|plenty|||14|0|0
14|EN|0|preceptor|||14|0|0
14|EN|0|punishment|s||10|4|0
14|EN|0|quake|s||8|6|0
14|EN|0|quotation|s||3|11|0
14|PI|1|rādha|||14|0|0
14|EN|0|ram|s||5|9|0
14|EN|0|rearise|s||2|12|0
14|EN|0|reliable|||14|0|0
14|EN|0|renouncing|||14|0|0
14|EN|0|rowdy|||14|0|0
14|EN|0|rushes|||14|0|0
14|EN|0|seep|s||13|1|0
14|EN|0|separating|||14|0|0
14|EN|0|separation|||14|0|0
14|EN|0|shaft|||14|0|0
14|EN|0|shopkeeper|||14|0|0
14|EN|0|situation|s||12|2|0
14|EN|0|society|||14|0|0
14|EN|0|sorrowless|||14|0|0
14|EN|0|sow|s||13|1|0
14|EN|0|splitting|||14|0|0
14|EN|0|stingy|||14|0|0
14|EN|0|strand|s||0|14|0
14|EN|0|stressfulness|||14|0|0
14|EN|0|stretches|||14|0|0
14|EN|0|strung|||14|0|0
14|EN|0|threatened|||14|0|0
14|PI|1|thullakoṭṭhita|||14|0|0
14|EN|0|track|s||10|4|0
14|EN|0|transgress|||14|0|0
14|EN|0|tremble|s||11|3|0
14|EN|0|triple|||14|0|0
14|PI|0|udaya||'s|13|0|1
14|EN|0|uncentered|||14|0|0
14|EN|0|unconcerned|||14|0|0
14|EN|0|undisclosed|||14|0|0
14|EN|0|unrefuted|||14|0|0
14|EN|0|unshakeable|||14|0|0
14|EN|0|unshaken|||14|0|0
14|EN|0|untrue|||14|0|0
14|PI|0|upasena||'s|10|0|4
14|EN|0|urging|||14|0|0
14|EN|0|vacillation|||14|0|0
14|EN|0|varied|||14|0|0
14|EN|0|variety|||14|0|0
14|PI|1|velaṭṭhaputta||'s|13|0|1
14|EN|0|willed|||14|0|0
14|EN|0|yield|s||2|12|0
13|EN|0|absent|||13|0|0
13|EN|0|absolutely|||13|0|0
13|EN|0|according|||13|0|0
13|EN|0|accumulation|s||11|2|0
13|EN|0|adopting|||13|0|0
13|EN|0|adorned|||13|0|0
13|EN|0|ah|||13|0|0
13|2E|0|almsround|||13|0|0
13|EN|0|alter|s||5|8|0
13|EN|0|amassed|||13|0|0
13|EN|0|apprehensive|||13|0|0
13|EN|0|attractive|||13|0|0
13|EN|0|backsliding|||13|0|0
13|EN|0|bet|||13|0|0
13|PI|0|bhaggas|||13|0|0
13|EN|0|bloody|||13|0|0
13|EN|0|breakthrough|||13|0|0
13|PI|1|campā|||13|0|0
13|EN|0|care|||13|0|0
13|EN|0|cemeteries|||13|0|0
13|EN|0|chaff|||13|0|0
13|EN|0|chained|||13|0|0
13|EN|0|circumscribed|||13|0|0
13|EN|0|companionship|||13|0|0
13|EN|0|concentrate|s||2|11|0
13|EN|0|converge|||13|0|0
13|EN|0|converting|||13|0|0
13|EN|0|copper|||13|0|0
13|EN|0|corruption|s||3|10|0
13|PI|1|dāsaka|||13|0|0
13|EN|0|defile|s||11|2|0
13|EN|0|deft|||13|0|0
13|EN|0|dependencies|||13|0|0
13|EN|0|descend|s||6|7|0
13|EN|0|designation|s||12|1|0
13|EN|0|destroying|||13|0|0
13|EN|0|determine|s||4|9|0
13|2E|0|discernable|||13|0|0
13|EN|0|driver||'s|6|0|7
13|EN|0|enterer|s||12|1|0
13|EN|0|example|||13|0|0
13|EN|0|exception|||13|0|0
13|EN|0|explicate|||13|0|0
13|EN|0|exploration|s||4|9|0
13|EN|0|exterminated|||13|0|0
13|EN|0|fate|||13|0|0
13|EN|0|fearless|||13|0|0
13|EN|0|fortuitously|||13|0|0
13|EN|0|goldsmith||'s|7|0|6
13|EN|0|greet|||13|0|0
13|EN|0|hardship|||13|0|0
13|EN|0|hateful|||13|0|0
13|EN|0|hemp|||13|0|0
13|EN|0|himalaya|s||0|13|0
13|EN|0|hostile|||13|0|0
13|EN|0|inappropriately|||13|0|0
13|EN|0|inclination|s||8|5|0
13|EN|0|inscription|s||12|1|0
13|EN|0|inspire|s||10|3|0
13|EN|0|insulted|||13|0|0
13|2P|0|jain|s||8|5|0
13|PI|1|jāṇussoṇin|||13|0|0
13|EN|0|jumping|||13|0|0
13|EN|0|junior|||13|0|0
13|PI|1|kaccāyana||'s|12|0|1
13|PI|0|kesakambalin||'s|12|0|1
13|PI|0|khema|||13|0|0
13|EN|0|leaning|||13|0|0
13|EN|0|lifted|||13|0|0
13|EN|0|lightning|||13|0|0
13|EN|0|liver|||13|0|0
13|EN|0|logic|||13|0|0
13|EN|0|lung|s||0|13|0
13|PI|1|mahāpajāpati|||13|0|0
13|EN|0|malicious|||13|0|0
13|EN|0|maturity|||13|0|0
13|EN|0|maybe|||13|0|0
13|EN|0|mendicant|s||7|6|0
13|EN|0|miserly|||13|0|0
13|EN|0|moderate|||13|0|0
13|PI|0|nibbuti|||13|0|0
13|EN|0|nurse|s||12|1|0
13|EN|0|obscured|||13|0|0
13|EN|0|obstructive|||13|0|0
13|EN|0|peerless|||13|0|0
13|EN|0|positioned|||13|0|0
13|EN|0|presented|||13|0|0
13|EN|0|professional|||13|0|0
13|EN|0|proficiency|||13|0|0
13|EN|0|profitable|||13|0|0
13|PI|0|pukkusa|||13|0|0
13|EN|0|quietude|||13|0|0
13|EN|0|rafter|s||2|11|0
13|EN|0|raise|||13|0|0
13|EN|0|rather|||13|0|0
13|EN|0|recovery|||13|0|0
13|EN|0|rejecting|||13|0|0
13|EN|0|relaxing|||13|0|0
13|EN|0|remind|s||1|12|0
13|EN|0|repellent|||13|0|0
13|EN|0|ripened|||13|0|0
13|EN|0|rotting|||13|0|0
13|EN|0|saddened|||13|0|0
13|EN|0|safeguard|s||7|6|0
13|EN|0|seamstress|||13|0|0
13|PI|0|seniya|||13|0|0
13|EN|0|sent|||13|0|0
13|EN|0|sheer|||13|0|0
13|PI|1|sikhī|||13|0|0
13|PI|1|sirivaḍḍha||'s|11|0|2
13|EN|0|slavery|||13|0|0
13|EN|0|smith|s|'s|5|6|2
13|PI|1|somā|||13|0|0
13|EN|0|spleen|||13|0|0
13|EN|0|sprinkling|||13|0|0
13|EN|0|stir|||13|0|0
13|EN|0|strife|||13|0|0
13|EN|0|suffused|||13|0|0
13|EN|0|synonym|||13|0|0
13|EN|0|tender|||13|0|0
13|EN|0|thread|s||11|2|0
13|EN|0|throat|s||12|1|0
13|PI|0|tusita|s||12|1|0
13|EN|0|unaroused|||13|0|0
13|EN|0|unborn|||13|0|0
13|EN|0|uncelibacy|||13|0|0
13|EN|0|unconquered|||13|0|0
13|EN|0|uprooting|||13|0|0
13|EN|0|upside|||13|0|0
13|PI|1|vibhaṅga|||13|0|0
13|EN|0|victorious|||13|0|0
13|EN|0|war|||13|0|0
13|EN|0|watches|||13|0|0
13|EN|0|you'll|||13|0|0
12|EN|0|actor|s||9|3|0
12|PI|1|ājīvaka|s||9|3|0
12|EN|0|alighted|||12|0|0
12|EN|0|ancestral|||12|0|0
12|EN|0|annoy|||12|0|0
12|EN|0|asking|||12|0|0
12|EN|0|aspiration|s||11|1|0
12|EN|0|assembled|||12|0|0
12|EN|0|attacking|||12|0|0
12|PI|1|bhesakaḷā|||12|0|0
12|EN|0|blindness|||12|0|0
12|EN|0|boil|s||9|3|0
12|EN|0|boiling|||12|0|0
12|EN|0|breadfruit|||12|0|0
12|EN|0|bridge|||12|0|0
12|EN|0|brood|s||8|4|0
12|EN|0|brow|s||10|2|0
12|EN|0|bulk|||12|0|0
12|EN|0|carrier|||12|0|0
12|EN|0|carve|||12|0|0
12|EN|0|cat|s|'s|7|1|4
12|EN|0|categorically|||12|0|0
12|EN|0|censured|||12|0|0
12|EN|0|center|||12|0|0
12|EN|0|chant|s||5|7|0
12|EN|0|clarity|||12|0|0
12|EN|0|clash|||12|0|0
12|EN|0|collected|||12|0|0
12|EN|0|commodities|||12|0|0
12|EN|0|comparison|||12|0|0
12|EN|0|concomitant|s||8|4|0
12|EN|0|contemplate|s||5|7|0
12|EN|0|continuance|||12|0|0
12|EN|0|convenience|||12|0|0
12|EN|0|convention|s||4|8|0
12|EN|0|convert|s||8|4|0
12|EN|0|convince|||12|0|0
12|EN|0|cook|s||7|5|0
12|EN|0|cover|s||4|8|0
12|EN|0|cup|||12|0|0
12|EN|0|cushion|s||2|10|0
12|PI|0|dabba|||12|0|0
12|EN|0|decision|s||7|5|0
12|EN|0|delicacy|||12|0|0
12|EN|0|delirious|||12|0|0
12|EN|0|departure|||12|0|0
12|EN|0|dig|s||9|3|0
12|EN|0|diligent|||12|0|0
12|EN|0|discard|s||5|7|0
12|EN|0|disgust|||12|0|0
12|EN|0|disparagement|||12|0|0
12|EN|0|dissatisfaction|||12|0|0
12|EN|0|district|s||8|4|0
12|EN|0|disturb|||12|0|0
12|EN|0|divisively|||12|0|0
12|EN|0|drooling|||12|0|0
12|EN|0|educated|||12|0|0
12|EN|0|exclaim|s||11|1|0
12|EN|0|expelled|||12|0|0
12|EN|0|familiarized|||12|0|0
12|EN|0|fathom|s||10|2|0
12|EN|0|ferreted|||12|0|0
12|EN|0|flowed|||12|0|0
12|EN|0|folding|||12|0|0
12|EN|0|fortuitous|||12|0|0
12|EN|0|fresh|||12|0|0
12|EN|0|freshwater|||12|0|0
12|2E|0|gatehouse|||12|0|0
12|EN|0|gentle|||12|0|0
12|EN|0|gently|||12|0|0
12|EN|0|gossip|||12|0|0
12|EN|0|guarantee|||12|0|0
12|EN|0|guild|s||10|2|0
12|EN|0|guiltless|||12|0|0
12|EN|0|habituation|||12|0|0
12|EN|0|hammered|||12|0|0
12|EN|0|handsome|||12|0|0
12|EN|0|harassed|||12|0|0
12|EN|0|heedlessly|||12|0|0
12|EN|0|humiliated|||12|0|0
12|EN|0|hyena|s||5|7|0
12|EN|0|incite|s||2|10|0
12|EN|0|income|||12|0|0
12|EN|0|instigate|s||0|12|0
12|PI|0|kasi|s||11|1|0
12|PI|1|kondañña|||12|0|0
12|EN|0|latent|||12|0|0
12|EN|0|laughing|||12|0|0
12|EN|0|lean|s||5|7|0
12|EN|0|legitimate|||12|0|0
12|EN|0|lip|s||6|6|0
12|EN|0|lump|s||11|1|0
12|EN|0|luxuriously|||12|0|0
12|EN|0|malevolent|||12|0|0
12|EN|0|member|s||1|11|0
12|EN|0|misery|||12|0|0
12|EN|0|move|s||11|1|0
12|EN|0|naked|||12|0|0
12|PI|1|nerañjarā|||12|0|0
12|EN|0|numerous|||12|0|0
12|EN|0|obsess|||12|0|0
12|EN|0|obsesses|||12|0|0
12|EN|0|overeating|||12|0|0
12|EN|0|passionate|||12|0|0
12|EN|0|perishes|||12|0|0
12|EN|0|permutation|s||2|10|0
12|EN|0|perpetually|||12|0|0
12|EN|0|pertaining|||12|0|0
12|EN|0|picking|||12|0|0
12|EN|0|picture|s||5|7|0
12|EN|0|played|||12|0|0
12|EN|0|plunge|s||11|1|0
12|EN|0|pressing|||12|0|0
12|EN|0|prior|||12|0|0
12|EN|0|purge|s||0|12|0
12|EN|0|raining|||12|0|0
12|EN|0|reclusive|||12|0|0
12|EN|0|refer|s||4|8|0
12|EN|0|refresh|||12|0|0
12|EN|0|rejected|||12|0|0
12|EN|0|relentlessly|||12|0|0
12|EN|0|revealing|||12|0|0
12|EN|0|ripening|||12|0|0
12|EN|0|rot|||12|0|0
12|PI|1|sarakāni|||12|0|0
12|EN|0|saucerful|s||5|7|0
12|EN|0|scorn|||12|0|0
12|EN|0|scratch|||12|0|0
12|EN|0|seasonable|||12|0|0
12|EN|0|shoal|s||0|12|0
12|EN|0|shower|s||4|8|0
12|EN|0|smitten|||12|0|0
12|EN|0|sole|s||1|11|0
12|EN|0|solely|||12|0|0
12|EN|0|soothing|||12|0|0
12|EN|0|spike|s||7|5|0
12|EN|0|spine|||12|0|0
12|EN|0|splendor|s||10|2|0
12|EN|0|staff|s||10|2|0
12|EN|0|supposed|||12|0|0
12|EN|0|surmounting|||12|0|0
12|EN|0|survival|||12|0|0
12|EN|0|sweep|s||5|7|0
12|EN|0|swimming|||12|0|0
12|EN|0|talked|||12|0|0
12|EN|0|tame|s||11|1|0
12|PI|1|tapodā|||12|0|0
12|EN|0|theft|||12|0|0
12|EN|0|thousandth|||12|0|0
12|EN|0|tom|s||6|6|0
12|EN|0|trapped|||12|0|0
12|EN|0|treasuring|||12|0|0
12|EN|0|treatment|s||8|4|0
12|EN|0|turbid|||12|0|0
12|EN|0|unappealing|||12|0|0
12|EN|0|unconnected|||12|0|0
12|EN|0|undesirable|||12|0|0
12|EN|0|unfaulted|||12|0|0
12|EN|0|unfettered|||12|0|0
12|EN|0|unknowing|||12|0|0
12|EN|0|unknown|||12|0|0
12|EN|0|unruffled|||12|0|0
12|EN|0|unseen|||12|0|0
12|EN|0|unsympathetic|||12|0|0
12|PI|1|upavāṇa|||12|0|0
12|PI|0|uruvelakappa|||12|0|0
12|PI|0|vedehiputta|||12|0|0
12|EN|0|wane|s||9|3|0
12|EN|0|weaker|||12|0|0
12|EN|0|welling|||12|0|0
12|EN|0|wheat|||12|0|0
12|EN|0|wick|||12|0|0
12|EN|0|wine|||12|0|0
12|EN|0|winning|||12|0|0
12|EN|0|wishing|||12|0|0
12|EN|0|witted|||12|0|0
12|EN|0|wrap|s||10|2|0
12|EN|0|yoked|||12|0|0
12|EN|0|youngster|s||8|4|0
11|EN|0|adjusting|||11|0|0
11|EN|0|advice|||11|0|0
11|EN|0|aiming|||11|0|0
11|EN|0|aloof|||11|0|0
11|PI|1|aṅga|s||4|7|0
11|EN|0|annoyed|||11|0|0
11|EN|0|appointed|||11|0|0
11|EN|0|arrayed|||11|0|0
11|EN|0|arrogant|||11|0|0
11|EN|0|asset|||11|0|0
11|EN|0|assistant|s||8|3|0
11|EN|0|attenuation|||11|0|0
11|EN|0|awe|||11|0|0
11|EN|0|axle|||11|0|0
11|EN|0|beautifying|||11|0|0
11|EN|0|blown|||11|0|0
11|EN|0|brim|||11|0|0
11|EN|0|brittle|||11|0|0
11|EN|0|brown|||11|0|0
11|EN|0|busy|||11|0|0
11|EN|0|calculating|||11|0|0
11|EN|0|canopy|||11|0|0
11|EN|0|catching|||11|0|0
11|EN|0|cemetery|||11|0|0
11|EN|0|chew|s||10|1|0
11|EN|0|clod|s||3|8|0
11|EN|0|concentrating|||11|0|0
11|EN|0|constricted|||11|0|0
11|EN|0|construction|||11|0|0
11|EN|0|cordially|||11|0|0
11|EN|0|corn|||11|0|0
11|EN|0|court|||11|0|0
11|EN|0|criticizing|||11|0|0
11|EN|0|crossing|||11|0|0
11|EN|0|crush|||11|0|0
11|EN|0|dangerous|||11|0|0
11|EN|0|deceive|s||9|2|0
11|EN|0|deceptive|||11|0|0
11|EN|0|defective|||11|0|0
11|EN|0|demolish|||11|0|0
11|EN|0|despised|||11|0|0
11|EN|0|disparaging|||11|0|0
11|EN|0|drawing|||11|0|0
11|EN|0|dwarf|||11|0|0
11|EN|0|earned|||11|0|0
11|EN|0|edge|s||10|1|0
11|EN|0|elsewhere|||11|0|0
11|EN|0|enjoyed|||11|0|0
11|EN|0|fed|||11|0|0
11|EN|0|fined|||11|0|0
11|EN|0|flourish|||11|0|0
11|EN|0|fluid|||11|0|0
11|EN|0|fraud|s||9|2|0
11|EN|0|frightened|||11|0|0
11|EN|0|fro|||11|0|0
11|EN|0|generated|||11|0|0
11|PI|1|girimānanda||'s|10|0|1
11|PI|0|gotamaka|s||10|1|0
11|EN|0|handled|||11|0|0
11|EN|0|hearted|||11|0|0
11|EN|0|height|||11|0|0
11|PI|0|hemavata|||11|0|0
11|EN|0|hollow|s||9|2|0
11|EN|0|horrified|||11|0|0
11|EN|0|hue|||11|0|0
11|EN|0|inference|||11|0|0
11|EN|0|inhabiting|||11|0|0
11|EN|0|instant|||11|0|0
11|EN|0|interval|s||8|3|0
11|EN|0|involving|||11|0|0
11|EN|0|itch|||11|0|0
11|PI|1|kālī|||11|0|0
11|PI|1|khemā|||11|0|0
11|EN|0|kin|||11|0|0
11|EN|0|kingdom|s||9|2|0
11|PI|1|kokālika||'s|10|0|1
11|EN|0|leather|||11|0|0
11|EN|0|medical|||11|0|0
11|EN|0|misdeed|||11|0|0
11|EN|0|mostly|||11|0|0
11|EN|0|murdered|||11|0|0
11|EN|0|muscle|s||5|6|0
11|EN|0|narrative|s||0|11|0
11|EN|0|naturally|||11|0|0
11|EN|0|needing|||11|0|0
11|EN|0|oblivious|||11|0|0
11|EN|0|outstanding|||11|0|0
11|EN|0|outwardly|||11|0|0
11|PI|1|paviṭṭha|||11|0|0
11|EN|0|peacock|s||5|6|0
11|EN|0|performance|||11|0|0
11|EN|0|pervaded|||11|0|0
11|PI|0|pessa|||11|0|0
11|EN|0|phrase|s||0|11|0
11|EN|0|porch|||11|0|0
11|EN|0|potter|s|'s|5|2|4
11|EN|0|pouring|||11|0|0
11|EN|0|pray|||11|0|0
11|EN|0|proclaimer|||11|0|0
11|EN|0|propagation|||11|0|0
11|EN|0|prose|||11|0|0
11|EN|0|rare|||11|0|0
11|EN|0|read|s||6|5|0
11|EN|0|rebuked|||11|0|0
11|EN|0|recollected|||11|0|0
11|EN|0|refuting|||11|0|0
11|EN|0|relate|s||2|9|0
11|EN|0|renounce|s||7|4|0
11|EN|0|repay|s||6|5|0
11|EN|0|replete|||11|0|0
11|EN|0|reported|||11|0|0
11|EN|0|reptile|s||0|11|0
11|EN|0|responsibilities|||11|0|0
11|EN|0|restraining|||11|0|0
11|EN|0|ridge|s||9|2|0
11|EN|0|rude|||11|0|0
11|EN|0|runaway|||11|0|0
11|EN|0|safeguarding|||11|0|0
11|EN|0|sandal|s||0|11|0
11|PI|1|saṅgāmaji||'s|10|0|1
11|EN|0|savage|||11|0|0
11|EN|0|scorched|||11|0|0
11|EN|0|scrutiny|||11|0|0
11|EN|0|send|s||10|1|0
11|EN|0|seniority|||11|0|0
11|EN|0|sickly|||11|0|0
11|EN|0|simultaneously|||11|0|0
11|EN|0|sire|||11|0|0
11|EN|0|sixteen|||11|0|0
11|EN|0|slaughter|s||9|2|0
11|EN|0|slay|||11|0|0
11|EN|0|slaying|||11|0|0
11|EN|0|slip|||11|0|0
11|EN|0|slowly|||11|0|0
11|EN|0|soldier|s||3|8|0
11|EN|0|song|s||1|10|0
11|EN|0|stab|||11|0|0
11|EN|0|steadies|||11|0|0
11|EN|0|steadying|||11|0|0
11|EN|0|stories|||11|0|0
11|EN|0|sunk|||11|0|0
11|PI|0|suppabuddha|||11|0|0
11|PI|0|suppiya|||11|0|0
11|EN|0|sweet|||11|0|0
11|EN|0|tall|||11|0|0
11|EN|0|tangle||'s|9|0|2
11|EN|0|tendency|||11|0|0
11|EN|0|thicket|s||8|3|0
11|EN|0|tiny|||11|0|0
11|EN|0|tumult|||11|0|0
11|EN|0|tuned|||11|0|0
11|EN|0|twice|||11|0|0
11|PI|0|udena||'s|9|0|2
11|EN|0|unalloyed|||11|0|0
11|EN|0|unconfused|||11|0|0
11|EN|0|uncontrolled|||11|0|0
11|EN|0|undeclared|||11|0|0
11|EN|0|unendearing|||11|0|0
11|EN|0|unifies|||11|0|0
11|EN|0|union|||11|0|0
11|EN|0|unwelcome|||11|0|0
11|PI|1|vaṅgīsa||'s|10|0|1
11|2E|0|verbalizations|||11|0|0
11|EN|0|wakeful|||11|0|0
11|EN|0|wash|||11|0|0
11|EN|0|whomever|||11|0|0
11|EN|0|wished|||11|0|0
11|EN|0|worshipping|||11|0|0
10|EN|0|aid|||10|0|0
10|EN|0|aimed|||10|0|0
10|EN|0|alkaline|||10|0|0
10|EN|0|altogether|||10|0|0
10|EN|0|ambition|s||9|1|0
10|2E|0|annihilationist|s||1|9|0
10|EN|0|argument|s||2|8|0
10|PI|0|asibandhakaputta|||10|0|0
10|EN|0|assault|||10|0|0
10|2E|0|asterism|s||2|8|0
10|EN|0|ax|||10|0|0
10|EN|0|badly|||10|0|0
10|EN|0|bar|s||9|1|0
10|EN|0|biases|||10|0|0
10|EN|0|bite|s||9|1|0
10|EN|0|blossom|s||3|7|0
10|EN|0|bought|||10|0|0
10|EN|0|branch|||10|0|0
10|EN|0|buried|||10|0|0
10|EN|0|buying|||10|0|0
10|EN|0|cane|s||5|5|0
10|EN|0|cartwright|s||7|3|0
10|PI|1|cātumā|||10|0|0
10|EN|0|cementing|||10|0|0
10|EN|0|chanted|||10|0|0
10|EN|0|chasm|||10|0|0
10|EN|0|circumstance|s||3|7|0
10|EN|0|classed|||10|0|0
10|EN|0|climb|s||9|1|0
10|EN|0|closed|||10|0|0
10|EN|0|combination|s||9|1|0
10|EN|0|compare|s||9|1|0
10|EN|0|conceited|||10|0|0
10|EN|0|confiscation|||10|0|0
10|EN|0|consonance|||10|0|0
10|EN|0|consort|s||9|1|0
10|EN|0|converse|s||8|2|0
10|EN|0|coral|||10|0|0
10|EN|0|countless|||10|0|0
10|EN|0|covering|||10|0|0
10|EN|0|craftsmen|||10|0|0
10|EN|0|curd|s||0|10|0
10|EN|0|debating|||10|0|0
10|EN|0|deceiver|s||9|1|0
10|EN|0|declaration|||10|0|0
10|EN|0|defeat|||10|0|0
10|EN|0|degradation|||10|0|0
10|EN|0|delicate|||10|0|0
10|EN|0|delivery|||10|0|0
10|EN|0|despise|s||7|3|0
10|EN|0|discordant|||10|0|0
10|EN|0|discussing|||10|0|0
10|EN|0|distraction|||10|0|0
10|EN|0|distressed|||10|0|0
10|EN|0|distribution|||10|0|0
10|EN|0|dove|||10|0|0
10|2E|0|dreadlock|s||6|4|0
10|EN|0|dwelt|||10|0|0
10|EN|0|earring|s||5|5|0
10|EN|0|elderly|||10|0|0
10|2E|0|elucidator|||10|0|0
10|EN|0|embrace|s||7|3|0
10|EN|0|embroidered|||10|0|0
10|EN|0|enterprise|||10|0|0
10|EN|0|excitement|||10|0|0
10|EN|0|existent|s||5|5|0
10|EN|0|extensive|||10|0|0
10|EN|0|faceted|||10|0|0
10|EN|0|famine|||10|0|0
10|EN|0|farming|||10|0|0
10|EN|0|fatigue|||10|0|0
10|EN|0|festering|||10|0|0
10|EN|0|flare|||10|0|0
10|EN|0|flight|s||2|8|0
10|EN|0|flying|||10|0|0
10|EN|0|foe|s||6|4|0
10|EN|0|fostered|||10|0|0
10|EN|0|founder|s||6|4|0
10|EN|0|fruitless|||10|0|0
10|EN|0|fund|||10|0|0
10|EN|0|furniture|||10|0|0
10|PI|0|godha|||10|0|0
10|EN|0|gorge|||10|0|0
10|EN|0|grimy|||10|0|0
10|EN|0|guardsman||'s|9|0|1
10|EN|0|happily|||10|0|0
10|EN|0|hurl|||10|0|0
10|EN|0|i'd|||10|0|0
10|EN|0|imprisoned|||10|0|0
10|EN|0|improperly|||10|0|0
10|EN|0|inattentively|||10|0|0
10|EN|0|included|||10|0|0
10|EN|0|indignant|||10|0|0
10|EN|0|informed|||10|0|0
10|EN|0|instrumental|||10|0|0
10|EN|0|intimacy|||10|0|0
10|EN|0|ivory|||10|0|0
10|EN|0|jail|||10|0|0
10|PI|0|kappa||'s|9|0|1
10|EN|0|laughter|||10|0|0
10|EN|0|length|s||7|3|0
10|EN|0|liar|s||7|3|0
10|EN|0|lift|||10|0|0
10|EN|0|loan|s||8|2|0
10|EN|0|luck|||10|0|0
10|PI|1|macchikāsaṇḍa|||10|0|0
10|EN|0|magnanimous|||10|0|0
10|PI|1|mantāṇiputta|||10|0|0
10|EN|0|mantra|s||0|10|0
10|EN|0|market|||10|0|0
10|EN|0|masterful|||10|0|0
10|EN|0|matted|||10|0|0
10|EN|0|mentor|||10|0|0
10|EN|0|misrepresenting|||10|0|0
10|EN|0|misshapen|||10|0|0
10|EN|0|mistake|s||6|4|0
10|EN|0|mortality|||10|0|0
10|PI|0|musila|||10|0|0
10|EN|0|mustard|||10|0|0
10|PI|1|nārada|s||9|1|0
10|EN|0|needed|||10|0|0
10|EN|0|neglected|||10|0|0
10|EN|0|nes|s||0|10|0
10|EN|0|noticed|||10|0|0
10|EN|0|obviously|||10|0|0
10|EN|0|occupied|||10|0|0
10|EN|0|opened|||10|0|0
10|EN|0|outward|s||9|1|0
10|EN|0|penetrative|||10|0|0
10|EN|0|perplexed|||10|0|0
10|EN|0|phrasing|||10|0|0
10|PI|1|piṅgiya||'s|9|0|1
10|EN|0|pleasurable|||10|0|0
10|EN|0|plowed|||10|0|0
10|EN|0|plowing|||10|0|0
10|EN|0|possessive|||10|0|0
10|EN|0|potential|||10|0|0
10|EN|0|priority|||10|0|0
10|EN|0|promote|s||1|9|0
10|EN|0|proponent|s||1|9|0
10|EN|0|prosperity|||10|0|0
10|PI|1|pukkusāti|||10|0|0
10|EN|0|pulling|||10|0|0
10|EN|0|push|||10|0|0
10|EN|0|ranged|||10|0|0
10|EN|0|razor||'s|9|0|1
10|EN|0|reasoned|||10|0|0
10|EN|0|recognize|||10|0|0
10|EN|0|reconciling|||10|0|0
10|EN|0|recover|s||4|6|0
10|EN|0|refreshment|||10|0|0
10|EN|0|residue|||10|0|0
10|EN|0|respond|s||9|1|0
10|EN|0|restful|||10|0|0
10|EN|0|restrain|s||9|1|0
10|PI|0|revata||'s|9|0|1
10|EN|0|rolled|||10|0|0
10|EN|0|saluted|||10|0|0
10|PI|1|sañjikāputta|||10|0|0
10|EN|0|sap|||10|0|0
10|EN|0|sapless|||10|0|0
10|EN|0|scale|s||0|10|0
10|EN|0|scavenger|s||4|6|0
10|EN|0|seizing|||10|0|0
10|EN|0|sentenced|||10|0|0
10|EN|0|showed|||10|0|0
10|EN|0|signless|||10|0|0
10|EN|0|slaughtered|||10|0|0
10|EN|0|smash|||10|0|0
10|EN|0|staircase|||10|0|0
10|EN|0|stealth|||10|0|0
10|EN|0|stopping|||10|0|0
10|EN|0|strapping|||10|0|0
10|EN|0|straying|||10|0|0
10|EN|0|studied|||10|0|0
10|PI|0|sunidha|||10|0|0
10|PI|1|sunīdha|||10|0|0
10|EN|0|surveying|||10|0|0
10|EN|0|swallowed|||10|0|0
10|EN|0|taming|||10|0|0
10|PI|1|tāyana||'s|6|0|4
10|EN|0|teat|||10|0|0
10|EN|0|tempered|||10|0|0
10|EN|0|thrashed|||10|0|0
10|EN|0|throwing|||10|0|0
10|EN|0|transmigrate|||10|0|0
10|EN|0|transmigration|||10|0|0
10|EN|0|traveler|s||8|2|0
10|EN|0|troublesome|||10|0|0
10|EN|0|trough|||10|0|0
10|EN|0|twelve|||10|0|0
10|PI|1|uggāhamāna||'s|7|0|3
10|EN|0|unaccomplished|||10|0|0
10|EN|0|unadulterated|||10|0|0
10|EN|0|unasked|||10|0|0
10|EN|0|unhampered|||10|0|0
10|EN|0|unmade|||10|0|0
10|EN|0|unshakable|||10|0|0
10|EN|0|untrained|||10|0|0
10|EN|0|unworthy|||10|0|0
10|PI|1|upāḷi|||10|0|0
10|EN|0|uttered|||10|0|0
10|PI|0|vajjiya|||10|0|0
10|PI|0|vejayanta|||10|0|0
10|PI|1|vessavaṇṇa|||10|0|0
10|EN|0|viper|s||1|9|0
10|EN|0|wake|s||7|3|0
10|EN|0|warm|s||9|1|0
10|EN|0|weary|||10|0|0
10|EN|0|window|s||3|7|0
10|2E|0|wittedness|||10|0|0
10|EN|0|woolen|||10|0|0
10|EN|0|working|||10|0|0
10|EN|0|worm|s||1|9|0
10|EN|0|worn|||10|0|0
10|EN|0|worshiped|||10|0|0
10|EN|0|wounding|||10|0|0
10|EN|0|yearning|s||9|1|0
9|EN|0|absence|||9|0|0
9|EN|0|active|||9|0|0
9|EN|0|add|||9|0|0
9|EN|0|adherence|||9|0|0
9|EN|0|adornment|||9|0|0
9|EN|0|alight|||9|0|0
9|EN|0|allowed|||9|0|0
9|2E|0|almsgoer|s||4|5|0
9|PI|1|āpaṇa|||9|0|0
9|EN|0|apparently|||9|0|0
9|EN|0|appeal|s||4|5|0
9|EN|0|archery|||9|0|0
9|EN|0|ascertained|||9|0|0
9|EN|0|aspiring|||9|0|0
9|EN|0|assuming|||9|0|0
9|EN|0|autumn|||9|0|0
9|EN|0|banished|||9|0|0
9|EN|0|beg|s||7|2|0
9|EN|0|beggar|s||1|8|0
9|EN|0|behave|s||2|7|0
9|EN|0|bestial|||9|0|0
9|EN|0|beverage|s||7|2|0
9|PI|0|bhikkhu|||9|0|0
9|EN|0|blade|s||7|2|0
9|EN|0|boat|s||5|4|0
9|EN|0|borrowed|||9|0|0
9|EN|0|boulder|s||5|4|0
9|EN|0|brightly|||9|0|0
9|EN|0|bubble|s||7|2|0
9|EN|0|camp|||9|0|0
9|EN|0|chance|s||8|1|0
9|EN|0|changed|||9|0|0
9|EN|0|chick|s||0|9|0
9|PI|1|ciravāsi||'s|5|0|4
9|EN|0|class|||9|0|0
9|EN|0|clothed|||9|0|0
9|EN|0|combat|||9|0|0
9|EN|0|committing|||9|0|0
9|EN|0|communities|||9|0|0
9|EN|0|consistency|||9|0|0
9|EN|0|continuously|||9|0|0
9|EN|0|cord|||9|0|0
9|EN|0|cosmology|||9|0|0
9|EN|0|couches|||9|0|0
9|EN|0|counterfeit|||9|0|0
9|EN|0|cymbal|s||0|9|0
9|EN|0|dance|s||2|7|0
9|EN|0|decay|||9|0|0
9|EN|0|defiling|||9|0|0
9|EN|0|deliberate|||9|0|0
9|EN|0|demonstrable|||9|0|0
9|EN|0|desirous|||9|0|0
9|EN|0|destitute|||9|0|0
9|PI|0|devadaha|||9|0|0
9|EN|0|differ|||9|0|0
9|EN|0|disappointment|||9|0|0
9|EN|0|disgruntled|||9|0|0
9|EN|0|disparaged|||9|0|0
9|EN|0|doomed|||9|0|0
9|EN|0|dres|s||0|9|0
9|EN|0|dropping|||9|0|0
9|EN|0|drugged|||9|0|0
9|EN|0|dual|||9|0|0
9|EN|0|dug|||9|0|0
9|EN|0|dyer||'s|4|0|5
9|EN|0|eclipse|||9|0|0
9|EN|0|effulgence|||9|0|0
9|EN|0|endured|||9|0|0
9|EN|0|engagement|||9|0|0
9|EN|0|entrenched|||9|0|0
9|EN|0|expel|||9|0|0
9|EN|0|fabric|s||2|7|0
9|EN|0|fearlessness|||9|0|0
9|EN|0|festival|||9|0|0
9|EN|0|feverish|||9|0|0
9|EN|0|float|s||5|4|0
9|EN|0|frightening|||9|0|0
9|EN|0|funeral|||9|0|0
9|EN|0|gaunt|||9|0|0
9|EN|0|glad|||9|0|0
9|EN|0|gladness|||9|0|0
9|EN|0|gratification|||9|0|0
9|EN|0|guile|||9|0|0
9|EN|0|harmful|||9|0|0
9|EN|0|herb|s||0|9|0
9|EN|0|hereafter|||9|0|0
9|EN|0|hermitage|s||8|1|0
9|EN|0|honey|||9|0|0
9|EN|0|huge|||9|0|0
9|EN|0|hymn|s||0|9|0
9|EN|0|idiot|s|'s|6|2|1
9|EN|0|illumination|||9|0|0
9|EN|0|image|||9|0|0
9|EN|0|immature|||9|0|0
9|EN|0|immediacy|||9|0|0
9|EN|0|incurable|||9|0|0
9|EN|0|injury|||9|0|0
9|EN|0|insisting|||9|0|0
9|EN|0|intact|||9|0|0
9|EN|0|invention|||9|0|0
9|EN|0|invincible|||9|0|0
9|PI|1|kammāsadhamma|||9|0|0
9|PI|0|kesaputta|||9|0|0
9|PI|1|khuddakapāṭha|||9|0|0
9|EN|0|kindness|||9|0|0
9|EN|0|knock|||9|0|0
9|EN|0|knot|s||5|4|0
9|EN|0|knower|||9|0|0
9|PI|1|koṭikaṇṇa||'s|7|0|2
9|EN|0|laden|||9|0|0
9|EN|0|leaped|||9|0|0
9|EN|0|lethargic|||9|0|0
9|EN|0|lily|||9|0|0
9|EN|0|log|||9|0|0
9|PI|0|loka|||9|0|0
9|EN|0|loving|||9|0|0
9|EN|0|lye|||9|0|0
9|EN|0|mad|||9|0|0
9|EN|0|measureless|||9|0|0
9|EN|0|metal|s||1|8|0
9|EN|0|moving|||9|0|0
9|PI|1|nāṭa|||9|0|0
9|PI|1|nibbāna|||9|0|0
9|EN|0|northern|||9|0|0
9|EN|0|null|||9|0|0
9|2E|0|outflow|||9|0|0
9|EN|0|outshine|s||1|8|0
9|EN|0|overthrown|||9|0|0
9|EN|0|pan|||9|0|0
9|EN|0|pathway|s||4|5|0
9|EN|0|patience|||9|0|0
9|EN|0|penniless|||9|0|0
9|EN|0|persuade|s||3|6|0
9|2E|0|perturbable|||9|0|0
9|EN|0|perturbation|s||8|1|0
9|EN|0|pestle|||9|0|0
9|EN|0|planted|||9|0|0
9|EN|0|plastered|||9|0|0
9|EN|0|populated|||9|0|0
9|EN|0|possibly|||9|0|0
9|PI|0|potaliya|||9|0|0
9|EN|0|pricked|||9|0|0
9|EN|0|principled|||9|0|0
9|EN|0|probation|||9|0|0
9|EN|0|probe|||9|0|0
9|EN|0|purely|||9|0|0
9|EN|0|putrid|||9|0|0
9|EN|0|quarter|s||0|9|0
9|EN|0|rainy|||9|0|0
9|EN|0|rank|s||7|2|0
9|EN|0|ranking|||9|0|0
9|EN|0|ravine|s||0|9|0
9|EN|0|remote|||9|0|0
9|EN|0|renounced|||9|0|0
9|EN|0|reply|||9|0|0
9|EN|0|resembling|||9|0|0
9|EN|0|reservoir|s||8|1|0
9|EN|0|respectable|||9|0|0
9|EN|0|response|s||8|1|0
9|EN|0|riches|||9|0|0
9|EN|0|rim|s||8|1|0
9|EN|0|roaming|||9|0|0
9|PI|1|rohiṇī||'s|6|0|3
9|PI|0|rosika|||9|0|0
9|EN|0|route|||9|0|0
9|EN|0|rushing|||9|0|0
9|PI|1|sakuludāyin|||9|0|0
9|PI|1|sālavatikā|||9|0|0
9|PI|1|saṅgārava|||9|0|0
9|EN|0|savored|||9|0|0
9|EN|0|scrutinizing|||9|0|0
9|EN|0|section|||9|0|0
9|EN|0|selling|||9|0|0
9|EN|0|serpent|s||5|4|0
9|EN|0|severe|||9|0|0
9|EN|0|shameless|||9|0|0
9|EN|0|shape|||9|0|0
9|EN|0|shark|s||0|9|0
9|EN|0|shaving|s||7|2|0
9|EN|0|solitary|||9|0|0
9|EN|0|specie|s||0|9|0
9|EN|0|sprinkle|s||8|1|0
9|EN|0|square|||9|0|0
9|EN|0|stash|||9|0|0
9|EN|0|stretched|||9|0|0
9|EN|0|submit|s||8|1|0
9|EN|0|supremacy|||9|0|0
9|EN|0|telepathy|||9|0|0
9|EN|0|termed|||9|0|0
9|EN|0|thunderbolt|||9|0|0
9|2E|0|tigerpaw|s||3|6|0
9|EN|0|tolerant|||9|0|0
9|EN|0|tonight|||9|0|0
9|EN|0|trackless|||9|0|0
9|EN|0|trading|||9|0|0
9|EN|0|trick|s||4|5|0
9|EN|0|unattracted|||9|0|0
9|EN|0|uncracked|||9|0|0
9|EN|0|underbrush|||9|0|0
9|EN|0|unhappiness|||9|0|0
9|EN|0|unlimited|||9|0|0
9|EN|0|unrepelled|||9|0|0
9|EN|0|unseemly|||9|0|0
9|EN|0|unshackled|||9|0|0
9|PI|0|upavattana|||9|0|0
9|EN|0|verbally|||9|0|0
9|EN|0|visited|||9|0|0
9|EN|0|washes|||9|0|0
9|EN|0|weaver|s||5|4|0
9|2E|0|wellbeing|||9|0|0
9|EN|0|wonder|||9|0|0
9|EN|0|wracking|||9|0|0
9|EN|0|you'd|||9|0|0
8|EN|0|abusively|||8|0|0
8|EN|0|accrue|s||7|1|0
8|PI|0|aciravata||'s|7|0|1
8|EN|0|actuality|||8|0|0
8|EN|0|amenable|||8|0|0
8|EN|0|analytical|||8|0|0
8|EN|0|apathy|||8|0|0
8|EN|0|appointer|||8|0|0
8|EN|0|argue|||8|0|0
8|EN|0|armpit|s||3|5|0
8|EN|0|array|s||6|2|0
8|EN|0|ash|||8|0|0
8|EN|0|aspire|s||5|3|0
8|EN|0|assisted|||8|0|0
8|EN|0|astray|||8|0|0
8|PI|1|aṭṭhaka|||8|0|0
8|PI|1|bāhuka|||8|0|0
8|EN|0|barber|s||6|2|0
8|EN|0|bead|s||2|6|0
8|EN|0|behaved|||8|0|0
8|EN|0|bewildered|||8|0|0
8|PI|0|bhagu|||8|0|0
8|EN|0|bias|||8|0|0
8|EN|0|blending|||8|0|0
8|EN|0|bore|||8|0|0
8|EN|0|breeze|s||7|1|0
8|EN|0|bribery|||8|0|0
8|EN|0|brutal|||8|0|0
8|PI|1|cālā|||8|0|0
8|EN|0|cavity|||8|0|0
8|EN|0|centuries|||8|0|0
8|EN|0|cesspool|s||7|1|0
8|PI|0|cetis|||8|0|0
8|EN|0|chastened|||8|0|0
8|EN|0|cheated|||8|0|0
8|EN|0|cherishes|||8|0|0
8|EN|0|claimed|||8|0|0
8|EN|0|cleft|s||7|1|0
8|EN|0|complained|||8|0|0
8|EN|0|confessed|||8|0|0
8|EN|0|confession|||8|0|0
8|EN|0|conjectured|||8|0|0
8|EN|0|contacted|||8|0|0
8|EN|0|continual|||8|0|0
8|EN|0|convey|||8|0|0
8|EN|0|cooked|||8|0|0
8|EN|0|crab|||8|0|0
8|EN|0|creeping|||8|0|0
8|EN|0|cremate|||8|0|0
8|EN|0|crystal|||8|0|0
8|EN|0|deathlessness|||8|0|0
8|EN|0|deceived|||8|0|0
8|EN|0|decreed|||8|0|0
8|EN|0|delusive|||8|0|0
8|EN|0|depart|s||3|5|0
8|EN|0|desert|||8|0|0
8|PI|0|dhaniya|||8|0|0
8|EN|0|digested|||8|0|0
8|EN|0|digestion|||8|0|0
8|EN|0|dilapidated|||8|0|0
8|EN|0|disavow|s||4|4|0
8|2E|0|disgruntlement|||8|0|0
8|EN|0|disintegrating|||8|0|0
8|EN|0|dispelled|||8|0|0
8|EN|0|disposed|||8|0|0
8|EN|0|disposition|s||0|8|0
8|PI|1|doṇa|||8|0|0
8|EN|0|emergence|||8|0|0
8|EN|0|emulate|s||7|1|0
8|EN|0|encircled|||8|0|0
8|EN|0|enveloped|||8|0|0
8|EN|0|error|s||5|3|0
8|EN|0|excelled|||8|0|0
8|EN|0|excite|||8|0|0
8|EN|0|executing|||8|0|0
8|EN|0|exhaustion|||8|0|0
8|EN|0|existed|||8|0|0
8|EN|0|expressing|||8|0|0
8|EN|0|factionalism|||8|0|0
8|EN|0|firmness|||8|0|0
8|EN|0|fishermen|||8|0|0
8|EN|0|floor|||8|0|0
8|EN|0|flowering|||8|0|0
8|EN|0|focus|||8|0|0
8|EN|0|forced|||8|0|0
8|EN|0|forehead|||8|0|0
8|EN|0|freely|||8|0|0
8|EN|0|frequented|||8|0|0
8|EN|0|fumigate|s||5|3|0
8|EN|0|glorious|||8|0|0
8|EN|0|gotta|||8|0|0
8|EN|0|gourd|s||7|1|0
8|EN|0|gray|||8|0|0
8|EN|0|greeted|||8|0|0
8|EN|0|gullies|||8|0|0
8|EN|0|habitat|s||3|5|0
8|PI|1|hatthigāma|||8|0|0
8|EN|0|heated|||8|0|0
8|EN|0|heavily|||8|0|0
8|EN|0|hen||'s|5|0|3
8|EN|0|hindquarter|s||0|8|0
8|EN|0|hint|||8|0|0
8|EN|0|holder|s||6|2|0
8|EN|0|hoof|||8|0|0
8|EN|0|horn|s||5|3|0
8|EN|0|ignorant|||8|0|0
8|EN|0|immediate|||8|0|0
8|EN|0|imperfection|s||0|8|0
8|EN|0|imprisoning|||8|0|0
8|EN|0|inattention|||8|0|0
8|EN|0|indifferent|||8|0|0
8|EN|0|inlet|s||0|8|0
8|EN|0|inopportune|||8|0|0
8|EN|0|insolent|||8|0|0
8|EN|0|interrogated|||8|0|0
8|EN|0|intimate|s||7|1|0
8|PI|0|jantu|||8|0|0
8|EN|0|judgment|s||6|2|0
8|PI|0|kakudha|||8|0|0
8|PI|1|kāḷigodhā||'s|2|0|6
8|PI|0|kesin|||8|0|0
8|EN|0|knotted|||8|0|0
8|PI|1|komārabhacca||'s|5|0|3
8|EN|0|lamenting|||8|0|0
8|EN|0|language|||8|0|0
8|EN|0|lap|s||6|2|0
8|EN|0|laugh|s||6|2|0
8|EN|0|loosened|||8|0|0
8|EN|0|lose|s||5|3|0
8|EN|0|lowered|||8|0|0
8|EN|0|lunar|||8|0|0
8|PI|1|māgha|||8|0|0
8|PI|1|māhita|||8|0|0
8|PI|1|māluvā|||8|0|0
8|EN|0|meant|||8|0|0
8|2E|0|measurer|s||2|6|0
8|EN|0|menacing|||8|0|0
8|EN|0|mercy|||8|0|0
8|EN|0|merge|s||0|8|0
8|EN|0|moat|||8|0|0
8|EN|0|moderately|||8|0|0
8|EN|0|mos|s||0|8|0
8|EN|0|muddle|||8|0|0
8|EN|0|mutilate|||8|0|0
8|PI|1|nāgasamāla|||8|0|0
8|EN|0|nighttime|||8|0|0
8|EN|0|nourishing|||8|0|0
8|EN|0|obstinacy|||8|0|0
8|EN|0|occupation|||8|0|0
8|EN|0|omission|s||1|7|0
8|EN|0|oneness|||8|0|0
8|EN|0|onward|||8|0|0
8|EN|0|origin|||8|0|0
8|EN|0|originating|||8|0|0
8|EN|0|oust|||8|0|0
8|EN|0|overthrow|||8|0|0
8|EN|0|overwhelm|s||6|2|0
8|PI|0|paduma|||8|0|0
8|PI|1|pālileyyaka|||8|0|0
8|PI|1|pārāyana|||8|0|0
8|EN|0|paw|s||4|4|0
8|EN|0|perfumed|||8|0|0
8|2E|0|pleura|||8|0|0
8|EN|0|plundering|||8|0|0
8|EN|0|ponder|s||5|3|0
8|EN|0|populous|||8|0|0
8|PI|0|potaliputta|||8|0|0
8|EN|0|producing|||8|0|0
8|EN|0|profound|||8|0|0
8|EN|0|pry|||8|0|0
8|PI|1|puṇṇaka||'s|5|0|3
8|EN|0|purgative|||8|0|0
8|EN|0|quaked|||8|0|0
8|EN|0|quarrelsome|||8|0|0
8|PI|0|rammaka|||8|0|0
8|EN|0|rapidly|||8|0|0
8|PI|1|rattapāṇin|||8|0|0
8|EN|0|reassured|||8|0|0
8|EN|0|rebel|s||4|4|0
8|EN|0|refreshed|||8|0|0
8|EN|0|refuse|||8|0|0
8|EN|0|reign|s||2|6|0
8|EN|0|repetition|||8|0|0
8|EN|0|resounding|||8|0|0
8|EN|0|revelation|||8|0|0
8|EN|0|rib|s||5|3|0
8|EN|0|rigidity|||8|0|0
8|EN|0|rite|s||0|8|0
8|EN|0|robbery|||8|0|0
8|PI|0|rohitassa|||8|0|0
8|EN|0|rub|||8|0|0
8|EN|0|rulership|||8|0|0
8|PI|1|sakulā|||8|0|0
8|EN|0|saturated|||8|0|0
8|EN|0|scabbard|||8|0|0
8|EN|0|settling|||8|0|0
8|EN|0|sextet|s||6|2|0
8|EN|0|shedding|||8|0|0
8|EN|0|shin|s||5|3|0
8|PI|1|siṁsapā|||8|0|0
8|EN|0|slain|||8|0|0
8|EN|0|slash|||8|0|0
8|EN|0|slipped|||8|0|0
8|EN|0|sliver|s||6|2|0
8|EN|0|spin|s||4|4|0
8|EN|0|stalk|s||4|4|0
8|EN|0|stray|||8|0|0
8|EN|0|streaming|||8|0|0
8|EN|0|strongly|||8|0|0
8|EN|0|stunted|||8|0|0
8|EN|0|sudden|||8|0|0
8|EN|0|suffered|||8|0|0
8|PI|0|sumana|||8|0|0
8|PI|1|sumanā|||8|0|0
8|PI|1|sunāparanta|||8|0|0
8|EN|0|sunlight|||8|0|0
8|EN|0|supporting|||8|0|0
8|EN|0|tangled|||8|0|0
8|EN|0|tearing|||8|0|0
8|EN|0|teased|||8|0|0
8|EN|0|tending|||8|0|0
8|EN|0|thickly|||8|0|0
8|EN|0|throne|s||6|2|0
8|EN|0|thunderhead|s||4|4|0
8|PI|0|todeyya||'s|5|0|3
8|EN|0|torn|||8|0|0
8|EN|0|treasury|||8|0|0
8|EN|0|unavoidable|||8|0|0
8|EN|0|uncooked|||8|0|0
8|EN|0|undeluded|||8|0|0
8|EN|0|undistorted|||8|0|0
8|PI|1|uṇṇābha|||8|0|0
8|EN|0|unpurified|||8|0|0
8|PI|1|upacālā|||8|0|0
8|PI|0|upaka|||8|0|0
8|EN|0|uplifting|||8|0|0
8|2P|0|veda|s||1|7|0
8|PI|1|velāma|||8|0|0
8|EN|0|venerating|||8|0|0
8|EN|0|venom|||8|0|0
8|PI|1|vīṇā|||8|0|0
8|EN|0|wailing|||8|0|0
8|EN|0|warn|||8|0|0
8|EN|0|we've|||8|0|0
8|EN|0|weed|s||0|8|0
8|EN|0|wicked|||8|0|0
8|EN|0|winnow|||8|0|0
8|EN|0|withered|||8|0|0
8|EN|0|worked|||8|0|0
8|EN|0|wrongness|||8|0|0
8|PI|0|yasoja|||8|0|0
8|PI|1|yodhājīva|||8|0|0
7|EN|0|abolishing|||7|0|0
7|EN|0|abounding|||7|0|0
7|EN|0|added|||7|0|0
7|EN|0|admonishing|||7|0|0
7|EN|0|adopt|||7|0|0
7|EN|0|adultery|||7|0|0
7|EN|0|adversity|||7|0|0
7|2E|0|afflictiveness|||7|0|0
7|EN|0|aided|||7|0|0
7|PI|1|ākāsa|||7|0|0
7|PI|0|andhakavinda|||7|0|0
7|EN|0|arriving|||7|0|0
7|EN|0|arrogance|||7|0|0
7|EN|0|artful|||7|0|0
7|EN|0|assumption|s||3|4|0
7|EN|0|aunt|||7|0|0
7|EN|0|avoided|||7|0|0
7|EN|0|await|s||6|1|0
7|EN|0|awesome|||7|0|0
7|EN|0|awl|||7|0|0
7|EN|0|banish|||7|0|0
7|EN|0|banishment|||7|0|0
7|EN|0|barest|||7|0|0
7|EN|0|barn|||7|0|0
7|EN|0|basin|||7|0|0
7|EN|0|beak|s||0|7|0
7|EN|0|begging|||7|0|0
7|EN|0|beryl|||7|0|0
7|PI|0|bhaddaji|||7|0|0
7|EN|0|bloated|||7|0|0
7|EN|0|bombast|||7|0|0
7|EN|0|boredom|||7|0|0
7|EN|0|bottomless|||7|0|0
7|PI|0|brahmadatta|||7|0|0
7|2E|0|brahmanical|||7|0|0
7|EN|0|bras|s||0|7|0
7|EN|0|brick|||7|0|0
7|EN|0|broad|||7|0|0
7|EN|0|buy|||7|0|0
7|EN|0|careless|||7|0|0
7|EN|0|celestial|s||5|2|0
7|EN|0|characterized|||7|0|0
7|EN|0|cherish|||7|0|0
7|EN|0|clasped|||7|0|0
7|EN|0|claw|s||0|7|0
7|EN|0|climbing|||7|0|0
7|EN|0|clothless|||7|0|0
7|EN|0|coat|||7|0|0
7|EN|0|cock||'s|2|0|5
7|EN|0|commotion|||7|0|0
7|EN|0|communal|||7|0|0
7|EN|0|component|s||1|6|0
7|EN|0|composure|||7|0|0
7|EN|0|conflict|s||1|6|0
7|EN|0|congenial|||7|0|0
7|EN|0|consonant|||7|0|0
7|EN|0|constrain|||7|0|0
7|EN|0|constrained|||7|0|0
7|EN|0|continent|s||0|7|0
7|EN|0|contradiction|||7|0|0
7|EN|0|conversed|||7|0|0
7|EN|0|converted|||7|0|0
7|EN|0|courteously|||7|0|0
7|EN|0|covet|s||3|4|0
7|EN|0|cracked|||7|0|0
7|EN|0|crushing|||7|0|0
7|EN|0|damage|s||6|1|0
7|EN|0|damaged|||7|0|0
7|EN|0|decorated|||7|0|0
7|EN|0|decoy|||7|0|0
7|EN|0|delicious|||7|0|0
7|EN|0|designate|||7|0|0
7|EN|0|deviating|||7|0|0
7|PI|0|dhotaka||'s|6|0|1
7|EN|0|di|s||0|7|0
7|EN|0|dishe|s||0|7|0
7|EN|0|disperse|s||1|6|0
7|EN|0|display|||7|0|0
7|EN|0|disqualification|||7|0|0
7|EN|0|disseminated|||7|0|0
7|EN|0|drain|s||1|6|0
7|EN|0|drip|||7|0|0
7|EN|0|dubious|||7|0|0
7|EN|0|dusk|||7|0|0
7|EN|0|dye|||7|0|0
7|EN|0|dyed|||7|0|0
7|EN|0|eager|||7|0|0
7|EN|0|earn|||7|0|0
7|EN|0|embraced|||7|0|0
7|EN|0|emperor|||7|0|0
7|EN|0|empowered|||7|0|0
7|EN|0|encircling|||7|0|0
7|EN|0|endless|||7|0|0
7|EN|0|envoy|||7|0|0
7|EN|0|esteem|||7|0|0
7|EN|0|exaltation|||7|0|0
7|EN|0|exceed|||7|0|0
7|EN|0|exchanging|||7|0|0
7|EN|0|extracted|||7|0|0
7|EN|0|fair|||7|0|0
7|EN|0|finding|||7|0|0
7|EN|0|flail|s||4|3|0
7|EN|0|flaming|||7|0|0
7|EN|0|fletcher|s||3|4|0
7|EN|0|flew|||7|0|0
7|EN|0|flighty|||7|0|0
7|EN|0|fodder|||7|0|0
7|EN|0|foliage|||7|0|0
7|EN|0|fork|||7|0|0
7|EN|0|fostering|||7|0|0
7|EN|0|gap|||7|0|0
7|EN|0|giant|s||3|4|0
7|PI|1|gilāna|||7|0|0
7|EN|0|gladly|||7|0|0
7|EN|0|glory|||7|0|0
7|PI|1|gosiṅga|||7|0|0
7|EN|0|halt|||7|0|0
7|EN|0|harming|||7|0|0
7|EN|0|healing|||7|0|0
7|EN|0|hempen|||7|0|0
7|EN|0|hip|||7|0|0
7|EN|0|horrible|||7|0|0
7|EN|0|husked|||7|0|0
7|EN|0|illnesses|||7|0|0
7|EN|0|impossibility|||7|0|0
7|EN|0|incomplete|||7|0|0
7|EN|0|influential|||7|0|0
7|EN|0|inspiration|||7|0|0
7|EN|0|insubstantial|||7|0|0
7|EN|0|intelligence|||7|0|0
7|EN|0|intense|||7|0|0
7|EN|0|intolerant|||7|0|0
7|EN|0|inward|||7|0|0
7|EN|0|jasmine|||7|0|0
7|EN|0|jaw|s||5|2|0
7|EN|0|joyous|||7|0|0
7|EN|0|judge|s||4|3|0
7|EN|0|knead|||7|0|0
7|PI|0|koravya||'s|5|0|2
7|PI|1|koṭi|s||5|2|0
7|EN|0|labor|||7|0|0
7|EN|0|lifelong|||7|0|0
7|EN|0|lightly|||7|0|0
7|EN|0|lightness|||7|0|0
7|EN|0|listener|||7|0|0
7|EN|0|logical|||7|0|0
7|EN|0|looked|||7|0|0
7|EN|0|luxuriate|s||0|7|0
7|EN|0|madam|||7|0|0
7|EN|0|malice|||7|0|0
7|EN|0|malign|s||5|2|0
7|2E|0|manyson|||7|0|0
7|PI|1|mātaṅga|||7|0|0
7|EN|0|meadow|||7|0|0
7|PI|0|metteyya||'s|4|0|3
7|PI|1|migāsālā|||7|0|0
7|EN|0|minus|||7|0|0
7|EN|0|missing|||7|0|0
7|PI|0|moliya|||7|0|0
7|EN|0|multitude|||7|0|0
7|EN|0|mutual|||7|0|0
7|PI|0|nakulapitar|||7|0|0
7|EN|0|necessities|||7|0|0
7|EN|0|ninth|||7|0|0
7|EN|0|nodding|||7|0|0
7|EN|0|nourish|||7|0|0
7|EN|0|obstruct|s||1|6|0
7|EN|0|obstructed|||7|0|0
7|EN|0|occupy|||7|0|0
7|EN|0|ornamented|||7|0|0
7|PI|1|paṭācārā||'s|4|0|3
7|PI|1|pāṭaliputta|||7|0|0
7|EN|0|pearl|s||2|5|0
7|EN|0|peer|||7|0|0
7|EN|0|perfectly|||7|0|0
7|EN|0|perturbed|||7|0|0
7|PI|0|pilindavaccha||'s|6|0|1
7|EN|0|pillow|s||2|5|0
7|EN|0|pinned|||7|0|0
7|EN|0|plaster|||7|0|0
7|EN|0|possibilities|||7|0|0
7|EN|0|preceded|||7|0|0
7|EN|0|preparation|s||3|4|0
7|EN|0|pres|s||0|7|0
7|EN|0|presiding|||7|0|0
7|EN|0|primary|||7|0|0
7|EN|0|protective|||7|0|0
7|EN|0|protest|||7|0|0
7|EN|0|proud|||7|0|0
7|2E|0|purities|||7|0|0
7|EN|0|quivered|||7|0|0
7|EN|0|race|||7|0|0
7|EN|0|rapid|||7|0|0
7|EN|0|rearising|||7|0|0
7|EN|0|rebuke|s||5|2|0
7|EN|0|receptive|||7|0|0
7|EN|0|refinement|||7|0|0
7|EN|0|refrained|||7|0|0
7|EN|0|refuted|||7|0|0
7|EN|0|regulating|||7|0|0
7|EN|0|rehabilitate|s||0|7|0
7|EN|0|remove|||7|0|0
7|EN|0|respectfully|||7|0|0
7|EN|0|reverse|||7|0|0
7|EN|0|rip|s||6|1|0
7|EN|0|risk|||7|0|0
7|EN|0|rubbish|||7|0|0
7|EN|0|salutation|s||3|4|0
7|PI|1|samādhi|||7|0|0
7|EN|0|satisfies|||7|0|0
7|PI|0|satta|||7|0|0
7|EN|0|sauce|s||1|6|0
7|EN|0|savoring|||7|0|0
7|EN|0|scripture|||7|0|0
7|EN|0|secret|s||3|4|0
7|PI|0|sedaka|||7|0|0
7|EN|0|senseless|||7|0|0
7|EN|0|seriously|||7|0|0
7|EN|0|serving|||7|0|0
7|EN|0|sheaf|||7|0|0
7|EN|0|shop|||7|0|0
7|EN|0|shriveled|||7|0|0
7|EN|0|shut|||7|0|0
7|PI|1|sīsupacālā|||7|0|0
7|EN|0|sixfold|||7|0|0
7|EN|0|spell|s||0|7|0
7|EN|0|stamina|||7|0|0
7|EN|0|stitches|||7|0|0
7|EN|0|stolen|||7|0|0
7|EN|0|storm|||7|0|0
7|EN|0|straightforward|||7|0|0
7|EN|0|stubbornness|||7|0|0
7|EN|0|success|||7|0|0
7|PI|0|suciloma|||7|0|0
7|EN|0|summit|||7|0|0
7|PI|1|sundarī|||7|0|0
7|EN|0|sung|||7|0|0
7|PI|1|tālapuṭa|||7|0|0
7|EN|0|terrified|||7|0|0
7|EN|0|theory|||7|0|0
7|EN|0|thin|||7|0|0
7|EN|0|threefold|||7|0|0
7|PI|1|tiṇḍuka|||7|0|0
7|EN|0|triumph|||7|0|0
7|EN|0|twin|s||6|1|0
7|EN|0|twist|s||6|1|0
7|EN|0|unacquired|||7|0|0
7|EN|0|unalertness|||7|0|0
7|EN|0|unbeloved|||7|0|0
7|EN|0|unblameworthy|||7|0|0
7|EN|0|unconvincing|||7|0|0
7|EN|0|undirected|||7|0|0
7|EN|0|uniting|||7|0|0
7|EN|0|unnourished|||7|0|0
7|EN|0|unpleasant|||7|0|0
7|EN|0|unrotting|||7|0|0
7|EN|0|uplifted|||7|0|0
7|EN|0|upraised|||7|0|0
7|EN|0|upstream|||7|0|0
7|EN|0|urgent|||7|0|0
7|PI|1|vaḍḍha||'s|4|0|3
7|PI|1|vaggamudā|||7|0|0
7|PI|0|videha|||7|0|0
7|PI|1|viḍūḍabha|||7|0|0
7|EN|0|vigorous|||7|0|0
7|EN|0|vomited|||7|0|0
7|EN|0|vulgar|||7|0|0
7|2E|0|waterpot|s||6|1|0
7|EN|0|waver|||7|0|0
7|EN|0|weather|||7|0|0
7|EN|0|wept|||7|0|0
7|EN|0|widely|||7|0|0
7|EN|0|wither|||7|0|0
7|EN|0|wonderful|||7|0|0
7|EN|0|wrinkled|||7|0|0
7|EN|0|youthful|||7|0|0
6|EN|0|abhorring|||6|0|0
6|EN|0|absolute|||6|0|0
6|EN|0|accounting|||6|0|0
6|EN|0|accoutrements|||6|0|0
6|EN|0|accumulating|||6|0|0
6|EN|0|addresses|||6|0|0
6|EN|0|admitted|||6|0|0
6|EN|0|admonition|||6|0|0
6|EN|0|advance|s||4|2|0
6|PI|0|aggika|||6|0|0
6|EN|0|aggrandizing|||6|0|0
6|PI|1|ambalaṭṭhikā|||6|0|0
6|PI|1|aṅguttarāpan|s||2|4|0
6|EN|0|announce|||6|0|0
6|EN|0|applauded|||6|0|0
6|EN|0|apprenticeship|||6|0|0
6|EN|0|arrested|||6|0|0
6|PI|1|aruṇavatī|||6|0|0
6|EN|0|ashram|||6|0|0
6|PI|0|assapura|||6|0|0
6|EN|0|assumed|||6|0|0
6|EN|0|attribute|s||0|6|0
6|EN|0|authorized|||6|0|0
6|EN|0|backing|||6|0|0
6|EN|0|bag|s||5|1|0
6|EN|0|balancing|||6|0|0
6|EN|0|bald|||6|0|0
6|EN|0|bare|||6|0|0
6|EN|0|bargaining|||6|0|0
6|EN|0|beside|s||2|4|0
6|PI|1|bhaṇḍa|||6|0|0
6|PI|0|bhoganagara|||6|0|0
6|EN|0|bitternes|s||0|6|0
6|EN|0|blockage|s||4|2|0
6|EN|0|blunt|||6|0|0
6|EN|0|bolt|s||5|1|0
6|EN|0|bran|||6|0|0
6|EN|0|buffalo|||6|0|0
6|EN|0|builder|||6|0|0
6|EN|0|bypassed|||6|0|0
6|EN|0|captured|||6|0|0
6|EN|0|chair|||6|0|0
6|EN|0|ches|s||0|6|0
6|EN|0|choice|||6|0|0
6|2E|0|circumambulate|||6|0|0
6|EN|0|cleanliness|||6|0|0
6|EN|0|cleared|||6|0|0
6|EN|0|clearing|||6|0|0
6|EN|0|cliff|||6|0|0
6|EN|0|clump|s||4|2|0
6|EN|0|coin|s||5|1|0
6|EN|0|coincide|||6|0|0
6|EN|0|colt|||6|0|0
6|EN|0|commander|||6|0|0
6|EN|0|compound|||6|0|0
6|EN|0|conclude|||6|0|0
6|EN|0|concoct|||6|0|0
6|EN|0|confer|||6|0|0
6|EN|0|confront|s||1|5|0
6|EN|0|congregating|||6|0|0
6|EN|0|constraining|||6|0|0
6|EN|0|constraint|s||1|5|0
6|EN|0|conversing|||6|0|0
6|EN|0|crimson|||6|0|0
6|EN|0|date|s||2|4|0
6|EN|0|daytime|||6|0|0
6|EN|0|decree|||6|0|0
6|EN|0|delay|||6|0|0
6|EN|0|delivered|||6|0|0
6|EN|0|demise|||6|0|0
6|EN|0|depletion|||6|0|0
6|EN|0|deprive|||6|0|0
6|EN|0|devoting|||6|0|0
6|EN|0|devoured|||6|0|0
6|EN|0|diminishing|||6|0|0
6|EN|0|din|||6|0|0
6|EN|0|dipper|||6|0|0
6|EN|0|dirty|||6|0|0
6|EN|0|discharging|||6|0|0
6|EN|0|discourteous|||6|0|0
6|EN|0|disgorged|||6|0|0
6|EN|0|dislike|||6|0|0
6|EN|0|dispassioned|||6|0|0
6|EN|0|dispelling|||6|0|0
6|EN|0|dispersed|||6|0|0
6|EN|0|dispersion|||6|0|0
6|EN|0|disrespectful|||6|0|0
6|EN|0|distracted|||6|0|0
6|EN|0|diverge|||6|0|0
6|EN|0|doll||'s|5|0|1
6|EN|0|draft|s||5|1|0
6|EN|0|dropped|||6|0|0
6|PI|0|dummukha|||6|0|0
6|EN|0|effect|||6|0|0
6|EN|0|elaborate|||6|0|0
6|EN|0|emaciated|||6|0|0
6|EN|0|embarrassment|||6|0|0
6|EN|0|embellishment|s||2|4|0
6|2E|0|endurer|||6|0|0
6|EN|0|exercised|||6|0|0
6|EN|0|exhorting|||6|0|0
6|EN|0|exposed|||6|0|0
6|EN|0|extinguished|||6|0|0
6|EN|0|eyeless|||6|0|0
6|EN|0|faded|||6|0|0
6|EN|0|faithful|||6|0|0
6|EN|0|famous|||6|0|0
6|EN|0|fascination|||6|0|0
6|EN|0|faster|||6|0|0
6|EN|0|feather|s||5|1|0
6|EN|0|fewer|||6|0|0
6|EN|0|fiery|||6|0|0
6|EN|0|fixation|s||0|6|0
6|EN|0|flax|||6|0|0
6|EN|0|fled|||6|0|0
6|EN|0|focuses|||6|0|0
6|EN|0|fooled|||6|0|0
6|EN|0|forbearance|||6|0|0
6|EN|0|forceful|||6|0|0
6|EN|0|forecasting|||6|0|0
6|EN|0|forefeet|||6|0|0
6|EN|0|foresee|s||5|1|0
6|EN|0|formlessnesses|||6|0|0
6|EN|0|formula|||6|0|0
6|EN|0|formulate|s||2|4|0
6|EN|0|foundation|||6|0|0
6|EN|0|fount|||6|0|0
6|EN|0|fragrant|||6|0|0
6|EN|0|friendliness|||6|0|0
6|EN|0|frustration|||6|0|0
6|EN|0|frying|||6|0|0
6|EN|0|fulfill|||6|0|0
6|PI|1|gaṇaka|||6|0|0
6|EN|0|garlanded|||6|0|0
6|EN|0|gaze|s||4|2|0
6|EN|0|generally|||6|0|0
6|EN|0|gleam|||6|0|0
6|PI|1|godhā|||6|0|0
6|EN|0|gram|||6|0|0
6|EN|0|grandmother|||6|0|0
6|EN|0|graspedness|||6|0|0
6|EN|0|gratitude|||6|0|0
6|EN|0|grounded|||6|0|0
6|EN|0|hadn't|||6|0|0
6|EN|0|handling|||6|0|0
6|EN|0|harder|||6|0|0
6|EN|0|harem|||6|0|0
6|EN|0|harshness|||6|0|0
6|EN|0|hatch|||6|0|0
6|EN|0|hey|||6|0|0
6|EN|0|horde|||6|0|0
6|EN|0|horseback|||6|0|0
6|EN|0|hugging|||6|0|0
6|EN|0|hundredth|||6|0|0
6|EN|0|hurt|||6|0|0
6|EN|0|immovable|||6|0|0
6|EN|0|impediment|s||3|3|0
6|EN|0|imposing|||6|0|0
6|EN|0|impressive|||6|0|0
6|EN|0|indecisive|||6|0|0
6|EN|0|indolence|||6|0|0
6|EN|0|indoor|s||0|6|0
6|EN|0|induce|s||3|3|0
6|EN|0|inexperienced|||6|0|0
6|EN|0|inflow|||6|0|0
6|EN|0|injuring|||6|0|0
6|EN|0|inordinate|||6|0|0
6|EN|0|insatiable|||6|0|0
6|EN|0|insist|||6|0|0
6|EN|0|insofar|||6|0|0
6|EN|0|instigation|||6|0|0
6|EN|0|intermediate|||6|0|0
6|EN|0|intersection|||6|0|0
6|PI|1|kahāpaṇa|s||3|3|0
6|PI|0|kandaraka|||6|0|0
6|PI|1|kāpadika||'s|5|0|1
6|EN|0|keyhole|||6|0|0
6|PI|0|kimila|||6|0|0
6|EN|0|knelt|||6|0|0
6|EN|0|lair|||6|0|0
6|EN|0|lapse|s||4|2|0
6|EN|0|laying|||6|0|0
6|EN|0|lingering|||6|0|0
6|EN|0|luxury|||6|0|0
6|EN|0|lymph|||6|0|0
6|EN|0|madness|||6|0|0
6|EN|0|magician||'s|5|0|1
6|PI|1|mahāli|||6|0|0
6|EN|0|major|||6|0|0
6|EN|0|manifested|||6|0|0
6|EN|0|march|||6|0|0
6|EN|0|marking|s||0|6|0
6|EN|0|marriage|s||4|2|0
6|PI|1|mātikā|s||4|2|0
6|EN|0|measurement|||6|0|0
6|EN|0|memory|||6|0|0
6|PI|1|mettagū||'s|5|0|1
6|EN|0|mildness|||6|0|0
6|EN|0|millet|||6|0|0
6|EN|0|mirage|||6|0|0
6|EN|0|miserably|||6|0|0
6|EN|0|momentum|||6|0|0
6|EN|0|motive|||6|0|0
6|EN|0|multi|||6|0|0
6|2P|0|mung|||6|0|0
6|PI|0|nandana|||6|0|0
6|EN|0|ninety|||6|0|0
6|EN|0|noon|||6|0|0
6|EN|0|nowhere|||6|0|0
6|EN|0|obstinate|||6|0|0
6|EN|0|occupying|||6|0|0
6|EN|0|officer|s||0|6|0
6|EN|0|openhanded|||6|0|0
6|EN|0|overcame|||6|0|0
6|EN|0|overflowing|||6|0|0
6|EN|0|overstep|||6|0|0
6|PI|1|pañcasālā|||6|0|0
6|EN|0|panel|||6|0|0
6|EN|0|par|||6|0|0
6|EN|0|pardon|s||4|2|0
6|EN|0|paring|s||0|6|0
6|EN|0|patient|||6|0|0
6|PI|1|pāva|||6|0|0
6|EN|0|payment|s||4|2|0
6|EN|0|pellucid|||6|0|0
6|EN|0|perfected|||6|0|0
6|EN|0|performing|||6|0|0
6|EN|0|persuaded|||6|0|0
6|PI|1|piṇḍola|||6|0|0
6|EN|0|pink|||6|0|0
6|EN|0|platform|||6|0|0
6|EN|0|plundered|||6|0|0
6|EN|0|poise|||6|0|0
6|EN|0|prayer|s||0|6|0
6|EN|0|preempt|||6|0|0
6|EN|0|presumptuous|||6|0|0
6|EN|0|princes|s||0|6|0
6|EN|0|protesting|||6|0|0
6|EN|0|provision|s||1|5|0
6|EN|0|provocation|||6|0|0
6|PI|0|punabbasu|||6|0|0
6|EN|0|pupil||'s|5|0|1
6|EN|0|purer|||6|0|0
6|EN|0|quizzed|||6|0|0
6|PI|1|rāhu||'s|2|0|4
6|EN|0|rapturous|||6|0|0
6|EN|0|ravage|s||0|6|0
6|EN|0|recognition|||6|0|0
6|EN|0|rectitude|||6|0|0
6|EN|0|renowned|||6|0|0
6|EN|0|resident|||6|0|0
6|EN|0|residual|||6|0|0
6|EN|0|revenue|s||2|4|0
6|EN|0|rigid|||6|0|0
6|EN|0|ripe|||6|0|0
6|EN|0|row|||6|0|0
6|EN|0|rubbed|||6|0|0
6|EN|0|rugged|||6|0|0
6|EN|0|salvage|||6|0|0
6|PI|0|sandha|||6|0|0
6|PI|1|sāranda|||6|0|0
6|PI|1|sātāgira|||6|0|0
6|2E|0|satiation|||6|0|0
6|EN|0|satisfying|||6|0|0
6|PI|0|sattamba|||6|0|0
6|EN|0|scab|s||1|5|0
6|EN|0|scheming|||6|0|0
6|EN|0|scorching|||6|0|0
6|EN|0|scorpion|s||5|1|0
6|EN|0|scrutinize|s||3|3|0
6|EN|0|searched|||6|0|0
6|EN|0|seedling|s||0|6|0
6|EN|0|seeker|||6|0|0
6|EN|0|shard|s||4|2|0
6|EN|0|sheet|||6|0|0
6|EN|0|shelf|||6|0|0
6|EN|0|ship|||6|0|0
6|EN|0|shunning|||6|0|0
6|PI|0|sivaka|||6|0|0
6|EN|0|skein|||6|0|0
6|EN|0|skies|||6|0|0
6|EN|0|skimming|s||0|6|0
6|EN|0|skull|||6|0|0
6|EN|0|slept|||6|0|0
6|EN|0|slime|||6|0|0
6|EN|0|slimy|||6|0|0
6|EN|0|slowness|||6|0|0
6|EN|0|soiled|||6|0|0
6|EN|0|soot|||6|0|0
6|EN|0|sore|s||0|6|0
6|EN|0|spark|||6|0|0
6|EN|0|spiked|||6|0|0
6|EN|0|spiteful|||6|0|0
6|EN|0|splashed|||6|0|0
6|EN|0|splinter|s||0|6|0
6|EN|0|spoiled|||6|0|0
6|EN|0|sprinkled|||6|0|0
6|EN|0|staring|||6|0|0
6|EN|0|storehouse|s||3|3|0
6|EN|0|story|||6|0|0
6|EN|0|strap|s||3|3|0
6|EN|0|strayed|||6|0|0
6|EN|0|streak|s||0|6|0
6|EN|0|strewn|||6|0|0
6|EN|0|stride|||6|0|0
6|EN|0|stuffed|||6|0|0
6|EN|0|succession|||6|0|0
6|2E|0|sunshade|s||4|2|0
6|EN|0|supplying|||6|0|0
6|EN|0|surgery|||6|0|0
6|EN|0|surpass|||6|0|0
6|EN|0|surrounding|||6|0|0
6|EN|0|survive|||6|0|0
6|EN|0|tally|||6|0|0
6|PI|0|tapussa|||6|0|0
6|EN|0|they'd|||6|0|0
6|EN|0|thinker|||6|0|0
6|EN|0|threw|||6|0|0
6|EN|0|tolerable|||6|0|0
6|EN|0|tooth|||6|0|0
6|PI|1|toraṇavatthu|||6|0|0
6|EN|0|trainee|s||4|2|0
6|EN|0|trait|s||0|6|0
6|EN|0|trapper|s||5|1|0
6|EN|0|truthful|||6|0|0
6|EN|0|tuft|||6|0|0
6|EN|0|unaware|||6|0|0
6|EN|0|unbecome|||6|0|0
6|EN|0|unbewildered|||6|0|0
6|EN|0|uncelibate|||6|0|0
6|EN|0|undear|||6|0|0
6|EN|0|undesiring|||6|0|0
6|EN|0|unfeverish|||6|0|0
6|EN|0|unflaggingly|||6|0|0
6|EN|0|unobstructed|||6|0|0
6|EN|0|unpleasantly|||6|0|0
6|2E|0|unprovokable|||6|0|0
6|EN|0|unstable|||6|0|0
6|PI|1|upasīva||'s|5|0|1
6|PI|1|uppalavaṇṇā|||6|0|0
6|PI|0|vagga|||6|0|0
6|EN|0|valley|||6|0|0
6|EN|0|variegated|||6|0|0
6|PI|1|varuṇa|s||4|2|0
6|EN|0|veer|||6|0|0
6|PI|1|veḷuva|||6|0|0
6|EN|0|verge|||6|0|0
6|PI|1|vijayā|||6|0|0
6|EN|0|violent|||6|0|0
6|EN|0|walked|||6|0|0
6|EN|0|warding|||6|0|0
6|EN|0|warmed|||6|0|0
6|EN|0|watery|||6|0|0
6|EN|0|windy|||6|0|0
6|EN|0|winter|||6|0|0
6|EN|0|witnessed|||6|0|0
6|EN|0|woodsman|||6|0|0
6|EN|0|workman|||6|0|0
6|EN|0|wretch|||6|0|0
6|EN|0|writhing|s||2|4|0
5|EN|0|abhor|s||2|3|0
5|EN|0|ablution|||5|0|0
5|EN|0|absorb|s||1|4|0
5|EN|0|accountant|s||2|3|0
5|EN|0|accumulate|s||4|1|0
5|PI|1|aciravatī|||5|0|0
5|EN|0|adhering|||5|0|0
5|EN|0|administering|||5|0|0
5|EN|0|afterlife|||5|0|0
5|PI|1|aggāḷava|||5|0|0
5|EN|0|aiding|||5|0|0
5|PI|1|akaniṭṭha|||5|0|0
5|PI|1|āḷavikā|||5|0|0
5|EN|0|alike|||5|0|0
5|EN|0|amuse|s||4|1|0
5|EN|0|antagonistic|||5|0|0
5|EN|0|anxious|||5|0|0
5|EN|0|arbiter|||5|0|0
5|EN|0|armor|||5|0|0
5|EN|0|ascending|||5|0|0
5|2E|0|ascertainment|||5|0|0
5|PI|0|asita||'s|3|0|2
5|PI|1|aṭṭhakanagara|||5|0|0
5|EN|0|authority|||5|0|0
5|EN|0|axe|s||1|4|0
5|EN|0|band|s||3|2|0
5|PI|0|bandhana|||5|0|0
5|EN|0|bang|||5|0|0
5|EN|0|bather||'s|4|0|1
5|EN|0|beautified|||5|0|0
5|EN|0|begged|||5|0|0
5|EN|0|behold|||5|0|0
5|EN|0|bitten|||5|0|0
5|EN|0|blocked|||5|0|0
5|EN|0|boiled|||5|0|0
5|EN|0|bottom|||5|0|0
5|EN|0|boundless|||5|0|0
5|PI|1|brāhmaṇa|||5|0|0
5|EN|0|bringer|s||4|1|0
5|EN|0|broke|||5|0|0
5|EN|0|brokenness|||5|0|0
5|EN|0|buckling|||5|0|0
5|EN|0|bunche|s||0|5|0
5|EN|0|burglary|||5|0|0
5|EN|0|buzzing|||5|0|0
5|EN|0|calamity|||5|0|0
5|EN|0|carcass|||5|0|0
5|EN|0|carriage|s||4|1|0
5|EN|0|carrion|||5|0|0
5|EN|0|castigate|s||0|5|0
5|EN|0|castigated|||5|0|0
5|2E|0|catskin|||5|0|0
5|EN|0|ceremonial|||5|0|0
5|EN|0|ceremonies|||5|0|0
5|EN|0|certainty|||5|0|0
5|EN|0|chaste|||5|0|0
5|EN|0|chatting|||5|0|0
5|EN|0|chopping|||5|0|0
5|2E|0|circumambulation|||5|0|0
5|EN|0|climbed|||5|0|0
5|EN|0|cohabitation|||5|0|0
5|EN|0|coil|s||1|4|0
5|EN|0|collecting|||5|0|0
5|EN|0|commando|s||3|2|0
5|EN|0|comparing|||5|0|0
5|EN|0|complacent|||5|0|0
5|2E|0|compunctious|||5|0|0
5|2E|0|conceiver|||5|0|0
5|2E|0|conditionality|||5|0|0
5|EN|0|confidently|||5|0|0
5|EN|0|confined|||5|0|0
5|EN|0|conform|||5|0|0
5|EN|0|confrontation|||5|0|0
5|EN|0|consciously|||5|0|0
5|EN|0|consorting|||5|0|0
5|EN|0|container|s||2|3|0
5|EN|0|contaminate|s||4|1|0
5|EN|0|convincing|||5|0|0
5|EN|0|convolution|||5|0|0
5|EN|0|cooking|||5|0|0
5|EN|0|corner|s||0|5|0
5|EN|0|cowardly|||5|0|0
5|EN|0|crack|s||2|3|0
5|EN|0|criminal|||5|0|0
5|EN|0|cure|s||4|1|0
5|EN|0|dad|||5|0|0
5|PI|1|dāmali|||5|0|0
5|EN|0|debater|s||2|3|0
5|2E|0|debtlessness|||5|0|0
5|EN|0|deceasing|||5|0|0
5|EN|0|decomposed|||5|0|0
5|EN|0|decrepitude|||5|0|0
5|EN|0|dedicate|||5|0|0
5|EN|0|dedication|||5|0|0
5|EN|0|deduced|||5|0|0
5|EN|0|defense|||5|0|0
5|EN|0|demolishes|||5|0|0
5|EN|0|denies|||5|0|0
5|EN|0|dense|||5|0|0
5|EN|0|depleted|||5|0|0
5|EN|0|descending|||5|0|0
5|EN|0|determining|||5|0|0
5|PI|0|devala|||5|0|0
5|PI|1|dhammadinnā|||5|0|0
5|EN|0|disavowed|||5|0|0
5|EN|0|discarding|||5|0|0
5|EN|0|dishonest|||5|0|0
5|EN|0|dismay|||5|0|0
5|EN|0|dismissive|||5|0|0
5|EN|0|dissolving|||5|0|0
5|EN|0|distributed|||5|0|0
5|EN|0|divisiveness|||5|0|0
5|EN|0|donkey|||5|0|0
5|EN|0|dragged|||5|0|0
5|EN|0|dragging|||5|0|0
5|EN|0|drilled|||5|0|0
5|EN|0|driveler|s||0|5|0
5|EN|0|dross|||5|0|0
5|EN|0|dumb|||5|0|0
5|EN|0|dump|s||3|2|0
5|EN|0|elated|||5|0|0
5|EN|0|embedded|||5|0|0
5|EN|0|encountering|||5|0|0
5|2E|0|endpoints|||5|0|0
5|EN|0|engendered|||5|0|0
5|EN|0|enormous|||5|0|0
5|EN|0|errand|s||1|4|0
5|EN|0|evaporated|||5|0|0
5|EN|0|everlasting|||5|0|0
5|EN|0|expanse|||5|0|0
5|EN|0|express|||5|0|0
5|EN|0|extricate|s||4|1|0
5|EN|0|fabricating|||5|0|0
5|EN|0|fail|s||1|4|0
5|EN|0|fan|s||3|2|0
5|EN|0|fanning|||5|0|0
5|EN|0|fashioning|||5|0|0
5|EN|0|faultless|||5|0|0
5|EN|0|favor|s||3|2|0
5|EN|0|favorable|||5|0|0
5|EN|0|feat|||5|0|0
5|EN|0|fertile|||5|0|0
5|EN|0|fester|s||4|1|0
5|EN|0|fetus|||5|0|0
5|EN|0|fig|||5|0|0
5|EN|0|filling|||5|0|0
5|EN|0|flawed|||5|0|0
5|EN|0|fleshless|||5|0|0
5|EN|0|flog|||5|0|0
5|EN|0|flour|||5|0|0
5|EN|0|foam|||5|0|0
5|EN|0|foolishly|||5|0|0
5|EN|0|foolishness|||5|0|0
5|EN|0|footless|||5|0|0
5|EN|0|foraging|||5|0|0
5|EN|0|forbid|||5|0|0
5|EN|0|foresaw|||5|0|0
5|EN|0|forming|||5|0|0
5|EN|0|fragrance|s||2|3|0
5|EN|0|fright|||5|0|0
5|PI|1|gaggarā|||5|0|0
5|EN|0|gambling|||5|0|0
5|PI|0|godatta|||5|0|0
5|EN|0|gradually|||5|0|0
5|EN|0|grandfather||'s|4|0|1
5|EN|0|graying|||5|0|0
5|EN|0|grieving|||5|0|0
5|EN|0|grosser|||5|0|0
5|EN|0|habitually|||5|0|0
5|EN|0|harnessed|||5|0|0
5|EN|0|haughty|||5|0|0
5|EN|0|he'll|||5|0|0
5|EN|0|heel|s||0|5|0
5|EN|0|heirless|||5|0|0
5|2E|0|hindfeet|||5|0|0
5|EN|0|hoping|||5|0|0
5|EN|0|hub|s||4|1|0
5|EN|0|hurled|||5|0|0
5|EN|0|hushed|||5|0|0
5|EN|0|imitating|||5|0|0
5|EN|0|inactive|||5|0|0
5|EN|0|including|||5|0|0
5|EN|0|inconvenience|||5|0|0
5|EN|0|independence|||5|0|0
5|EN|0|infection|s||0|5|0
5|EN|0|inferred|||5|0|0
5|EN|0|ingot|s||1|4|0
5|EN|0|initiated|||5|0|0
5|EN|0|innocent|||5|0|0
5|EN|0|inspection|||5|0|0
5|EN|0|insufficient|||5|0|0
5|EN|0|intake|||5|0|0
5|2E|0|interpellated|||5|0|0
5|2E|0|interpellates|||5|0|0
5|EN|0|interrogate|s||0|5|0
5|EN|0|interrupt|s||4|1|0
5|EN|0|interruption|||5|0|0
5|EN|0|intoxicating|||5|0|0
5|EN|0|investigation|||5|0|0
5|EN|0|ironing|||5|0|0
5|EN|0|irritate|||5|0|0
5|EN|0|irritated|||5|0|0
5|EN|0|it'll|||5|0|0
5|EN|0|jointed|||5|0|0
5|EN|0|joking|||5|0|0
5|EN|0|jump|s||3|2|0
5|PI|0|kadali|||5|0|0
5|PI|1|kaṇṇikāra|||5|0|0
5|PI|0|kappina|||5|0|0
5|EN|0|keenness|||5|0|0
5|EN|0|kick|s||1|4|0
5|PI|1|kīṭāgiri|||5|0|0
5|PI|0|kokamuda|||5|0|0
5|PI|0|kosiya|||5|0|0
5|PI|1|kukuṭa|||5|0|0
5|PI|0|kusa|||5|0|0
5|EN|0|lapsed|||5|0|0
5|EN|0|lasted|||5|0|0
5|EN|0|leash|||5|0|0
5|EN|0|leftover|s||1|4|0
5|EN|0|lentil|||5|0|0
5|EN|0|licking|||5|0|0
5|EN|0|literary|||5|0|0
5|EN|0|logician|s||4|1|0
5|2E|0|longnails|||5|0|0
5|PI|0|maddakucchi|||5|0|0
5|PI|1|mahī|||5|0|0
5|PI|0|mahisavatthu|||5|0|0
5|EN|0|mansion|||5|0|0
5|EN|0|marched|||5|0|0
5|EN|0|mate|||5|0|0
5|EN|0|maternal|||5|0|0
5|PI|1|mettā|||5|0|0
5|PI|1|migācīra|||5|0|0
5|EN|0|military|||5|0|0
5|EN|0|mindedness|||5|0|0
5|EN|0|miserliness|||5|0|0
5|EN|0|mistreat|s||4|1|0
5|EN|0|mouthful|s||4|1|0
5|PI|0|muccalinda|||5|0|0
5|EN|0|murder|||5|0|0
5|EN|0|muzzle|||5|0|0
5|EN|0|native|||5|0|0
5|EN|0|natured|||5|0|0
5|EN|0|nightfall|||5|0|0
5|EN|0|offender|||5|0|0
5|EN|0|oh|||5|0|0
5|EN|0|omen|s||0|5|0
5|EN|0|outlying|||5|0|0
5|EN|0|outsider|s||1|4|0
5|EN|0|overbearing|||5|0|0
5|EN|0|ownership|||5|0|0
5|EN|0|packed|||5|0|0
5|PI|1|pañcālacaṇḍa|||5|0|0
5|EN|0|pandemonium|||5|0|0
5|PI|1|pārāsiri|||5|0|0
5|EN|0|participating|||5|0|0
5|EN|0|patches|||5|0|0
5|PI|1|pāvārika||'s|3|0|2
5|2E|0|perceiver|||5|0|0
5|EN|0|perfecting|||5|0|0
5|EN|0|perish|||5|0|0
5|EN|0|persuading|||5|0|0
5|EN|0|pester|||5|0|0
5|EN|0|philosophical|||5|0|0
5|EN|0|pigeon|||5|0|0
5|EN|0|pitiful|||5|0|0
5|EN|0|playmate|||5|0|0
5|EN|0|plentiful|||5|0|0
5|EN|0|poisonous|||5|0|0
5|EN|0|poured|||5|0|0
5|EN|0|poverty|||5|0|0
5|EN|0|predilection|||5|0|0
5|EN|0|prefer|||5|0|0
5|EN|0|pretentious|||5|0|0
5|EN|0|price|||5|0|0
5|EN|0|product|s||3|2|0
5|EN|0|pronouncement|||5|0|0
5|EN|0|protecting|||5|0|0
5|EN|0|public|||5|0|0
5|PI|1|puṇṇikā|||5|0|0
5|PI|1|purāṇa||'s|4|0|1
5|EN|0|purest|||5|0|0
5|EN|0|rabbit|s||3|2|0
5|EN|0|ravaged|||5|0|0
5|EN|0|reduced|||5|0|0
5|EN|0|removing|||5|0|0
5|EN|0|resentful|||5|0|0
5|EN|0|reside|||5|0|0
5|EN|0|ripped|||5|0|0
5|EN|0|risky|||5|0|0
5|EN|0|rivalry|||5|0|0
5|EN|0|roared|||5|0|0
5|EN|0|roaring|||5|0|0
5|EN|0|robbed|||5|0|0
5|EN|0|rode|||5|0|0
5|EN|0|roughly|||5|0|0
5|EN|0|ruddy|||5|0|0
5|PI|0|sacca|||5|0|0
5|PI|0|sajjha|||5|0|0
5|PI|0|samudaya|||5|0|0
5|PI|1|saṅkheyyaka|||5|0|0
5|PI|1|sarabhū|||5|0|0
5|EN|0|sated|||5|0|0
5|EN|0|savagely|||5|0|0
5|EN|0|scented|||5|0|0
5|EN|0|seize|||5|0|0
5|2E|0|seizers|||5|0|0
5|PI|1|selā|||5|0|0
5|EN|0|selfish|||5|0|0
5|EN|0|serendipity|||5|0|0
5|EN|0|severed|||5|0|0
5|EN|0|shack|||5|0|0
5|EN|0|shackle|s||0|5|0
5|EN|0|shaking|||5|0|0
5|EN|0|shining|||5|0|0
5|EN|0|shivered|||5|0|0
5|EN|0|shun|||5|0|0
5|EN|0|silk|||5|0|0
5|EN|0|slandered|||5|0|0
5|EN|0|slice|||5|0|0
5|EN|0|smashed|||5|0|0
5|EN|0|smile|||5|0|0
5|EN|0|smoke|||5|0|0
5|EN|0|smothered|||5|0|0
5|EN|0|sobering|||5|0|0
5|EN|0|solicitous|||5|0|0
5|EN|0|somewhat|||5|0|0
5|EN|0|sour|||5|0|0
5|EN|0|spill|||5|0|0
5|EN|0|spouse|s||1|4|0
5|EN|0|steadfastness|||5|0|0
5|EN|0|steered|||5|0|0
5|EN|0|straightaway|||5|0|0
5|2E|0|streamwinner|||5|0|0
5|EN|0|strip|s||1|4|0
5|PI|1|subhā|||5|0|0
5|PI|1|subhūti|||5|0|0
5|EN|0|submerged|||5|0|0
5|EN|0|subordinate|s||0|5|0
5|EN|0|successive|||5|0|0
5|EN|0|succumb|||5|0|0
5|PI|0|sudatta|||5|0|0
5|EN|0|suddenly|||5|0|0
5|PI|1|sumaṅgala||'s|4|0|1
5|EN|0|sunrise|||5|0|0
5|EN|0|surveyed|||5|0|0
5|EN|0|suspected|||5|0|0
5|EN|0|swan|s||2|3|0
5|EN|0|swollen|||5|0|0
5|EN|0|tandem|||5|0|0
5|PI|1|taṇhā|||5|0|0
5|PI|0|tatha|||5|0|0
5|EN|0|terrible|||5|0|0
5|EN|0|threshold|||5|0|0
5|PI|1|thūna|||5|0|0
5|EN|0|thundering|||5|0|0
5|EN|0|tireless|||5|0|0
5|EN|0|tolerating|||5|0|0
5|EN|0|tong|s||0|5|0
5|EN|0|tortured|||5|0|0
5|EN|0|tossed|||5|0|0
5|EN|0|tough|||5|0|0
5|EN|0|traditional|||5|0|0
5|EN|0|trail|||5|0|0
5|EN|0|tribute|||5|0|0
5|EN|0|trivial|||5|0|0
5|EN|0|trustworthy|||5|0|0
5|EN|0|typical|||5|0|0
5|EN|0|ugliness|||5|0|0
5|EN|0|ultimately|||5|0|0
5|EN|0|unaccompanied|||5|0|0
5|EN|0|unadhering|||5|0|0
5|EN|0|uncle||'s|1|0|4
5|EN|0|unculminated|||5|0|0
5|EN|0|uncultivated|||5|0|0
5|EN|0|undefeated|||5|0|0
5|EN|0|underground|||5|0|0
5|EN|0|unencircled|||5|0|0
5|EN|0|unperfected|||5|0|0
5|EN|0|unwavering|||5|0|0
5|EN|0|urn|||5|0|0
5|PI|1|vajirā|||5|0|0
5|EN|0|vanguard|||5|0|0
5|PI|1|vaṭṭajālika|||5|0|0
5|PI|0|vepulla|||5|0|0
5|PI|1|vessāmitta|||5|0|0
5|EN|0|viewed|||5|0|0
5|EN|0|vile|||5|0|0
5|EN|0|vow|s||1|4|0
5|EN|0|wage|s||3|2|0
5|EN|0|weakening|||5|0|0
5|EN|0|whitened|||5|0|0
5|EN|0|width|||5|0|0
5|EN|0|wily|||5|0|0
5|EN|0|wiped|||5|0|0
5|EN|0|worthwhile|||5|0|0
5|EN|0|wrinkling|||5|0|0
5|PI|1|yamunā|||5|0|0
5|EN|0|yesterday|||5|0|0
5|EN|0|zodiac|||5|0|0
4|EN|0|abandonment|||4|0|0
4|PI|1|ābhassara|||4|0|0
4|PI|0|abhisanda|||4|0|0
4|EN|0|abide|||4|0|0
4|EN|0|abstained|||4|0|0
4|EN|0|accent|||4|0|0
4|EN|0|ache|s||1|3|0
4|EN|0|acquaintance|s||2|2|0
4|EN|0|acrobat|||4|0|0
4|PI|0|adhimutta|||4|0|0
4|EN|0|adjourn|||4|0|0
4|EN|0|administrator|||4|0|0
4|EN|0|admire|||4|0|0
4|EN|0|admonishment|||4|0|0
4|PI|1|advayaṁ|||4|0|0
4|EN|0|advisor|s||0|4|0
4|EN|0|affiliation|||4|0|0
4|EN|0|aloofness|||4|0|0
4|EN|0|amassing|||4|0|0
4|EN|0|amazement|||4|0|0
4|PI|1|anāgata|||4|0|0
4|EN|0|analogous|||4|0|0
4|EN|0|ancestor|s||1|3|0
4|EN|0|announcing|||4|0|0
4|EN|0|anointing|||4|0|0
4|EN|0|antagonism|||4|0|0
4|PI|0|anudhamma|||4|0|0
4|PI|1|appamāda|||4|0|0
4|EN|0|apparent|||4|0|0
4|EN|0|applied|||4|0|0
4|EN|0|apt|||4|0|0
4|PI|1|ārāmadaṇḍa|||4|0|0
4|EN|0|arrowed|||4|0|0
4|EN|0|ascend|||4|0|0
4|EN|0|ascertain|||4|0|0
4|EN|0|assassin|||4|0|0
4|PI|0|atta|||4|0|0
4|EN|0|authentic|||4|0|0
4|PI|0|avanti|s||3|1|0
4|PI|1|avijjā|||4|0|0
4|EN|0|backslid|||4|0|0
4|EN|0|backward|||4|0|0
4|EN|0|banana|||4|0|0
4|PI|0|bandha|||4|0|0
4|EN|0|banging|||4|0|0
4|EN|0|barrenness|||4|0|0
4|EN|0|baseness|||4|0|0
4|EN|0|beaming|||4|0|0
4|EN|0|bearer|s||0|4|0
4|EN|0|beetle|s||2|2|0
4|EN|0|befuddled|||4|0|0
4|EN|0|begin|s||3|1|0
4|EN|0|begrudge|s||3|1|0
4|EN|0|belt|||4|0|0
4|2E|0|besorbs|||4|0|0
4|EN|0|bestowed|||4|0|0
4|PI|1|bhadrāvudha||'s|3|0|1
4|PI|0|bhava|||4|0|0
4|PI|1|bhayāni|||4|0|0
4|EN|0|blamed|||4|0|0
4|EN|0|blamelessness|||4|0|0
4|EN|0|blanket|s||3|1|0
4|EN|0|blight|||4|0|0
4|EN|0|blowing|||4|0|0
4|EN|0|bonded|||4|0|0
4|EN|0|borne|||4|0|0
4|EN|0|bother|||4|0|0
4|EN|0|bracelet|s||0|4|0
4|EN|0|breeding|||4|0|0
4|EN|0|briefly|||4|0|0
4|EN|0|brightening|||4|0|0
4|EN|0|brilliant|||4|0|0
4|EN|0|brimful|||4|0|0
4|EN|0|broil|||4|0|0
4|EN|0|bullion|||4|0|0
4|EN|0|bullock|s||0|4|0
4|EN|0|buoyancy|||4|0|0
4|EN|0|burnt|||4|0|0
4|EN|0|calculatedly|||4|0|0
4|EN|0|calculator|s||2|2|0
4|EN|0|calve|s||0|4|0
4|EN|0|calved|||4|0|0
4|EN|0|canopies|||4|0|0
4|EN|0|canvas|||4|0|0
4|EN|0|captive|||4|0|0
4|EN|0|caravan|||4|0|0
4|2E|0|cartload|s||2|2|0
4|EN|0|carved|||4|0|0
4|EN|0|castle|s||0|4|0
4|EN|0|cauldron|||4|0|0
4|EN|0|cauterizing|||4|0|0
4|EN|0|censuring|||4|0|0
4|EN|0|centipede|s||3|1|0
4|EN|0|century|||4|0|0
4|PI|1|cetanā|||4|0|0
4|2E|0|changeability|||4|0|0
4|EN|0|changing|||4|0|0
4|EN|0|chanting|||4|0|0
4|EN|0|chasing|||4|0|0
4|EN|0|cheat|s||3|1|0
4|EN|0|chop|||4|0|0
4|EN|0|churn|||4|0|0
4|EN|0|citing|||4|0|0
4|EN|0|clenched|||4|0|0
4|EN|0|clenching|||4|0|0
4|EN|0|cloaked|||4|0|0
4|EN|0|club|s||0|4|0
4|EN|0|cogitated|||4|0|0
4|EN|0|coincidence|||4|0|0
4|EN|0|collect|s||2|2|0
4|EN|0|completing|||4|0|0
4|EN|0|compliance|||4|0|0
4|EN|0|complicate|s||0|4|0
4|EN|0|concealing|||4|0|0
4|EN|0|concede|||4|0|0
4|EN|0|concocting|||4|0|0
4|EN|0|condescension|||4|0|0
4|EN|0|condone|||4|0|0
4|EN|0|conflagration|||4|0|0
4|EN|0|consecrated|||4|0|0
4|EN|0|consigned|||4|0|0
4|EN|0|consisting|||4|0|0
4|EN|0|constellation|s||0|4|0
4|EN|0|contradict|s||2|2|0
4|EN|0|convergence|||4|0|0
4|EN|0|conveying|||4|0|0
4|EN|0|corp|s||0|4|0
4|EN|0|corrupter|||4|0|0
4|EN|0|couch|||4|0|0
4|EN|0|counselor|s||3|1|0
4|EN|0|counting|||4|0|0
4|EN|0|coursing|||4|0|0
4|EN|0|cousin|||4|0|0
4|EN|0|coveting|||4|0|0
4|EN|0|crackling|||4|0|0
4|EN|0|crafty|||4|0|0
4|EN|0|crave|s||0|4|0
4|EN|0|creative|||4|0|0
4|EN|0|cried|||4|0|0
4|EN|0|cries|||4|0|0
4|EN|0|crippled|||4|0|0
4|EN|0|crock|||4|0|0
4|EN|0|crowding|||4|0|0
4|EN|0|crowned|||4|0|0
4|EN|0|cubit|s||0|4|0
4|EN|0|cupful|||4|0|0
4|EN|0|cured|||4|0|0
4|EN|0|curries|||4|0|0
4|EN|0|curse|||4|0|0
4|EN|0|cursed|||4|0|0
4|EN|0|custom|s||3|1|0
4|EN|0|darkening|||4|0|0
4|PI|0|dasama|||4|0|0
4|EN|0|daybreak|||4|0|0
4|EN|0|de|||4|0|0
4|EN|0|deceiving|||4|0|0
4|EN|0|deceptiveness|||4|0|0
4|EN|0|declining|||4|0|0
4|EN|0|deduction|s||0|4|0
4|EN|0|deeper|||4|0|0
4|EN|0|defending|||4|0|0
4|EN|0|deferential|||4|0|0
4|EN|0|definite|||4|0|0
4|EN|0|deformed|||4|0|0
4|EN|0|defy|||4|0|0
4|EN|0|degree|||4|0|0
4|EN|0|deludedness|||4|0|0
4|2E|0|demeritorious|||4|0|0
4|EN|0|dependency|||4|0|0
4|EN|0|derived|||4|0|0
4|2E|0|destructibility|||4|0|0
4|EN|0|deviate|s||0|4|0
4|EN|0|devolving|||4|0|0
4|EN|0|devour|s||3|1|0
4|EN|0|dice|||4|0|0
4|EN|0|differentiated|||4|0|0
4|EN|0|dike|s||0|4|0
4|EN|0|disband|||4|0|0
4|EN|0|disdain|||4|0|0
4|EN|0|disentangle|||4|0|0
4|EN|0|disgorge|s||0|4|0
4|EN|0|dismisses|||4|0|0
4|2E|0|dispeller|s||3|1|0
4|EN|0|displayed|||4|0|0
4|EN|0|dissipated|||4|0|0
4|EN|0|distillery|||4|0|0
4|EN|0|distinct|||4|0|0
4|EN|0|distributing|||4|0|0
4|PI|1|diṭṭhi|||4|0|0
4|EN|0|diverse|||4|0|0
4|EN|0|don|||4|0|0
4|EN|0|doorway|s||3|1|0
4|EN|0|downward|||4|0|0
4|EN|0|downy|||4|0|0
4|EN|0|dribble|||4|0|0
4|EN|0|dries|||4|0|0
4|EN|0|driving|||4|0|0
4|EN|0|drying|||4|0|0
4|EN|0|dyeing|||4|0|0
4|EN|0|earning|s||1|3|0
4|EN|0|effectual|||4|0|0
4|EN|0|eighty|||4|0|0
4|EN|0|elimination|||4|0|0
4|EN|0|eminent|||4|0|0
4|EN|0|encountered|||4|0|0
4|EN|0|endangered|||4|0|0
4|EN|0|engendering|||4|0|0
4|2E|0|ensnarer|||4|0|0
4|EN|0|entail|||4|0|0
4|EN|0|enthralled|||4|0|0
4|EN|0|eradication|||4|0|0
4|EN|0|espouse|||4|0|0
4|EN|0|etc|||4|0|0
4|EN|0|evasion|||4|0|0
4|EN|0|exasperate|||4|0|0
4|EN|0|excerpt|||4|0|0
4|EN|0|excessively|||4|0|0
4|EN|0|executed|||4|0|0
4|EN|0|exercising|||4|0|0
4|EN|0|exponent|s||2|2|0
4|EN|0|extinction|||4|0|0
4|EN|0|extol|s||3|1|0
4|EN|0|extract|||4|0|0
4|EN|0|fare|s||2|2|0
4|EN|0|feast|||4|0|0
4|EN|0|femininity|||4|0|0
4|EN|0|fermentation|s||1|3|0
4|EN|0|ferocious|||4|0|0
4|EN|0|ferret|||4|0|0
4|EN|0|ferryboat|||4|0|0
4|EN|0|fervor|||4|0|0
4|EN|0|fetched|||4|0|0
4|2E|0|feudatory|||4|0|0
4|EN|0|fiercely|||4|0|0
4|EN|0|figure|s||2|2|0
4|EN|0|finest|||4|0|0
4|EN|0|fining|||4|0|0
4|EN|0|firebrand|||4|0|0
4|EN|0|fixes|||4|0|0
4|EN|0|flashing|||4|0|0
4|EN|0|fleeced|||4|0|0
4|EN|0|floating|||4|0|0
4|EN|0|flogging|||4|0|0
4|EN|0|floral|||4|0|0
4|EN|0|floundering|||4|0|0
4|EN|0|fluctuating|||4|0|0
4|EN|0|foaming|||4|0|0
4|EN|0|focal|||4|0|0
4|EN|0|fondness|||4|0|0
4|EN|0|footstep|s||2|2|0
4|2E|0|forequarters|||4|0|0
4|EN|0|forfeited|||4|0|0
4|EN|0|formed|||4|0|0
4|EN|0|forsaken|||4|0|0
4|EN|0|forsaking|||4|0|0
4|EN|0|fought|||4|0|0
4|EN|0|foulness|||4|0|0
4|EN|0|fourteenth|||4|0|0
4|EN|0|fraction|||4|0|0
4|EN|0|function|s||3|1|0
4|EN|0|fundamental|||4|0|0
4|EN|0|furnace|||4|0|0
4|EN|0|furnishing|s||0|4|0
4|EN|0|gall|||4|0|0
4|PI|0|gandhabhaka|||4|0|0
4|EN|0|gesture|s||0|4|0
4|EN|0|gleaning|s||0|4|0
4|EN|0|goatherd||'s|0|0|4
4|EN|0|goddess|||4|0|0
4|PI|1|golissāni|||4|0|0
4|EN|0|gosh|||4|0|0
4|EN|0|gouging|||4|0|0
4|EN|0|grammar|||4|0|0
4|EN|0|grateful|||4|0|0
4|EN|0|guessing|||4|0|0
4|PI|0|haliddavasana|||4|0|0
4|EN|0|handful|||4|0|0
4|EN|0|handiwork|||4|0|0
4|EN|0|handmaid|s||0|4|0
4|EN|0|harbinger|||4|0|0
4|PI|1|hārita|||4|0|0
4|EN|0|hearsay|||4|0|0
4|PI|0|hemaka||'s|3|0|1
4|EN|0|hired|||4|0|0
4|EN|0|histories|||4|0|0
4|EN|0|hood|||4|0|0
4|EN|0|hostilities|||4|0|0
4|EN|0|hounded|||4|0|0
4|EN|0|ignite|||4|0|0
4|EN|0|imitation|||4|0|0
4|EN|0|immense|||4|0|0
4|EN|0|impaired|||4|0|0
4|EN|0|impaled|||4|0|0
4|EN|0|impose|s||1|3|0
4|EN|0|impossibilities|||4|0|0
4|EN|0|improvisation|||4|0|0
4|EN|0|inauspicious|||4|0|0
4|EN|0|inclining|||4|0|0
4|EN|0|incoming|||4|0|0
4|EN|0|inconsistent|||4|0|0
4|EN|0|incurably|||4|0|0
4|EN|0|indicator|s||0|4|0
4|EN|0|induced|||4|0|0
4|EN|0|ineffectual|||4|0|0
4|EN|0|infatuate|||4|0|0
4|EN|0|informing|||4|0|0
4|EN|0|inhabitant|s||0|4|0
4|EN|0|inquire|||4|0|0
4|EN|0|inquirer|||4|0|0
4|EN|0|inquiries|||4|0|0
4|EN|0|instability|||4|0|0
4|EN|0|instructive|||4|0|0
4|EN|0|insulting|||4|0|0
4|EN|0|intensity|||4|0|0
4|EN|0|inter|||4|0|0
4|EN|0|interaction|||4|0|0
4|EN|0|interpreting|||4|0|0
4|EN|0|invest|s||0|4|0
4|EN|0|invested|||4|0|0
4|EN|0|investigated|||4|0|0
4|2E|0|irrigators|||4|0|0
4|PI|0|isigili|||4|0|0
4|PI|1|jaṭā|||4|0|0
4|EN|0|jewelry|||4|0|0
4|PI|0|jotiya|||4|0|0
4|PI|1|kāḷa|||4|0|0
4|PI|1|kāliṅga|||4|0|0
4|PI|0|kammic|||4|0|0
4|PI|1|kaṇḍarāyana|||4|0|0
4|PI|1|kāsī|||4|0|0
4|PI|1|kaṭissaha|||4|0|0
4|EN|0|keel|||4|0|0
4|PI|0|khandha|||4|0|0
4|EN|0|knowingly|||4|0|0
4|PI|0|kula|||4|0|0
4|EN|0|laborer|s||3|1|0
4|2E|0|lac|||4|0|0
4|EN|0|ladle|||4|0|0
4|EN|0|lame|||4|0|0
4|EN|0|lanced|||4|0|0
4|EN|0|landed|||4|0|0
4|2E|0|lapis|||4|0|0
4|EN|0|layman|||4|0|0
4|2E|0|lazuli|s||2|2|0
4|EN|0|legend|s||0|4|0
4|EN|0|likenes|s||0|4|0
4|EN|0|liking|||4|0|0
4|EN|0|limitlessly|||4|0|0
4|EN|0|liturgy|||4|0|0
4|EN|0|locally|||4|0|0
4|EN|0|longed|||4|0|0
4|EN|0|lordship|||4|0|0
4|EN|0|losing|||4|0|0
4|PI|1|māgadha|||4|0|0
4|EN|0|mainstay|||4|0|0
4|EN|0|majestic|||4|0|0
4|PI|1|maṇibhadda|||4|0|0
4|EN|0|mascara|||4|0|0
4|EN|0|masculinity|||4|0|0
4|EN|0|mattresser|||4|0|0
4|EN|0|membrane|s||0|4|0
4|EN|0|memorial|||4|0|0
4|PI|1|migajāla|||4|0|0
4|EN|0|millennia|||4|0|0
4|EN|0|mingled|||4|0|0
4|EN|0|minute|||4|0|0
4|EN|0|misse|s||0|4|0
4|EN|0|missed|||4|0|0
4|EN|0|mistaken|||4|0|0
4|PI|1|mogharāja||'s|3|0|1
4|EN|0|moonlit|||4|0|0
4|2E|0|mortalized|||4|0|0
4|EN|0|mounted|||4|0|0
4|EN|0|mouse|||4|0|0
4|EN|0|mule|s||3|1|0
4|EN|0|multifarious|||4|0|0
4|PI|1|muṇḍika|||4|0|0
4|EN|0|muse|s||0|4|0
4|2E|0|myrobalan|s||2|2|0
4|PI|1|nālaka|||4|0|0
4|PI|1|nandā||'s|3|0|1
4|EN|0|neat|||4|0|0
4|EN|0|necklace|||4|0|0
4|EN|0|neglecting|||4|0|0
4|EN|0|negligent|||4|0|0
4|PI|1|nidāna|||4|0|0
4|EN|0|nihilist|||4|0|0
4|PI|1|nikaṭa|||4|0|0
4|EN|0|obscure|||4|0|0
4|EN|0|octet|||4|0|0
4|EN|0|offended|||4|0|0
4|EN|0|ordinary|||4|0|0
4|EN|0|organ|||4|0|0
4|2E|0|orpiment|||4|0|0
4|EN|0|owe|s||1|3|0
4|EN|0|owl|s|'s|0|2|2
4|PI|1|paccanikasāta|||4|0|0
4|PI|0|pacceka|||4|0|0
4|PI|0|pacetana|||4|0|0
4|EN|0|pact|||4|0|0
4|EN|0|painted|||4|0|0
4|PI|1|paṇḍava|||4|0|0
4|PI|1|paṇḍuputta|||4|0|0
4|PI|0|panthaka|||4|0|0
4|EN|0|paternal|||4|0|0
4|EN|0|pea|||4|0|0
4|EN|0|pedigreed|||4|0|0
4|EN|0|peg|s||3|1|0
4|EN|0|pen|||4|0|0
4|EN|0|peppery|||4|0|0
4|EN|0|per|||4|0|0
4|EN|0|perishing|||4|0|0
4|EN|0|personally|||4|0|0
4|EN|0|philology|||4|0|0
4|EN|0|philosophy|||4|0|0
4|EN|0|phonology|||4|0|0
4|EN|0|pickling|||4|0|0
4|EN|0|pivot|||4|0|0
4|EN|0|placenta|||4|0|0
4|EN|0|plateau|s||3|1|0
4|EN|0|plowshare|||4|0|0
4|EN|0|poet|s||0|4|0
4|EN|0|poetry|||4|0|0
4|EN|0|poisoned|||4|0|0
4|PI|1|pokkharasāti|||4|0|0
4|EN|0|pore|s||0|4|0
4|EN|0|posit|||4|0|0
4|EN|0|potable|||4|0|0
4|EN|0|pounded|||4|0|0
4|EN|0|powerless|||4|0|0
4|EN|0|prediction|s||0|4|0
4|EN|0|preferring|||4|0|0
4|EN|0|prepare|||4|0|0
4|EN|0|prescribe|s||1|3|0
4|EN|0|prevent|s||2|2|0
4|EN|0|prey|||4|0|0
4|EN|0|priest|||4|0|0
4|EN|0|probability|||4|0|0
4|EN|0|proceeding|||4|0|0
4|EN|0|promise|s||2|2|0
4|EN|0|pronged|||4|0|0
4|EN|0|prowl|||4|0|0
4|EN|0|puddle|s||2|2|0
4|EN|0|puller|||4|0|0
4|EN|0|pundit|s||0|4|0
4|EN|0|pushing|||4|0|0
4|EN|0|quartz|||4|0|0
4|EN|0|quibbling|||4|0|0
4|EN|0|racing|||4|0|0
4|PI|1|rāmagāma|||4|0|0
4|EN|0|ranging|||4|0|0
4|EN|0|receiver|||4|0|0
4|EN|0|reckless|||4|0|0
4|EN|0|refill|s||2|2|0
4|EN|0|refused|||4|0|0
4|EN|0|regained|||4|0|0
4|EN|0|regularity|||4|0|0
4|EN|0|relationship|||4|0|0
4|EN|0|renown|||4|0|0
4|EN|0|repaid|||4|0|0
4|EN|0|repeal|||4|0|0
4|EN|0|repeat|s||3|1|0
4|EN|0|repeating|||4|0|0
4|EN|0|replying|||4|0|0
4|EN|0|requested|||4|0|0
4|EN|0|reserve|||4|0|0
4|EN|0|residing|||4|0|0
4|EN|0|resistant|||4|0|0
4|2E|0|resorbs|||4|0|0
4|EN|0|retainer|s||0|4|0
4|EN|0|reveling|||4|0|0
4|EN|0|reverential|||4|0|0
4|EN|0|revolve|s||2|2|0
4|EN|0|rewarded|||4|0|0
4|EN|0|rider|||4|0|0
4|EN|0|ridicule|s||3|1|0
4|EN|0|righteousness|||4|0|0
4|EN|0|rightfully|||4|0|0
4|EN|0|ritual|s||3|1|0
4|EN|0|roast|||4|0|0
4|EN|0|roughness|||4|0|0
4|EN|0|rubies|||4|0|0
4|EN|0|rustle|||4|0|0
4|EN|0|rustling|||4|0|0
4|2E|0|sacrificer|s||3|1|0
4|EN|0|sacrificing|||4|0|0
4|EN|0|salvaged|||4|0|0
4|PI|0|samudda|||4|0|0
4|EN|0|sandy|||4|0|0
4|PI|1|saññā|||4|0|0
4|PI|1|saññojana|||4|0|0
4|EN|0|sapphire|s||0|4|0
4|PI|1|sāpuga|||4|0|0
4|PI|1|sāvatthi|||4|0|0
4|EN|0|scantily|||4|0|0
4|EN|0|scattering|||4|0|0
4|EN|0|scorned|||4|0|0
4|EN|0|scorning|||4|0|0
4|EN|0|scrap|s||1|3|0
4|EN|0|seating|||4|0|0
4|EN|0|seduce|s||3|1|0
4|EN|0|seeming|||4|0|0
4|EN|0|segment|s||0|4|0
4|EN|0|selfhood|||4|0|0
4|EN|0|sell|||4|0|0
4|PI|1|serī|||4|0|0
4|EN|0|sexuality|||4|0|0
4|EN|0|sexually|||4|0|0
4|EN|0|shatter|s||3|1|0
4|EN|0|shred|s||0|4|0
4|EN|0|shrill|||4|0|0
4|EN|0|shroud|s||0|4|0
4|EN|0|shrouded|||4|0|0
4|EN|0|shuttle|||4|0|0
4|EN|0|silky|||4|0|0
4|EN|0|simplest|||4|0|0
4|EN|0|sing|||4|0|0
4|EN|0|sized|||4|0|0
4|EN|0|skepticism|||4|0|0
4|EN|0|skewed|||4|0|0
4|EN|0|slandering|||4|0|0
4|EN|0|slaughterhouse|||4|0|0
4|EN|0|slicing|||4|0|0
4|EN|0|smear|||4|0|0
4|EN|0|smother|||4|0|0
4|EN|0|snap||'s|3|0|1
4|EN|0|snapped|||4|0|0
4|EN|0|sodden|s||2|2|0
4|EN|0|somersault|s||0|4|0
4|EN|0|spatial|||4|0|0
4|EN|0|spreading|||4|0|0
4|EN|0|spurred|||4|0|0
4|EN|0|stallion|s||3|1|0
4|EN|0|stander|||4|0|0
4|EN|0|steadiness|||4|0|0
4|EN|0|stepping|||4|0|0
4|EN|0|steward|||4|0|0
4|EN|0|stillness|||4|0|0
4|EN|0|strainer|||4|0|0
4|EN|0|studies|||4|0|0
4|EN|0|stumbling|||4|0|0
4|EN|0|stupidity|||4|0|0
4|PI|1|subhakiṇha|||4|0|0
4|EN|0|subsiding|||4|0|0
4|EN|0|succeeded|||4|0|0
4|PI|0|sudassana|||4|0|0
4|EN|0|sufficient|||4|0|0
4|EN|0|suffusion|||4|0|0
4|EN|0|sugar|||4|0|0
4|PI|1|sujātā|||4|0|0
4|EN|0|sullied|||4|0|0
4|EN|0|summer|||4|0|0
4|2E|0|supersorbs|||4|0|0
4|EN|0|supply|||4|0|0
4|EN|0|surround|||4|0|0
4|PI|0|sutavant|||4|0|0
4|EN|0|swamp|s||2|2|0
4|EN|0|sweeper|||4|0|0
4|EN|0|swell|||4|0|0
4|EN|0|system|s||0|4|0
4|EN|0|talker|s||0|4|0
4|EN|0|tallying|||4|0|0
4|EN|0|tank|||4|0|0
4|EN|0|tasted|||4|0|0
4|EN|0|taxpayer|||4|0|0
4|EN|0|temple|||4|0|0
4|EN|0|temporary|||4|0|0
4|EN|0|tempted|||4|0|0
4|EN|0|tenth|||4|0|0
4|EN|0|tether|s||2|2|0
4|PI|1|ṭhāna|||4|0|0
4|EN|0|thank|s||0|4|0
4|EN|0|thankfulness|||4|0|0
4|EN|0|theorize|||4|0|0
4|EN|0|theorized|||4|0|0
4|EN|0|theorizing|s||3|1|0
4|EN|0|thrashing|||4|0|0
4|EN|0|threshing|||4|0|0
4|PI|1|thullanandā|||4|0|0
4|EN|0|thump|||4|0|0
4|2E|0|tideline|||4|0|0
4|EN|0|tiger|||4|0|0
4|EN|0|tighten|s||3|1|0
4|EN|0|tightening|||4|0|0
4|EN|0|tilt|s||2|2|0
4|PI|0|tittha|||4|0|0
4|EN|0|toe|||4|0|0
4|EN|0|toxin|||4|0|0
4|EN|0|trampled|||4|0|0
4|EN|0|transgressed|||4|0|0
4|EN|0|trash|||4|0|0
4|EN|0|travel|s||2|2|0
4|EN|0|traveled|||4|0|0
4|EN|0|tried|||4|0|0
4|EN|0|troubled|||4|0|0
4|EN|0|troupe|||4|0|0
4|EN|0|tub|||4|0|0
4|EN|0|tumor|||4|0|0
4|EN|0|twirl|||4|0|0
4|PI|1|ukkaṭṭha|||4|0|0
4|EN|0|unassailed|||4|0|0
4|EN|0|uncalm|||4|0|0
4|EN|0|uncleanliness|||4|0|0
4|EN|0|uncouth|||4|0|0
4|EN|0|undecreed|||4|0|0
4|EN|0|unfamiliar|||4|0|0
4|EN|0|unfavorable|||4|0|0
4|EN|0|unflagging|||4|0|0
4|EN|0|unguent|||4|0|0
4|EN|0|unheard|||4|0|0
4|EN|0|unhindered|||4|0|0
4|EN|0|unindebtedness|||4|0|0
4|EN|0|uninitiated|||4|0|0
4|EN|0|uninvolved|||4|0|0
4|EN|0|unlucky|||4|0|0
4|EN|0|unmuddied|||4|0|0
4|EN|0|unpossessive|||4|0|0
4|EN|0|unscattered|||4|0|0
4|EN|0|unsettled|||4|0|0
4|EN|0|unsightly|||4|0|0
4|2E|0|unsurpassable|s||3|1|0
4|EN|0|untangle|||4|0|0
4|EN|0|untaught|||4|0|0
4|EN|0|untended|||4|0|0
4|EN|0|unthorned|||4|0|0
4|EN|0|unthreatened|||4|0|0
4|PI|1|upādāna|||4|0|0
4|PI|0|upatissa|||4|0|0
4|PI|1|upavāna|||4|0|0
4|EN|0|upward|||4|0|0
4|EN|0|useful|||4|0|0
4|EN|0|useless|||4|0|0
4|EN|0|usually|||4|0|0
4|PI|1|vāhuna|||4|0|0
4|PI|1|vajirī|||4|0|0
4|PI|1|vāmadeva|||4|0|0
4|PI|1|vāmaka|||4|0|0
4|PI|1|vaṅgantaputta||'s|3|0|1
4|EN|0|vat|||4|0|0
4|PI|0|vedalla|||4|0|0
4|PI|0|vehapphala|||4|0|0
4|EN|0|veiled|||4|0|0
4|PI|1|venāgapura|||4|0|0
4|EN|0|vetch|||4|0|0
4|EN|0|viewing|||4|0|0
4|EN|0|vigilance|||4|0|0
4|PI|1|virūpakkha|s||3|1|0
4|EN|0|vocabularies|||4|0|0
4|EN|0|vomit|s||3|1|0
4|EN|0|waft|s||1|3|0
4|EN|0|warped|||4|0|0
4|EN|0|watchman|||4|0|0
4|EN|0|waving|||4|0|0
4|EN|0|weakly|||4|0|0
4|EN|0|wearisome|||4|0|0
4|EN|0|weight|s||2|2|0
4|EN|0|wheelwright|||4|0|0
4|EN|0|whisk|s||0|4|0
4|EN|0|wicker|||4|0|0
4|EN|0|wielder|||4|0|0
4|EN|0|wildernesses|||4|0|0
4|EN|0|wildlife|||4|0|0
4|EN|0|windmill|s||0|4|0
4|EN|0|withdraw|s||2|2|0
4|EN|0|wooden|||4|0|0
4|EN|0|yak|||4|0|0
4|EN|0|yearn|||4|0|0
3|PI|0|abbuda|s||2|1|0
3|EN|0|abstruse|||3|0|0
3|EN|0|acacia|||3|0|0
3|EN|0|accomplishment|||3|0|0
3|EN|0|accordingly|||3|0|0
3|EN|0|accuser|||3|0|0
3|EN|0|accusing|||3|0|0
3|EN|0|accustomed|||3|0|0
3|EN|0|acted|||3|0|0
3|EN|0|actual|||3|0|0
3|EN|0|acuity|||3|0|0
3|EN|0|adjust|s||0|3|0
3|EN|0|admit|||3|0|0
3|EN|0|admonishes|||3|0|0
3|EN|0|adore|||3|0|0
3|EN|0|advantage|||3|0|0
3|EN|0|advise|||3|0|0
3|EN|0|adze|s||2|1|0
3|EN|0|ageless|||3|0|0
3|PI|0|aggi|||3|0|0
3|EN|0|agony|||3|0|0
3|PI|1|ajakalāpaka|||3|0|0
3|PI|1|ājāniya|||3|0|0
3|PI|0|akkosaka|||3|0|0
3|EN|0|alcohol|||3|0|0
3|PI|0|allakappa|||3|0|0
3|EN|0|alley|s||1|2|0
3|EN|0|allness|||3|0|0
3|EN|0|almost|||3|0|0
3|EN|0|ambrosia|||3|0|0
3|EN|0|ambush|||3|0|0
3|EN|0|ambushing|||3|0|0
3|EN|0|amok|||3|0|0
3|PI|1|aṅgīrasa|||3|0|0
3|EN|0|ankle|s||1|2|0
3|2E|0|annihilationism|||3|0|0
3|PI|0|anodhi|||3|0|0
3|PI|1|anumodanā|||3|0|0
3|EN|0|apartment|s||0|3|0
3|EN|0|appetite|s||0|3|0
3|EN|0|apple|||3|0|0
3|EN|0|applying|||3|0|0
3|PI|0|araka||'s|2|0|1
3|EN|0|arches|||3|0|0
3|2E|0|arouser|||3|0|0
3|PI|1|āsava|s||2|1|0
3|PI|1|assāda|||3|0|0
3|EN|0|assigned|||3|0|0
3|EN|0|astonishment|||3|0|0
3|PI|0|attha|||3|0|0
3|EN|0|avoidance|||3|0|0
3|EN|0|aware|||3|0|0
3|EN|0|backside|||3|0|0
3|PI|1|bāla|||3|0|0
3|EN|0|befriending|||3|0|0
3|2E|0|begetter|||3|0|0
3|EN|0|believe|||3|0|0
3|EN|0|belittling|||3|0|0
3|EN|0|bellies|||3|0|0
3|EN|0|bellow|s||0|3|0
3|EN|0|berating|||3|0|0
3|EN|0|betraying|||3|0|0
3|EN|0|bewilderment|||3|0|0
3|PI|1|bhāva|||3|0|0
3|PI|0|bhaya|||3|0|0
3|EN|0|blocking|||3|0|0
3|EN|0|bloom|||3|0|0
3|EN|0|bloomed|||3|0|0
3|EN|0|blower|||3|0|0
3|EN|0|boast|s||1|2|0
3|EN|0|bog|||3|0|0
3|EN|0|bottle|s||1|2|0
3|EN|0|boundaries|||3|0|0
3|PI|1|brāhman|s||2|1|0
3|PI|1|brahmāyu|||3|0|0
3|EN|0|breaker|s||0|3|0
3|EN|0|breakfast|||3|0|0
3|EN|0|breech|||3|0|0
3|EN|0|brine|||3|0|0
3|EN|0|brush|||3|0|0
3|EN|0|buffaloes|||3|0|0
3|EN|0|burdensome|||3|0|0
3|EN|0|burglar|s||1|2|0
3|EN|0|caked|||3|0|0
3|EN|0|calculation|||3|0|0
3|EN|0|camel||'s|0|0|3
3|EN|0|carpet|s||1|2|0
3|EN|0|castor|||3|0|0
3|PI|0|chanda|||3|0|0
3|EN|0|channel|s||0|3|0
3|EN|0|chased|||3|0|0
3|EN|0|chatterer|||3|0|0
3|EN|0|chestnut|||3|0|0
3|EN|0|chose|||3|0|0
3|EN|0|chosen|||3|0|0
3|EN|0|cinder|||3|0|0
3|EN|0|circulated|||3|0|0
3|EN|0|climate|||3|0|0
3|EN|0|cloudless|||3|0|0
3|EN|0|coach|||3|0|0
3|EN|0|code|||3|0|0
3|EN|0|coloring|||3|0|0
3|EN|0|complacency|||3|0|0
3|EN|0|complaining|||3|0|0
3|EN|0|complicated|||3|0|0
3|EN|0|conciliated|||3|0|0
3|EN|0|conducted|||3|0|0
3|EN|0|conducting|||3|0|0
3|EN|0|conformity|||3|0|0
3|EN|0|connective|||3|0|0
3|EN|0|consented|||3|0|0
3|EN|0|consistently|||3|0|0
3|EN|0|consolation|||3|0|0
3|EN|0|console|||3|0|0
3|EN|0|construe|||3|0|0
3|EN|0|consulted|||3|0|0
3|EN|0|consulting|||3|0|0
3|EN|0|consumption|||3|0|0
3|EN|0|contentiousness|||3|0|0
3|EN|0|copulation|||3|0|0
3|EN|0|cosmologist|s||2|1|0
3|EN|0|coughing|||3|0|0
3|EN|0|countries|||3|0|0
3|EN|0|couple|||3|0|0
3|EN|0|courtyard|||3|0|0
3|EN|0|crackle|||3|0|0
3|EN|0|crash|||3|0|0
3|EN|0|crest|s||2|1|0
3|EN|0|cricket|s||0|3|0
3|EN|0|crime|||3|0|0
3|2E|0|crosslegged|||3|0|0
3|EN|0|crucible|||3|0|0
3|EN|0|crusher|s||2|1|0
3|EN|0|crust|||3|0|0
3|EN|0|currently|||3|0|0
3|PI|1|daṇḍakī|||3|0|0
3|EN|0|defecated|||3|0|0
3|EN|0|defend|||3|0|0
3|EN|0|dejection|||3|0|0
3|EN|0|delicacies|||3|0|0
3|EN|0|delude|||3|0|0
3|EN|0|depth|||3|0|0
3|EN|0|descendant|s||1|2|0
3|EN|0|descended|||3|0|0
3|EN|0|deserved|||3|0|0
3|EN|0|desired|||3|0|0
3|EN|0|desisting|||3|0|0
3|EN|0|desperation|||3|0|0
3|EN|0|despondency|||3|0|0
3|EN|0|detect|||3|0|0
3|EN|0|devised|||3|0|0
3|PI|0|dhammika|||3|0|0
3|PI|1|dhataraṭṭha|||3|0|0
3|PI|1|dhātu|||3|0|0
3|EN|0|dialectic|||3|0|0
3|PI|1|dīghajāṇu|||3|0|0
3|EN|0|dining|||3|0|0
3|EN|0|disbanding|||3|0|0
3|EN|0|discovered|||3|0|0
3|EN|0|discus|s||0|3|0
3|EN|0|disk|||3|0|0
3|EN|0|dismissiveness|||3|0|0
3|EN|0|displaying|||3|0|0
3|EN|0|disposses|s||0|3|0
3|EN|0|dispossessing|||3|0|0
3|EN|0|disrespectfully|||3|0|0
3|EN|0|distinctive|||3|0|0
3|PI|1|diṭṭhigata|||3|0|0
3|EN|0|divide|||3|0|0
3|EN|0|divided|||3|0|0
3|EN|0|dominion|||3|0|0
3|EN|0|double|||3|0|0
3|EN|0|downcast|||3|0|0
3|EN|0|dresses|||3|0|0
3|EN|0|drought|||3|0|0
3|EN|0|drove|||3|0|0
3|PI|0|dullabha|||3|0|0
3|EN|0|dullness|||3|0|0
3|EN|0|duplicity|||3|0|0
3|EN|0|earliest|||3|0|0
3|EN|0|edged|||3|0|0
3|EN|0|effortlessly|||3|0|0
3|EN|0|elegant|||3|0|0
3|EN|0|embankment|||3|0|0
3|EN|0|embarrassed|||3|0|0
3|EN|0|embellished|||3|0|0
3|EN|0|embracing|||3|0|0
3|EN|0|emotion|s||0|3|0
3|EN|0|enclosed|||3|0|0
3|EN|0|encompasses|||3|0|0
3|EN|0|ender|||3|0|0
3|EN|0|endorse|s||0|3|0
3|EN|0|enlighten|||3|0|0
3|EN|0|enmeshed|||3|0|0
3|EN|0|ensnared|||3|0|0
3|EN|0|enthralling|||3|0|0
3|EN|0|enticement|s||2|1|0
3|PI|0|eraka|||3|0|0
3|EN|0|erupting|||3|0|0
3|EN|0|estimation|||3|0|0
3|EN|0|etymologies|||3|0|0
3|EN|0|exalted|||3|0|0
3|EN|0|excel|s||2|1|0
3|EN|0|exclaiming|||3|0|0
3|EN|0|execute|||3|0|0
3|EN|0|exerted|||3|0|0
3|EN|0|expectancy|||3|0|0
3|EN|0|explainer|||3|0|0
3|EN|0|expounder|||3|0|0
3|EN|0|eyebrow|s||0|3|0
3|EN|0|factional|||3|0|0
3|EN|0|falsely|||3|0|0
3|EN|0|familiar|||3|0|0
3|EN|0|familiarize|||3|0|0
3|EN|0|fasten|s||1|2|0
3|EN|0|fasting|||3|0|0
3|EN|0|fatigued|||3|0|0
3|EN|0|feared|||3|0|0
3|EN|0|fearing|||3|0|0
3|EN|0|fee|||3|0|0
3|EN|0|fetching|||3|0|0
3|EN|0|fired|||3|0|0
3|EN|0|fistful|||3|0|0
3|EN|0|fleeting|||3|0|0
3|EN|0|flexing|||3|0|0
3|EN|0|fling|||3|0|0
3|EN|0|flock|s||0|3|0
3|EN|0|flooding|||3|0|0
3|EN|0|footloose|||3|0|0
3|EN|0|forage|||3|0|0
3|EN|0|forbearing|||3|0|0
3|EN|0|forfeiture|||3|0|0
3|EN|0|forgive|||3|0|0
3|EN|0|fourteen|||3|0|0
3|EN|0|frequenting|||3|0|0
3|EN|0|fringe|||3|0|0
3|EN|0|fringed|||3|0|0
3|EN|0|froth|||3|0|0
3|EN|0|fruition|||3|0|0
3|EN|0|frustrated|||3|0|0
3|EN|0|fullness|||3|0|0
3|EN|0|gadflies|||3|0|0
3|EN|0|gambler|s||0|3|0
3|EN|0|gamekeeper|||3|0|0
3|PI|0|gavampati|||3|0|0
3|EN|0|gemstone|||3|0|0
3|2E|0|geomancy|||3|0|0
3|EN|0|girding|||3|0|0
3|PI|0|giribbaja|||3|0|0
3|EN|0|gladden|s||2|1|0
3|EN|0|glanced|||3|0|0
3|EN|0|glob|||3|0|0
3|EN|0|governed|||3|0|0
3|EN|0|grandchildren|||3|0|0
3|EN|0|grandson|s||2|1|0
3|EN|0|guise|||3|0|0
3|PI|1|haliddikāni|||3|0|0
3|EN|0|harasses|||3|0|0
3|EN|0|harpoon|||3|0|0
3|EN|0|haven|||3|0|0
3|PI|0|hetu|||3|0|0
3|EN|0|hind|||3|0|0
3|EN|0|hinder|s||0|3|0
3|EN|0|hinting|||3|0|0
3|EN|0|horseflies|||3|0|0
3|EN|0|horsehair|||3|0|0
3|EN|0|hound|||3|0|0
3|EN|0|howling|||3|0|0
3|EN|0|humility|||3|0|0
3|EN|0|hurry|||3|0|0
3|EN|0|hurting|||3|0|0
3|EN|0|idleness|||3|0|0
3|EN|0|illumining|||3|0|0
3|EN|0|illusion|||3|0|0
3|EN|0|imminent|||3|0|0
3|EN|0|impale|s||2|1|0
3|EN|0|implication|s||0|3|0
3|EN|0|improper|||3|0|0
3|EN|0|incalculable|||3|0|0
3|EN|0|incantation|s||1|2|0
3|2E|0|inclemencies|||3|0|0
3|EN|0|incubated|||3|0|0
3|EN|0|inculcate|||3|0|0
3|EN|0|indigent|||3|0|0
3|EN|0|indigo|||3|0|0
3|PI|0|indriya|||3|0|0
3|EN|0|inducing|||3|0|0
3|EN|0|inflicting|||3|0|0
3|EN|0|ingratitude|||3|0|0
3|EN|0|injure|s||2|1|0
3|EN|0|insect|s||0|3|0
3|EN|0|insensitive|||3|0|0
3|EN|0|insignificant|||3|0|0
3|EN|0|insolence|||3|0|0
3|EN|0|institute|s||1|2|0
3|EN|0|instructor|||3|0|0
3|EN|0|instrument|s||0|3|0
3|EN|0|intelligible|||3|0|0
3|EN|0|intently|||3|0|0
3|EN|0|intimacies|||3|0|0
3|EN|0|intimidate|||3|0|0
3|EN|0|intimidating|||3|0|0
3|EN|0|intoxicate|s||2|1|0
3|EN|0|invasion|||3|0|0
3|EN|0|investment|s||1|2|0
3|EN|0|ironed|||3|0|0
3|PI|1|īsāna|||3|0|0
3|EN|0|isolation|||3|0|0
3|EN|0|item|||3|0|0
3|PI|1|jālinī|||3|0|0
3|2P|0|jana|||3|0|0
3|PI|1|jātaka|||3|0|0
3|PI|1|jaṭila|||3|0|0
3|PI|1|jatukaṇṇin||'s|2|0|1
3|EN|0|jeering|||3|0|0
3|EN|0|job|s|'s|0|2|1
3|EN|0|judging|||3|0|0
3|EN|0|judicious|||3|0|0
3|EN|0|jumped|||3|0|0
3|EN|0|jutted|||3|0|0
3|EN|0|jutting|||3|0|0
3|PI|1|kāḷaka||'s|1|0|2
3|PI|1|kallavālamutta|||3|0|0
3|PI|1|kāmesu|||3|0|0
3|PI|1|kaṇṇakatthala|||3|0|0
3|PI|0|kareri|||3|0|0
3|PI|1|kathāvatthu|||3|0|0
3|EN|0|kettledrum|s||0|3|0
3|EN|0|kingpin|||3|0|0
3|PI|1|kisā|||3|0|0
3|EN|0|kite|s||2|1|0
3|EN|0|knocked|||3|0|0
3|EN|0|knocking|||3|0|0
3|EN|0|knotless|||3|0|0
3|PI|0|kokanuda|||3|0|0
3|PI|0|kolita|||3|0|0
3|PI|1|kusāvatī|||3|0|0
3|PI|0|kuvera|||3|0|0
3|EN|0|lance|s||2|1|0
3|EN|0|larger|||3|0|0
3|EN|0|latter|||3|0|0
3|EN|0|launched|||3|0|0
3|EN|0|leopard|||3|0|0
3|EN|0|leprosy|||3|0|0
3|EN|0|lighter|||3|0|0
3|EN|0|linger|||3|0|0
3|EN|0|litter|||3|0|0
3|EN|0|lizard|s||0|3|0
3|EN|0|loaded|||3|0|0
3|EN|0|lowering|||3|0|0
3|EN|0|lucky|||3|0|0
3|EN|0|lush|||3|0|0
3|EN|0|mail|||3|0|0
3|PI|1|makuṭa|||3|0|0
3|EN|0|mange|||3|0|0
3|PI|1|maṇicūḷaka|||3|0|0
3|EN|0|marching|||3|0|0
3|EN|0|marksmen|||3|0|0
3|EN|0|marshy|||3|0|0
3|EN|0|massaging|||3|0|0
3|PI|1|mātika|s||0|3|0
3|EN|0|matured|||3|0|0
3|PI|1|māyā|||3|0|0
3|EN|0|meaningless|||3|0|0
3|PI|0|mejjha|||3|0|0
3|EN|0|mentioning|||3|0|0
3|EN|0|meteor|s||2|1|0
3|EN|0|methodical|||3|0|0
3|EN|0|midway|||3|0|0
3|EN|0|million|s||2|1|0
3|EN|0|miser|s||1|2|0
3|EN|0|misunderstood|||3|0|0
3|EN|0|moist|||3|0|0
3|EN|0|molasses|||3|0|0
3|PI|1|moḷiyasivaka|||3|0|0
3|EN|0|molten|||3|0|0
3|EN|0|mom|||3|0|0
3|EN|0|monasteries|||3|0|0
3|EN|0|monastic|||3|0|0
3|EN|0|muddy|||3|0|0
3|EN|0|mussel|s||0|3|0
3|PI|1|nādika|||3|0|0
3|PI|1|nāgasamala|||3|0|0
3|PI|1|nakhasikhā|||3|0|0
3|PI|1|nāḷijaṅgha|||3|0|0
3|EN|0|natural|||3|0|0
3|PI|0|navakammika|||3|0|0
3|EN|0|nearby|||3|0|0
3|EN|0|necked|||3|0|0
3|EN|0|nervous|||3|0|0
3|PI|0|nigrodha|||3|0|0
3|PI|0|nirabbuda|s||2|1|0
3|PI|1|niyāma|||3|0|0
3|EN|0|normal|||3|0|0
3|EN|0|nostril|s||0|3|0
3|EN|0|nurturing|||3|0|0
3|EN|0|obey|s||0|3|0
3|EN|0|obliterated|||3|0|0
3|EN|0|obscurity|||3|0|0
3|PI|0|ogha|||3|0|0
3|PI|1|okkāka|||3|0|0
3|EN|0|ooze|||3|0|0
3|EN|0|opposite|||3|0|0
3|EN|0|ordination|||3|0|0
3|EN|0|organized|||3|0|0
3|EN|0|outcast|||3|0|0
3|EN|0|overgrown|||3|0|0
3|EN|0|overhead|||3|0|0
3|EN|0|overjoyed|||3|0|0
3|EN|0|oyster|s||0|3|0
3|PI|0|pabbata|s||2|1|0
3|EN|0|pacified|||3|0|0
3|EN|0|pallet|||3|0|0
3|PI|1|pañcāla|s|'s|1|1|1
3|PI|0|parajana|||3|0|0
3|EN|0|parallel|||3|0|0
3|EN|0|parasitic|||3|0|0
3|EN|0|passage|||3|0|0
3|EN|0|patch|||3|0|0
3|PI|1|pāvarika||'s|0|0|3
3|EN|0|penchant|||3|0|0
3|EN|0|penny|||3|0|0
3|EN|0|peril|||3|0|0
3|EN|0|perished|||3|0|0
3|EN|0|perplexing|||3|0|0
3|EN|0|perturbing|||3|0|0
3|EN|0|physically|||3|0|0
3|EN|0|pickle|||3|0|0
3|EN|0|piddling|||3|0|0
3|EN|0|pincher|||3|0|0
3|PI|1|piṅgalakoccha|||3|0|0
3|EN|0|pipe|s||1|2|0
3|PI|0|pipphalivana|||3|0|0
3|EN|0|playable|||3|0|0
3|EN|0|pliable|||3|0|0
3|EN|0|poked|||3|0|0
3|EN|0|politely|||3|0|0
3|PI|1|posāla||'s|2|0|1
3|EN|0|posses|s||0|3|0
3|EN|0|potency|||3|0|0
3|EN|0|powdered|||3|0|0
3|EN|0|precede|s||1|2|0
3|EN|0|predict|||3|0|0
3|EN|0|predicted|||3|0|0
3|EN|0|preparing|||3|0|0
3|EN|0|prestige|||3|0|0
3|EN|0|pretentiousness|||3|0|0
3|EN|0|prevail|||3|0|0
3|EN|0|productive|||3|0|0
3|EN|0|progressing|||3|0|0
3|EN|0|project|s||0|3|0
3|EN|0|prone|||3|0|0
3|EN|0|prospect|s||1|2|0
3|EN|0|provoke|s||0|3|0
3|EN|0|prowes|s||0|3|0
3|PI|1|puṇṇama|||3|0|0
3|EN|0|purifies|||3|0|0
3|EN|0|putrefy|||3|0|0
3|EN|0|quest|||3|0|0
3|EN|0|quilt|s||1|2|0
3|EN|0|quiz|||3|0|0
3|PI|1|rāga|||3|0|0
3|EN|0|raging|||3|0|0
3|PI|1|rāhulovāda|||3|0|0
3|EN|0|rained|||3|0|0
3|PI|1|rāja|||3|0|0
3|EN|0|ran|||3|0|0
3|EN|0|rashly|||3|0|0
3|EN|0|rat|s||2|1|0
3|EN|0|rate|||3|0|0
3|EN|0|ravishing|||3|0|0
3|EN|0|reassurance|s||1|2|0
3|EN|0|rebelling|||3|0|0
3|EN|0|receptacle|||3|0|0
3|EN|0|reduce|||3|0|0
3|EN|0|reduction|||3|0|0
3|EN|0|refusal|||3|0|0
3|EN|0|refutation|||3|0|0
3|EN|0|region|s||2|1|0
3|EN|0|regular|||3|0|0
3|EN|0|rehabilitation|||3|0|0
3|EN|0|rejoiced|||3|0|0
3|EN|0|relatedness|||3|0|0
3|EN|0|relax|||3|0|0
3|EN|0|relied|||3|0|0
3|EN|0|replaced|||3|0|0
3|EN|0|replies|||3|0|0
3|EN|0|reproach|||3|0|0
3|EN|0|reproduction|||3|0|0
3|EN|0|resided|||3|0|0
3|EN|0|resplendent|||3|0|0
3|EN|0|responsible|||3|0|0
3|EN|0|rewarding|||3|0|0
3|EN|0|rhetoric|||3|0|0
3|EN|0|ridged|||3|0|0
3|EN|0|ring|s||2|1|0
3|EN|0|rinsing|s||2|1|0
3|EN|0|ripple|s||0|3|0
3|2E|0|rootlets|||3|0|0
3|PI|0|roruva|||3|0|0
3|EN|0|rotted|||3|0|0
3|EN|0|rounded|||3|0|0
3|EN|0|rudely|||3|0|0
3|EN|0|ruled|||3|0|0
3|PI|1|rūpa|||3|0|0
3|EN|0|rut|||3|0|0
3|EN|0|sack|||3|0|0
3|PI|0|saddhamma|||3|0|0
3|PI|1|sālā|||3|0|0
3|PI|0|samatha|||3|0|0
3|PI|1|samīti|||3|0|0
3|PI|1|saṁvega|||3|0|0
3|PI|1|sanaṅkumāra|||3|0|0
3|EN|0|sapling|s||1|2|0
3|PI|0|sariputta|||3|0|0
3|PI|1|satipaṭṭhāna|||3|0|0
3|EN|0|scalp|||3|0|0
3|EN|0|scanty|||3|0|0
3|EN|0|scarcity|||3|0|0
3|EN|0|scraped|||3|0|0
3|EN|0|scratching|||3|0|0
3|EN|0|scrupulousness|||3|0|0
3|EN|0|scrutinized|||3|0|0
3|2E|0|scrutinizers|||3|0|0
3|EN|0|scum|||3|0|0
3|EN|0|seasoned|||3|0|0
3|EN|0|secretion|s||0|3|0
3|EN|0|seemed|||3|0|0
3|EN|0|sentence|||3|0|0
3|PI|0|setabya|||3|0|0
3|EN|0|sever|s||2|1|0
3|EN|0|shapely|||3|0|0
3|EN|0|shattered|||3|0|0
3|EN|0|sheave|s||0|3|0
3|EN|0|shivering|||3|0|0
3|EN|0|shocked|||3|0|0
3|EN|0|shook|||3|0|0
3|EN|0|shovel|s||2|1|0
3|EN|0|sightless|||3|0|0
3|PI|1|sikkhā|||3|0|0
3|PI|1|sikkhāpada|||3|0|0
3|EN|0|silently|||3|0|0
3|EN|0|sinew|s||2|1|0
3|EN|0|sitter|||3|0|0
3|EN|0|sixes|||3|0|0
3|EN|0|skinned|||3|0|0
3|EN|0|sliced|||3|0|0
3|EN|0|sloping|||3|0|0
3|EN|0|sluggishness|||3|0|0
3|EN|0|smelled|||3|0|0
3|EN|0|smelly|||3|0|0
3|EN|0|smoking|||3|0|0
3|EN|0|smolder|||3|0|0
3|EN|0|snoring|||3|0|0
3|EN|0|socket|s||0|3|0
3|EN|0|solar|||3|0|0
3|EN|0|sowing|||3|0|0
3|EN|0|spendthrift|||3|0|0
3|EN|0|spitefulness|||3|0|0
3|EN|0|sporting|||3|0|0
3|EN|0|spotted|||3|0|0
3|EN|0|squander|s||0|3|0
3|EN|0|squirt|||3|0|0
3|EN|0|squirted|||3|0|0
3|EN|0|stabbed|||3|0|0
3|EN|0|starving|||3|0|0
3|EN|0|stationed|||3|0|0
3|EN|0|stationing|||3|0|0
3|EN|0|stickler|||3|0|0
3|EN|0|sticky|||3|0|0
3|EN|0|stiff|||3|0|0
3|EN|0|sting|||3|0|0
3|EN|0|stink|s||2|1|0
3|EN|0|stirring|||3|0|0
3|EN|0|stock|||3|0|0
3|EN|0|stout|||3|0|0
3|EN|0|straightened|||3|0|0
3|EN|0|straightforwardly|||3|0|0
3|EN|0|striven|||3|0|0
3|EN|0|stumble|||3|0|0
3|EN|0|stumbled|||3|0|0
3|PI|0|subha|||3|0|0
3|EN|0|submerge|||3|0|0
3|PI|0|subrahma|||3|0|0
3|PI|0|sumbhan|||3|0|0
3|PI|0|sumbhas|||3|0|0
3|EN|0|summon|s||1|2|0
3|EN|0|summoner||'s|2|0|1
3|PI|1|supaṇṇa|s||2|1|0
3|2E|0|supernormal|||3|0|0
3|EN|0|supplied|||3|0|0
3|EN|0|swarm|||3|0|0
3|PI|0|tagara|||3|0|0
3|EN|0|tantalizing|||3|0|0
3|EN|0|tar|||3|0|0
3|EN|0|taunt|s||2|1|0
3|EN|0|taunting|||3|0|0
3|EN|0|tearful|||3|0|0
3|EN|0|termite|s||0|3|0
3|EN|0|test|||3|0|0
3|EN|0|tested|||3|0|0
3|EN|0|thankful|||3|0|0
3|EN|0|thatch|||3|0|0
3|EN|0|they'll|||3|0|0
3|EN|0|thorned|||3|0|0
3|EN|0|thoughtful|||3|0|0
3|EN|0|threat|s||1|2|0
3|EN|0|tightly|||3|0|0
3|EN|0|tire|||3|0|0
3|EN|0|tiresome|||3|0|0
3|EN|0|tissue|s||0|3|0
3|EN|0|tonic|s||0|3|0
3|EN|0|toothed|||3|0|0
3|EN|0|torrent|s||1|2|0
3|EN|0|tortoise|s||1|2|0
3|EN|0|tos|s||0|3|0
3|EN|0|township|||3|0|0
3|EN|0|trance|||3|0|0
3|EN|0|transaction|s||0|3|0
3|EN|0|transgresses|||3|0|0
3|EN|0|tray|s||0|3|0
3|EN|0|tribe|s||0|3|0
3|EN|0|trimmed|||3|0|0
3|EN|0|trumpet|||3|0|0
3|EN|0|truthfulness|||3|0|0
3|EN|0|trying|||3|0|0
3|EN|0|turbulent|||3|0|0
3|EN|0|turner|||3|0|0
3|EN|0|tying|||3|0|0
3|PI|0|ubbiri|||3|0|0
3|EN|0|unabashed|||3|0|0
3|EN|0|unbegotten|||3|0|0
3|2E|0|uncognized|||3|0|0
3|EN|0|uncovered|||3|0|0
3|EN|0|undeceitful|||3|0|0
3|EN|0|undeceptive|||3|0|0
3|EN|0|undecided|||3|0|0
3|EN|0|underestimate|||3|0|0
3|EN|0|undergoes|||3|0|0
3|EN|0|undesirability|||3|0|0
3|EN|0|undiseased|||3|0|0
3|EN|0|undistressed|||3|0|0
3|EN|0|undying|||3|0|0
3|EN|0|unexpounded|||3|0|0
3|EN|0|unfeasible|||3|0|0
3|EN|0|unfraudulent|||3|0|0
3|EN|0|ungreedy|||3|0|0
3|EN|0|unholy|||3|0|0
3|EN|0|uninfluential|||3|0|0
3|EN|0|unled|||3|0|0
3|EN|0|unmediated|||3|0|0
3|2E|0|unpercipient|||3|0|0
3|EN|0|unrighteousness|||3|0|0
3|EN|0|unskillfulness|||3|0|0
3|EN|0|unspoken|||3|0|0
3|EN|0|untied|||3|0|0
3|EN|0|unvanquished|||3|0|0
3|EN|0|unwilling|||3|0|0
3|PI|0|upakkilesa|||3|0|0
3|EN|0|upholstery|||3|0|0
3|EN|0|uppermost|||3|0|0
3|EN|0|urinate|||3|0|0
3|EN|0|urinated|||3|0|0
3|PI|1|vacchāyana|||3|0|0
3|PI|1|valāhaka|||3|0|0
3|EN|0|valuable|s||0|3|0
3|PI|0|vanavaccha||'s|2|0|1
3|EN|0|vanishing|||3|0|0
3|EN|0|vault|s||0|3|0
3|PI|1|vedanā|||3|0|0
3|PI|0|vedehi||'s|1|0|2
3|EN|0|vein|s||1|2|0
3|PI|1|veḷukaṇṭaka|||3|0|0
3|PI|1|veḷukaṇṭakin|||3|0|0
3|PI|1|veḷuvagāmaka|||3|0|0
3|EN|0|verdict|||3|0|0
3|PI|1|vessavaṇa|||3|0|0
3|PI|1|veṭṭha|||3|0|0
3|EN|0|vicious|||3|0|0
3|EN|0|warfare|||3|0|0
3|EN|0|wary|||3|0|0
3|EN|0|washer|||3|0|0
3|EN|0|web|||3|0|0
3|EN|0|wildly|||3|0|0
3|EN|0|wit|s||0|3|0
3|EN|0|woodsmen|||3|0|0
3|EN|0|worst|||3|0|0
3|EN|0|wow|||3|0|0
3|EN|0|wretched|||3|0|0
3|PI|1|yāma|s||2|1|0
3|EN|0|yearned|||3|0|0
2|PI|0|ababa|||2|0|0
2|EN|0|abandoner|s||0|2|0
2|PI|0|abhabba|||2|0|0
2|PI|0|abhinanda|||2|0|0
2|EN|0|abided|||2|0|0
2|EN|0|abortion|s||0|2|0
2|EN|0|abrasion|||2|0|0
2|EN|0|abused|||2|0|0
2|EN|0|abusing|||2|0|0
2|EN|0|accomplishes|||2|0|0
2|EN|0|accurately|||2|0|0
2|EN|0|acknowledge|s||1|1|0
2|EN|0|acrobatic|||2|0|0
2|EN|0|activated|||2|0|0
2|EN|0|acutely|||2|0|0
2|EN|0|additional|||2|0|0
2|PI|1|āditta|||2|0|0
2|EN|0|admirably|||2|0|0
2|EN|0|adorn|||2|0|0
2|EN|0|adversaries|||2|0|0
2|EN|0|adversary|||2|0|0
2|EN|0|adversely|||2|0|0
2|EN|0|adviser|s||1|1|0
2|EN|0|advocated|||2|0|0
2|EN|0|affecting|||2|0|0
2|EN|0|afflict|s||0|2|0
2|EN|0|aggrandizement|||2|0|0
2|2E|0|agreeability|||2|0|0
2|PI|0|ahaha|||2|0|0
2|PI|1|āhāra|||2|0|0
2|EN|0|ailing|||2|0|0
2|PI|0|aja|||2|0|0
2|PI|1|ājīvakan|||2|0|0
2|EN|0|alliance|s||0|2|0
2|EN|0|allie|s||0|2|0
2|EN|0|aloud|||2|0|0
2|EN|0|altered|||2|0|0
2|EN|0|alternate|||2|0|0
2|EN|0|alternative|||2|0|0
2|EN|0|amas|s||0|2|0
2|PI|0|amba|||2|0|0
2|PI|1|aṇgīrasa|||2|0|0
2|PI|1|añjana|||2|0|0
2|PI|1|añña|||2|0|0
2|PI|1|aññāta|||2|0|0
2|PI|1|anopamā|||2|0|0
2|EN|0|anthill|||2|0|0
2|PI|0|anusaya|||2|0|0
2|EN|0|anxieties|||2|0|0
2|EN|0|anyway|||2|0|0
2|EN|0|apathetic|||2|0|0
2|EN|0|appreciating|||2|0|0
2|EN|0|appropriated|||2|0|0
2|EN|0|aptly|||2|0|0
2|PI|0|aputtaka|||2|0|0
2|PI|0|arahanta|||2|0|0
2|PI|1|ārakā|||2|0|0
2|PI|1|arañña|||2|0|0
2|EN|0|aright|||2|0|0
2|2E|0|ariya|||2|0|0
2|2E|0|ariyans|||2|0|0
2|EN|0|armed|||2|0|0
2|EN|0|arranger|||2|0|0
2|EN|0|arrowless|||2|0|0
2|EN|0|article|||2|0|0
2|EN|0|ascribed|||2|0|0
2|EN|0|ashore|||2|0|0
2|EN|0|aspen|||2|0|0
2|PI|0|assaka|s||1|1|0
2|PI|0|assattha|||2|0|0
2|EN|0|assemble|||2|0|0
2|EN|0|assured|||2|0|0
2|EN|0|assuredness|||2|0|0
2|PI|1|assutavā|||2|0|0
2|PI|1|aṭaṭa|||2|0|0
2|EN|0|atmosphere|||2|0|0
2|EN|0|attentiveness|||2|0|0
2|EN|0|attic|||2|0|0
2|PI|1|ātumā|||2|0|0
2|EN|0|aurora|||2|0|0
2|EN|0|austere|||2|0|0
2|PI|1|avantī|||2|0|0
2|EN|0|averse|||2|0|0
2|EN|0|awning|||2|0|0
2|PI|0|ayoniso|||2|0|0
2|EN|0|babbling|||2|0|0
2|EN|0|bailed|||2|0|0
2|PI|1|bālakaloṇakāraka|||2|0|0
2|EN|0|balanced|||2|0|0
2|EN|0|ballad|||2|0|0
2|EN|0|barbarian|s||0|2|0
2|EN|0|barred|||2|0|0
2|EN|0|barrel|||2|0|0
2|EN|0|baseles|s||0|2|0
2|EN|0|bastion|s||0|2|0
2|EN|0|bathroom|||2|0|0
2|EN|0|battlefield|||2|0|0
2|EN|0|bearable|||2|0|0
2|EN|0|bearded|||2|0|0
2|EN|0|bee|s||1|1|0
2|EN|0|behalf|||2|0|0
2|EN|0|beige|||2|0|0
2|EN|0|berate|s||1|1|0
2|EN|0|bereft|||2|0|0
2|EN|0|berries|||2|0|0
2|EN|0|betrothal|s||0|2|0
2|PI|0|bhaddekaratta|||2|0|0
2|PI|0|bhaggava|||2|0|0
2|PI|1|bhaṭa|||2|0|0
2|PI|1|bhāvanā|||2|0|0
2|PI|1|bhesakaḷa|||2|0|0
2|2E|0|bho|||2|0|0
2|PI|0|bhoja|||2|0|0
2|EN|0|bicker|s||1|1|0
2|EN|0|bickered|||2|0|0
2|PI|1|bīja|||2|0|0
2|EN|0|billeting|||2|0|0
2|EN|0|billowed|||2|0|0
2|EN|0|birch|||2|0|0
2|EN|0|birthplace|s||0|2|0
2|EN|0|blackened|||2|0|0
2|EN|0|bladder|||2|0|0
2|EN|0|blamelessly|||2|0|0
2|EN|0|blew|||2|0|0
2|EN|0|blotchy|||2|0|0
2|EN|0|blotted|||2|0|0
2|EN|0|boasting|||2|0|0
2|EN|0|bolted|||2|0|0
2|EN|0|bored|||2|0|0
2|EN|0|boundary|||2|0|0
2|EN|0|bounded|||2|0|0
2|EN|0|bowel|s||0|2|0
2|EN|0|bower|||2|0|0
2|EN|0|bowmen|||2|0|0
2|EN|0|boxing|||2|0|0
2|EN|0|bragging|||2|0|0
2|PI|1|brahmajāla|||2|0|0
2|EN|0|brahmanly|||2|0|0
2|PI|1|brahmavihāra|s||1|1|0
2|EN|0|brain|s||1|1|0
2|EN|0|brash|||2|0|0
2|EN|0|brawl|s||0|2|0
2|EN|0|bride|||2|0|0
2|EN|0|bridle|||2|0|0
2|EN|0|budding|s||0|2|0
2|EN|0|budge|||2|0|0
2|EN|0|burnished|||2|0|0
2|EN|0|bursting|||2|0|0
2|EN|0|bury|||2|0|0
2|EN|0|busyness|||2|0|0
2|EN|0|bypassing|||2|0|0
2|PI|0|cakkhu|||2|0|0
2|EN|0|calamities|||2|0|0
2|EN|0|captivated|||2|0|0
2|EN|0|captivation|||2|0|0
2|EN|0|captivity|||2|0|0
2|EN|0|carver|||2|0|0
2|EN|0|carving|s||1|1|0
2|EN|0|casteless|||2|0|0
2|EN|0|cattleman|||2|0|0
2|EN|0|causally|||2|0|0
2|EN|0|cauterized|||2|0|0
2|PI|1|cedaṁ|||2|0|0
2|2E|0|cesspit|||2|0|0
2|PI|0|cetiya|s||1|1|0
2|PI|1|chabyāputta|s||1|1|0
2|EN|0|chagrined|||2|0|0
2|EN|0|chamber|s||1|1|0
2|EN|0|chapter|||2|0|0
2|EN|0|charcoal|s||0|2|0
2|EN|0|checking|||2|0|0
2|EN|0|chicken|s||1|1|0
2|EN|0|childhood|||2|0|0
2|EN|0|chip|s||1|1|0
2|2E|0|chitter|||2|0|0
2|PI|0|citto|||2|0|0
2|2E|0|clairaudience|||2|0|0
2|EN|0|clairvoyant|||2|0|0
2|EN|0|clapping|||2|0|0
2|EN|0|clashing|||2|0|0
2|EN|0|cleaned|||2|0|0
2|EN|0|cleave|s||1|1|0
2|EN|0|closer|||2|0|0
2|EN|0|clung|||2|0|0
2|EN|0|coerced|||2|0|0
2|2E|0|cognizer|||2|0|0
2|EN|0|cohabit|||2|0|0
2|EN|0|coherent|||2|0|0
2|EN|0|collar|||2|0|0
2|EN|0|collection|||2|0|0
2|EN|0|comb|||2|0|0
2|EN|0|combed|||2|0|0
2|EN|0|comet|s||0|2|0
2|EN|0|communion|||2|0|0
2|EN|0|companionable|||2|0|0
2|EN|0|complain|||2|0|0
2|EN|0|compliant|||2|0|0
2|EN|0|comply|||2|0|0
2|EN|0|comportment|||2|0|0
2|EN|0|composer|s||0|2|0
2|EN|0|composing|||2|0|0
2|EN|0|compounded|||2|0|0
2|EN|0|concealed|||2|0|0
2|EN|0|conceive|s||1|1|0
2|EN|0|conciliating|||2|0|0
2|EN|0|conduce|s||0|2|0
2|EN|0|confectioner|s||0|2|0
2|EN|0|confess|||2|0|0
2|EN|0|confesses|||2|0|0
2|EN|0|confiscated|||2|0|0
2|EN|0|conforming|||2|0|0
2|EN|0|confrontational|||2|0|0
2|EN|0|congested|||2|0|0
2|EN|0|conglomeration|||2|0|0
2|EN|0|congregate|||2|0|0
2|EN|0|conjuring|||2|0|0
2|EN|0|conquest|||2|0|0
2|EN|0|conscience|||2|0|0
2|EN|0|conscientious|||2|0|0
2|EN|0|consecrating|||2|0|0
2|EN|0|consist|s||0|2|0
2|EN|0|consolidate|||2|0|0
2|EN|0|contention|||2|0|0
2|EN|0|continued|||2|0|0
2|EN|0|continuous|||2|0|0
2|EN|0|cost|||2|0|0
2|EN|0|cottage|||2|0|0
2|EN|0|cough|||2|0|0
2|EN|0|counterpart|||2|0|0
2|EN|0|coward|||2|0|0
2|EN|0|craftsman|||2|0|0
2|EN|0|craggy|||2|0|0
2|EN|0|crawl|||2|0|0
2|EN|0|crawling|||2|0|0
2|EN|0|crested|||2|0|0
2|EN|0|crooking|||2|0|0
2|EN|0|crushes|||2|0|0
2|EN|0|culminate|s||1|1|0
2|EN|0|cultivation|||2|0|0
2|EN|0|cur|s||0|2|0
2|EN|0|curled|||2|0|0
2|EN|0|curved|||2|0|0
2|EN|0|cutter|||2|0|0
2|EN|0|cynic|||2|0|0
2|EN|0|daddy||'s|1|0|1
2|EN|0|dais|||2|0|0
2|PI|1|dāna|||2|0|0
2|PI|1|daṇḍa|||2|0|0
2|PI|1|daṇḍapānin|||2|0|0
2|EN|0|dappled|||2|0|0
2|PI|1|dārukkhandha|||2|0|0
2|PI|0|dasa|||2|0|0
2|PI|1|dasāraha|s||0|2|0
2|EN|0|dauntedness|||2|0|0
2|2E|0|dawnrise|||2|0|0
2|EN|0|dazed|||2|0|0
2|EN|0|dazzling|||2|0|0
2|EN|0|deaf|||2|0|0
2|EN|0|deafness|||2|0|0
2|EN|0|dealt|||2|0|0
2|EN|0|dearness|||2|0|0
2|EN|0|debased|||2|0|0
2|EN|0|debtless|||2|0|0
2|EN|0|decided|||2|0|0
2|EN|0|deerskin|s||1|1|0
2|EN|0|defeating|||2|0|0
2|EN|0|defecation|||2|0|0
2|EN|0|defined|||2|0|0
2|EN|0|deflect|||2|0|0
2|EN|0|deforested|||2|0|0
2|EN|0|deformities|||2|0|0
2|EN|0|deliver|||2|0|0
2|EN|0|delivering|||2|0|0
2|2E|0|demonology|||2|0|0
2|EN|0|denounce|s||1|1|0
2|EN|0|denounced|||2|0|0
2|EN|0|deprecate|||2|0|0
2|EN|0|deranged|||2|0|0
2|EN|0|derangement|||2|0|0
2|EN|0|design|s||0|2|0
2|EN|0|designated|||2|0|0
2|EN|0|despairing|||2|0|0
2|EN|0|destiny|||2|0|0
2|EN|0|destitution|||2|0|0
2|EN|0|destructive|||2|0|0
2|EN|0|destructively|||2|0|0
2|EN|0|detach|||2|0|0
2|EN|0|deteriorated|||2|0|0
2|2E|0|dethorned|||2|0|0
2|EN|0|devious|||2|0|0
2|EN|0|devolve|s||0|2|0
2|EN|0|dewdrop|||2|0|0
2|PI|1|dhammavihārin|||2|0|0
2|EN|0|diet|||2|0|0
2|EN|0|differentiate|s||0|2|0
2|EN|0|diminution|||2|0|0
2|EN|0|dip|||2|0|0
2|EN|0|disaffected|||2|0|0
2|EN|0|discharged|||2|0|0
2|EN|0|discontented|||2|0|0
2|EN|0|discontinue|||2|0|0
2|EN|0|discontinued|||2|0|0
2|EN|0|discriminating|||2|0|0
2|EN|0|disguise|||2|0|0
2|EN|0|disgusting|||2|0|0
2|EN|0|dish|||2|0|0
2|EN|0|disheveled|||2|0|0
2|EN|0|disjunction|||2|0|0
2|EN|0|dismis|s||0|2|0
2|EN|0|dismounted|||2|0|0
2|EN|0|disobedient|||2|0|0
2|EN|0|disrespect|||2|0|0
2|EN|0|dissect|||2|0|0
2|EN|0|distant|||2|0|0
2|EN|0|distasteful|||2|0|0
2|EN|0|distiller||'s|0|0|2
2|EN|0|distorted|||2|0|0
2|EN|0|ditch|||2|0|0
2|EN|0|dividing|||2|0|0
2|EN|0|divining|||2|0|0
2|EN|0|divorce|s||0|2|0
2|EN|0|divorced|||2|0|0
2|EN|0|domestic|||2|0|0
2|EN|0|donning|||2|0|0
2|EN|0|doubter|||2|0|0
2|EN|0|doubting|||2|0|0
2|EN|0|downstream|||2|0|0
2|EN|0|dregs|||2|0|0
2|EN|0|drenched|||2|0|0
2|EN|0|drenching|||2|0|0
2|EN|0|drinker|||2|0|0
2|EN|0|driven|||2|0|0
2|EN|0|droop|||2|0|0
2|PI|0|dukkara|||2|0|0
2|PI|0|dukkha|||2|0|0
2|PI|0|dukkhakkhandha|||2|0|0
2|EN|0|dumped|||2|0|0
2|2E|0|duplicitous|||2|0|0
2|EN|0|duration|||2|0|0
2|EN|0|dustbin|||2|0|0
2|PI|0|dvejana|||2|0|0
2|EN|0|eagerness|||2|0|0
2|2E|0|earholes|||2|0|0
2|EN|0|earthness|||2|0|0
2|EN|0|eased|||2|0|0
2|EN|0|effaced|||2|0|0
2|EN|0|efficacy|||2|0|0
2|PI|0|ekadhamma|||2|0|0
2|EN|0|elastic|||2|0|0
2|EN|0|eldest|||2|0|0
2|EN|0|eleventh|||2|0|0
2|EN|0|embroideries|||2|0|0
2|EN|0|emetic|s||0|2|0
2|EN|0|emitted|||2|0|0
2|EN|0|encumbered|||2|0|0
2|EN|0|energetic|||2|0|0
2|EN|0|enraged|||2|0|0
2|EN|0|entertained|||2|0|0
2|EN|0|envied|||2|0|0
2|EN|0|envies|||2|0|0
2|EN|0|equipped|||2|0|0
2|PI|1|erāpatha|s||1|1|0
2|EN|0|erroneously|||2|0|0
2|EN|0|erudite|||2|0|0
2|EN|0|escorted|||2|0|0
2|EN|0|especially|||2|0|0
2|EN|0|etymology|||2|0|0
2|EN|0|eulogies|||2|0|0
2|EN|0|evade|s||0|2|0
2|EN|0|evaluated|||2|0|0
2|EN|0|evasively|||2|0|0
2|EN|0|evict|||2|0|0
2|EN|0|evolving|||2|0|0
2|EN|0|exceeding|||2|0|0
2|EN|0|excelling|||2|0|0
2|EN|0|excreted|||2|0|0
2|EN|0|excruciating|||2|0|0
2|EN|0|execution|||2|0|0
2|EN|0|exemplary|||2|0|0
2|EN|0|exhaust|||2|0|0
2|EN|0|exhaustive|||2|0|0
2|EN|0|exhilarated|||2|0|0
2|EN|0|exhilaration|||2|0|0
2|EN|0|exiting|||2|0|0
2|EN|0|explication|||2|0|0
2|EN|0|exploring|||2|0|0
2|EN|0|expoundedness|||2|0|0
2|EN|0|expresses|||2|0|0
2|EN|0|extermination|||2|0|0
2|2E|0|extractive|||2|0|0
2|EN|0|faithless|||2|0|0
2|EN|0|fake|||2|0|0
2|EN|0|fancy|||2|0|0
2|EN|0|fanged|||2|0|0
2|EN|0|fanned|||2|0|0
2|EN|0|fatalist|s||0|2|0
2|EN|0|fattened|||2|0|0
2|EN|0|fend|s||0|2|0
2|EN|0|fending|||2|0|0
2|EN|0|fighting|||2|0|0
2|EN|0|finely|||2|0|0
2|EN|0|fingertip|s||0|2|0
2|EN|0|firewood|||2|0|0
2|EN|0|fissure|s||1|1|0
2|EN|0|fivefold|||2|0|0
2|EN|0|fixated|||2|0|0
2|EN|0|flabby|||2|0|0
2|EN|0|flatter|s||1|1|0
2|EN|0|flawless|||2|0|0
2|EN|0|flayed|||2|0|0
2|EN|0|fleece|||2|0|0
2|EN|0|flickering|||2|0|0
2|EN|0|foal|||2|0|0
2|EN|0|fog|||2|0|0
2|EN|0|folk|||2|0|0
2|EN|0|folly|||2|0|0
2|EN|0|fomenter|||2|0|0
2|EN|0|forbidden|||2|0|0
2|EN|0|forefront|||2|0|0
2|EN|0|foreign|||2|0|0
2|EN|0|forgotten|||2|0|0
2|EN|0|formulating|||2|0|0
2|EN|0|forsake|||2|0|0
2|EN|0|fort|||2|0|0
2|EN|0|foundering|||2|0|0
2|EN|0|fragment|s||0|2|0
2|EN|0|friction|||2|0|0
2|EN|0|fruiting|||2|0|0
2|EN|0|fulfilling|||2|0|0
2|EN|0|furrow|s||0|2|0
2|PI|1|gaddūla|||2|0|0
2|PI|0|gagga|||2|0|0
2|EN|0|gallon|||2|0|0
2|EN|0|ganging|||2|0|0
2|EN|0|gazed|||2|0|0
2|EN|0|gentleness|||2|0|0
2|PI|1|ghāṭā|||2|0|0
2|EN|0|glazed|||2|0|0
2|EN|0|glistening|||2|0|0
2|EN|0|glorify|||2|0|0
2|EN|0|glowworm||'s|1|0|1
2|EN|0|gnat|s||0|2|0
2|EN|0|gnawed|||2|0|0
2|EN|0|goblin|||2|0|0
2|EN|0|gong|s||0|2|0
2|EN|0|gorged|||2|0|0
2|EN|0|govern|||2|0|0
2|EN|0|graduated|||2|0|0
2|EN|0|granary|||2|0|0
2|EN|0|gratifying|||2|0|0
2|EN|0|grating|||2|0|0
2|EN|0|griefless|||2|0|0
2|EN|0|grind|s||1|1|0
2|EN|0|grip|||2|0|0
2|EN|0|grit|||2|0|0
2|EN|0|guardian|s||0|2|0
2|EN|0|guided|||2|0|0
2|EN|0|guilty|||2|0|0
2|EN|0|gush|||2|0|0
2|PI|1|guttā|||2|0|0
2|EN|0|habitation|||2|0|0
2|EN|0|hammer|s||1|1|0
2|EN|0|hanker|||2|0|0
2|EN|0|hankering|s||1|1|0
2|EN|0|harassing|||2|0|0
2|EN|0|harbor|||2|0|0
2|EN|0|hardly|||2|0|0
2|EN|0|harness|||2|0|0
2|EN|0|harrowed|||2|0|0
2|EN|0|hating|||2|0|0
2|PI|0|hatthipadopama|||2|0|0
2|EN|0|haughtiness|||2|0|0
2|EN|0|hauling|||2|0|0
2|EN|0|haunted|||2|0|0
2|EN|0|haystack|||2|0|0
2|EN|0|headache|||2|0|0
2|EN|0|headway|||2|0|0
2|EN|0|healed|||2|0|0
2|EN|0|heaped|||2|0|0
2|EN|0|hedonistic|||2|0|0
2|EN|0|heed|s||1|1|0
2|EN|0|heifer|s||0|2|0
2|EN|0|helper|||2|0|0
2|EN|0|henna|||2|0|0
2|EN|0|heron|s||1|1|0
2|EN|0|hiding|||2|0|0
2|EN|0|highborn|||2|0|0
2|EN|0|highland|s||0|2|0
2|PI|1|hiraññavati|||2|0|0
2|EN|0|hissed|||2|0|0
2|EN|0|hitched|||2|0|0
2|EN|0|hitting|||2|0|0
2|EN|0|hoard|s||1|1|0
2|EN|0|hoarding|||2|0|0
2|EN|0|hog|||2|0|0
2|EN|0|honeyed|||2|0|0
2|EN|0|hooves|||2|0|0
2|EN|0|hop|||2|0|0
2|EN|0|hopscotch|||2|0|0
2|EN|0|horizon|||2|0|0
2|EN|0|horned|||2|0|0
2|EN|0|horoscope|s||0|2|0
2|EN|0|houseless|||2|0|0
2|EN|0|hover|s||1|1|0
2|EN|0|humanity|||2|0|0
2|EN|0|humble|||2|0|0
2|EN|0|humor|s||0|2|0
2|EN|0|hung|||2|0|0
2|EN|0|hurriedly|||2|0|0
2|EN|0|hurtful|||2|0|0
2|EN|0|husk|s||0|2|0
2|PI|1|icchā|||2|0|0
2|EN|0|identical|||2|0|0
2|EN|0|illumine|||2|0|0
2|EN|0|imagining|||2|0|0
2|EN|0|immaculate|||2|0|0
2|EN|0|impenetrable|||2|0|0
2|EN|0|imperfect|||2|0|0
2|EN|0|implanted|||2|0|0
2|EN|0|imposter|||2|0|0
2|EN|0|impotence|||2|0|0
2|EN|0|inaccessible|||2|0|0
2|EN|0|inaction|||2|0|0
2|EN|0|inasmuch|||2|0|0
2|EN|0|incapability|||2|0|0
2|EN|0|incubate|s||1|1|0
2|EN|0|india|||2|0|0
2|EN|0|indomitable|||2|0|0
2|EN|0|inflicted|||2|0|0
2|EN|0|infuse|||2|0|0
2|EN|0|infusing|||2|0|0
2|EN|0|ingested|||2|0|0
2|EN|0|inhabited|||2|0|0
2|EN|0|injured|||2|0|0
2|EN|0|injustice|||2|0|0
2|EN|0|inquiring|||2|0|0
2|2E|0|inspirer|||2|0|0
2|EN|0|instigating|||2|0|0
2|EN|0|intentional|||2|0|0
2|EN|0|interact|||2|0|0
2|EN|0|interested|||2|0|0
2|EN|0|interfere|||2|0|0
2|EN|0|intergalactic|||2|0|0
2|EN|0|interrogation|||2|0|0
2|EN|0|interstice|s||0|2|0
2|EN|0|introduce|||2|0|0
2|EN|0|inveigling|||2|0|0
2|EN|0|invitational|||2|0|0
2|EN|0|invoking|||2|0|0
2|EN|0|iridescence|||2|0|0
2|2E|0|irreducible|||2|0|0
2|EN|0|irregularities|||2|0|0
2|EN|0|irrelevant|||2|0|0
2|2E|0|jackfruits|||2|0|0
2|EN|0|jamb|||2|0|0
2|PI|0|jambu|||2|0|0
2|PI|1|jambudīpa|||2|0|0
2|PI|1|jānussoṇi|||2|0|0
2|PI|1|jarā|||2|0|0
2|EN|0|jeered|||2|0|0
2|PI|0|jenta|||2|0|0
2|EN|0|jerky|||2|0|0
2|EN|0|jest|||2|0|0
2|EN|0|jibe|||2|0|0
2|PI|1|jīva|||2|0|0
2|EN|0|joining|||2|0|0
2|EN|0|judiciously|||2|0|0
2|EN|0|jungle|||2|0|0
2|EN|0|jute|||2|0|0
2|PI|1|kakkaṭa|||2|0|0
2|PI|1|kaḷimbha|||2|0|0
2|PI|1|kaṇḍa|||2|0|0
2|PI|1|kāpilavatthu|||2|0|0
2|PI|1|kāraḷimbha|||2|0|0
2|PI|1|kāsa|||2|0|0
2|PI|0|kesakambala|||2|0|0
2|PI|0|khama|||2|0|0
2|PI|0|khara|||2|0|0
2|PI|0|khitaka|||2|0|0
2|PI|1|kimikālā|||2|0|0
2|PI|1|kīsā|||2|0|0
2|EN|0|kneading|||2|0|0
2|EN|0|kneeling|||2|0|0
2|PI|1|kolālika|||2|0|0
2|PI|1|kumāra|||2|0|0
2|PI|0|kumbha|||2|0|0
2|PI|1|kumbhīra|||2|0|0
2|PI|0|kumma|||2|0|0
2|PI|0|kumuda|||2|0|0
2|PI|1|kusāvati|||2|0|0
2|PI|1|kūṭa|||2|0|0
2|PI|1|kuṭivihārin|||2|0|0
2|EN|0|label|s||1|1|0
2|EN|0|ladies|||2|0|0
2|EN|0|ladybug|s||0|2|0
2|EN|0|languid|||2|0|0
2|EN|0|lantern|||2|0|0
2|EN|0|lashed|||2|0|0
2|EN|0|laundrymen|||2|0|0
2|EN|0|laypeople|||2|0|0
2|EN|0|leadership|||2|0|0
2|EN|0|leaned|||2|0|0
2|EN|0|letter|s||0|2|0
2|EN|0|liberality|||2|0|0
2|EN|0|libertine|||2|0|0
2|EN|0|likelihood|||2|0|0
2|EN|0|limitation|s||0|2|0
2|EN|0|linchpin|s||1|1|0
2|EN|0|lined|||2|0|0
2|EN|0|list|s||1|1|0
2|2E|0|loathesomeness|||2|0|0
2|PI|1|lokāyata|||2|0|0
2|PI|1|lomasakaṁbhiya|||2|0|0
2|EN|0|loofah|||2|0|0
2|EN|0|loosen|||2|0|0
2|EN|0|lovelier|||2|0|0
2|EN|0|lowest|||2|0|0
2|EN|0|lowliness|||2|0|0
2|PI|0|lujjati|||2|0|0
2|EN|0|lustful|||2|0|0
2|PI|1|madhurā|||2|0|0
2|PI|1|mahāmoggallāna|||2|0|0
2|PI|1|mahānama|||2|0|0
2|PI|0|mahi|||2|0|0
2|PI|1|māluṅkya|||2|0|0
2|PI|1|māluṅkyovāda|||2|0|0
2|PI|1|māluva|||2|0|0
2|EN|0|manage|s||1|1|0
2|EN|0|managed|||2|0|0
2|EN|0|mangoes|||2|0|0
2|PI|1|mantāṇi||'s|1|0|1
2|PI|1|maṇtāniputta|||2|0|0
2|PI|1|mānusa|s||0|2|0
2|PI|1|maraṇassati|||2|0|0
2|EN|0|marsh|||2|0|0
2|EN|0|marshal|s||0|2|0
2|EN|0|massaged|||2|0|0
2|EN|0|massed|||2|0|0
2|EN|0|mat|||2|0|0
2|PI|0|matanga|||2|0|0
2|EN|0|match|||2|0|0
2|EN|0|mated|||2|0|0
2|EN|0|mathematician|||2|0|0
2|EN|0|maximum|||2|0|0
2|EN|0|meaningful|||2|0|0
2|EN|0|meanwhile|||2|0|0
2|EN|0|measurable|||2|0|0
2|EN|0|meditate|||2|0|0
2|EN|0|meditating|||2|0|0
2|2E|0|meditators|||2|0|0
2|EN|0|mentioned|||2|0|0
2|EN|0|mice|||2|0|0
2|PI|0|milakkhu|||2|0|0
2|EN|0|milking|||2|0|0
2|EN|0|mimicking|||2|0|0
2|EN|0|minstrel|s||0|2|0
2|EN|0|misbehave|s||0|2|0
2|EN|0|miscarriage|s||0|2|0
2|EN|0|mislead|s||0|2|0
2|PI|0|mitta|||2|0|0
2|EN|0|moan|||2|0|0
2|EN|0|monkhood|||2|0|0
2|EN|0|monsoon|s||1|1|0
2|PI|0|moriyans|||2|0|0
2|2E|0|mortalizes|||2|0|0
2|2E|0|mortalizing|||2|0|0
2|EN|0|mortar|||2|0|0
2|EN|0|motivation|s||0|2|0
2|EN|0|mounting|||2|0|0
2|EN|0|mourn|s||0|2|0
2|EN|0|mouthwashes|||2|0|0
2|EN|0|mowed|||2|0|0
2|EN|0|muck|||2|0|0
2|EN|0|muddied|||2|0|0
2|PI|1|mūla|||2|0|0
2|PI|1|muḷaka|||2|0|0
2|PI|1|muñja|||2|0|0
2|EN|0|musical|||2|0|0
2|EN|0|musician|s||0|2|0
2|2P|0|na|||2|0|0
2|PI|0|nagara|||2|0|0
2|EN|0|nakedness|||2|0|0
2|PI|1|nāmuci|||2|0|0
2|PI|1|nātha|||2|0|0
2|EN|0|navel|||2|0|0
2|EN|0|necessary|||2|0|0
2|EN|0|needle|s||1|1|0
2|2E|0|neem|||2|0|0
2|EN|0|nephew|||2|0|0
2|EN|0|nest|||2|0|0
2|EN|0|newer|||2|0|0
2|EN|0|nice|||2|0|0
2|PI|1|nimmānaratī|||2|0|0
2|PI|1|niraggaḷa|||2|0|0
2|PI|1|nissāraṇīya|||2|0|0
2|PI|1|nīvaraṇa|||2|0|0
2|EN|0|noted|||2|0|0
2|EN|0|notify|||2|0|0
2|EN|0|notion|s||1|1|0
2|EN|0|oar|s||0|2|0
2|2E|0|objectifies|||2|0|0
2|EN|0|obvious|||2|0|0
2|EN|0|occasionally|||2|0|0
2|2E|0|occultation|||2|0|0
2|EN|0|occurring|||2|0|0
2|2E|0|offence|||2|0|0
2|EN|0|official|s||0|2|0
2|EN|0|older|||2|0|0
2|EN|0|omniscience|||2|0|0
2|EN|0|opinionated|||2|0|0
2|EN|0|oppress|||2|0|0
2|EN|0|oracular|||2|0|0
2|EN|0|oral|||2|0|0
2|EN|0|ore|||2|0|0
2|EN|0|osprey||'s|1|0|1
2|EN|0|otherness|||2|0|0
2|EN|0|outlet|s||0|2|0
2|EN|0|outshining|||2|0|0
2|EN|0|outsmart|||2|0|0
2|EN|0|oven|s||0|2|0
2|EN|0|overhang|||2|0|0
2|EN|0|pace|||2|0|0
2|PI|0|padumaka|||2|0|0
2|EN|0|pail|s||0|2|0
2|EN|0|paint|||2|0|0
2|EN|0|painter|||2|0|0
2|PI|1|pāla|||2|0|0
2|EN|0|pale|||2|0|0
2|EN|0|palmistry|||2|0|0
2|EN|0|palsied|||2|0|0
2|PI|1|pāṇa|||2|0|0
2|PI|1|paṇḍita|||2|0|0
2|PI|1|pañha|||2|0|0
2|PI|1|paññā|||2|0|0
2|PI|1|pāraga|s||0|2|0
2|EN|0|paralyze|||2|0|0
2|EN|0|paralyzed|||2|0|0
2|PI|1|paranimmitavasavattī|||2|0|0
2|PI|1|parinibbāna|||2|0|0
2|PI|1|parivaṭṭa|||2|0|0
2|PI|1|pariyāya|||2|0|0
2|EN|0|partial|||2|0|0
2|PI|1|pāsāṇaka|||2|0|0
2|PI|1|pasūra|||2|0|0
2|EN|0|pathless|||2|0|0
2|EN|0|patronage|||2|0|0
2|PI|1|pāvādika|||2|0|0
2|PI|1|payāga|||2|0|0
2|EN|0|peacefully|||2|0|0
2|EN|0|peaked|||2|0|0
2|EN|0|pediatric|s||0|2|0
2|EN|0|peevishness|||2|0|0
2|EN|0|penalty|||2|0|0
2|EN|0|pepper|||2|0|0
2|EN|0|perceptive|||2|0|0
2|EN|0|permanence|||2|0|0
2|EN|0|permit|||2|0|0
2|EN|0|persistent|||2|0|0
2|EN|0|pertain|||2|0|0
2|2E|0|perturbance|||2|0|0
2|EN|0|petal|s||1|1|0
2|EN|0|phase|||2|0|0
2|PI|0|phassa|||2|0|0
2|EN|0|philosopher|s||0|2|0
2|EN|0|phrenology|||2|0|0
2|EN|0|pigeonholed|||2|0|0
2|PI|0|pilinda|||2|0|0
2|EN|0|piling|||2|0|0
2|PI|0|pilotika|||2|0|0
2|PI|1|piṇḍa|||2|0|0
2|PI|0|pipphali|||2|0|0
2|EN|0|pity|||2|0|0
2|EN|0|placid|||2|0|0
2|EN|0|plaited|||2|0|0
2|EN|0|planet|||2|0|0
2|EN|0|plantain|||2|0|0
2|EN|0|pleasantly|||2|0|0
2|EN|0|pleat|s||0|2|0
2|EN|0|plowman|||2|0|0
2|EN|0|plurality|||2|0|0
2|EN|0|plus|||2|0|0
2|EN|0|pod|s||1|1|0
2|EN|0|pointing|||2|0|0
2|EN|0|poised|||2|0|0
2|EN|0|polarity|||2|0|0
2|EN|0|portal|s||0|2|0
2|EN|0|portion|s||1|1|0
2|EN|0|pose|s||1|1|0
2|EN|0|pottery|||2|0|0
2|EN|0|poultry|||2|0|0
2|EN|0|pounding|||2|0|0
2|EN|0|precipice|s||0|2|0
2|EN|0|predicting|||2|0|0
2|EN|0|presentation|||2|0|0
2|2E|0|princeling|||2|0|0
2|EN|0|probably|||2|0|0
2|EN|0|problem|s||0|2|0
2|EN|0|procedure|||2|0|0
2|EN|0|profession|||2|0|0
2|EN|0|progress|||2|0|0
2|EN|0|promiscuity|||2|0|0
2|EN|0|promising|||2|0|0
2|EN|0|promoted|||2|0|0
2|EN|0|propagated|||2|0|0
2|EN|0|propertied|||2|0|0
2|EN|0|proportioned|||2|0|0
2|EN|0|protocol|||2|0|0
2|EN|0|provoking|||2|0|0
2|EN|0|prowling|||2|0|0
2|PI|0|puggala|||2|0|0
2|EN|0|pummeled|||2|0|0
2|PI|1|puṇḍarīka|||2|0|0
2|PI|1|puṇṇā|||2|0|0
2|PI|1|puṇṇamāsa|||2|0|0
2|EN|0|pushes|||2|0|0
2|EN|0|putrefaction|||2|0|0
2|EN|0|quadruped|s||0|2|0
2|EN|0|questioner|||2|0|0
2|EN|0|quizzes|||2|0|0
2|EN|0|quoted|||2|0|0
2|EN|0|railing|||2|0|0
2|PI|1|rāmaṇeyyaka|||2|0|0
2|EN|0|ramble|||2|0|0
2|EN|0|rambling|||2|0|0
2|PI|0|ratha|||2|0|0
2|EN|0|ration|||2|0|0
2|EN|0|rear|s||1|1|0
2|EN|0|rebuild|||2|0|0
2|EN|0|recluse|s||1|1|0
2|EN|0|reclusiveness|||2|0|0
2|EN|0|reconcile|||2|0|0
2|EN|0|rectangular|||2|0|0
2|EN|0|recurrence|||2|0|0
2|EN|0|recurring|||2|0|0
2|EN|0|reddened|||2|0|0
2|EN|0|refusing|||2|0|0
2|EN|0|regain|s||1|1|0
2|EN|0|regaining|||2|0|0
2|EN|0|regimental|||2|0|0
2|EN|0|reigning|||2|0|0
2|EN|0|reined|||2|0|0
2|EN|0|relevant|||2|0|0
2|EN|0|religious|||2|0|0
2|EN|0|rely|||2|0|0
2|EN|0|remorseful|||2|0|0
2|EN|0|remover|||2|0|0
2|2E|0|renunciate|s||1|1|0
2|EN|0|repair|||2|0|0
2|EN|0|reporting|||2|0|0
2|EN|0|reprove|||2|0|0
2|EN|0|repudiating|||2|0|0
2|EN|0|rescind|||2|0|0
2|EN|0|resist|s||0|2|0
2|EN|0|resource|s||0|2|0
2|EN|0|rested|||2|0|0
2|2E|0|resthouse|||2|0|0
2|EN|0|restlessly|||2|0|0
2|EN|0|retaliate|||2|0|0
2|EN|0|retention|||2|0|0
2|EN|0|revering|||2|0|0
2|EN|0|reverted|||2|0|0
2|EN|0|review|s||0|2|0
2|EN|0|roamed|||2|0|0
2|EN|0|role|||2|0|0
2|EN|0|room|||2|0|0
2|EN|0|rooster|s||0|2|0
2|EN|0|rudder|||2|0|0
2|EN|0|rudiment|s||0|2|0
2|EN|0|ruffian|||2|0|0
2|EN|0|ruffled|||2|0|0
2|EN|0|ruined|||2|0|0
2|EN|0|ruling|||2|0|0
2|EN|0|rumored|||2|0|0
2|EN|0|rush|||2|0|0
2|EN|0|rust|||2|0|0
2|EN|0|ruthless|||2|0|0
2|EN|0|rutting|||2|0|0
2|EN|0|sacred|||2|0|0
2|PI|1|saddhā|||2|0|0
2|EN|0|sagehood|||2|0|0
2|PI|0|sakalika|||2|0|0
2|PI|1|sakaṁbhiya|||2|0|0
2|PI|1|salaḷa|||2|0|0
2|PI|1|sāḷha|||2|0|0
2|PI|1|samaṇa|||2|0|0
2|PI|1|samāna|s||0|2|0
2|PI|1|sāmāvatī|||2|0|0
2|PI|0|sambahula|||2|0|0
2|PI|1|sammāpāsa|||2|0|0
2|PI|1|saṁsāra|||2|0|0
2|PI|1|saṁyojana|||2|0|0
2|PI|1|saṅgāma|||2|0|0
2|PI|1|saṅkhitta|||2|0|0
2|PI|1|saṅkicca|||2|0|0
2|2E|0|sant|||2|0|0
2|PI|0|santusita|||2|0|0
2|PI|1|santuṭṭha|||2|0|0
2|PI|0|sappurisa|||2|0|0
2|PI|1|sāropama|||2|0|0
2|PI|1|sattapaṇṇa|||2|0|0
2|PI|0|satti|||2|0|0
2|PI|0|satullapa|||2|0|0
2|PI|1|sāvitti|||2|0|0
2|EN|0|sayer|||2|0|0
2|EN|0|scaled|||2|0|0
2|EN|0|scare|||2|0|0
2|EN|0|scene|s||0|2|0
2|EN|0|schism|||2|0|0
2|EN|0|scout|s||0|2|0
2|EN|0|scrub|s||1|1|0
2|EN|0|scrubbed|||2|0|0
2|EN|0|scrubbing|||2|0|0
2|EN|0|scurry|||2|0|0
2|2E|0|seedpods|||2|0|0
2|EN|0|seemingly|||2|0|0
2|EN|0|seethed|||2|0|0
2|PI|0|sekha|||2|0|0
2|PI|0|sekhin|||2|0|0
2|EN|0|semen|||2|0|0
2|EN|0|sensitivity|||2|0|0
2|EN|0|serenity|||2|0|0
2|EN|0|seventy|||2|0|0
2|EN|0|sewer|||2|0|0
2|EN|0|shabbily|||2|0|0
2|EN|0|shabby|||2|0|0
2|EN|0|shared|||2|0|0
2|EN|0|sharpened|||2|0|0
2|EN|0|sharpshooter|||2|0|0
2|2E|0|shaveling|||2|0|0
2|EN|0|shepherd|s||0|2|0
2|EN|0|shirk|||2|0|0
2|EN|0|showering|||2|0|0
2|EN|0|sickle|s||1|1|0
2|2E|0|sickliness|||2|0|0
2|PI|1|sigāla|||2|0|0
2|EN|0|sighting|||2|0|0
2|EN|0|signal|s||0|2|0
2|2E|0|signifier|||2|0|0
2|PI|0|sikkha|||2|0|0
2|PI|0|simbali|||2|0|0
2|PI|0|sineru|||2|0|0
2|EN|0|sizzled|||2|0|0
2|EN|0|slam|s||0|2|0
2|EN|0|slant|s||0|2|0
2|EN|0|slanting|||2|0|0
2|EN|0|slashes|||2|0|0
2|EN|0|sleepy|||2|0|0
2|EN|0|slender|||2|0|0
2|EN|0|slipper|s||0|2|0
2|EN|0|slippery|||2|0|0
2|EN|0|slipping|||2|0|0
2|EN|0|slit|||2|0|0
2|EN|0|sloshing|||2|0|0
2|EN|0|sluggishly|||2|0|0
2|EN|0|slumped|||2|0|0
2|EN|0|slurp|||2|0|0
2|EN|0|sly|||2|0|0
2|EN|0|smelter|||2|0|0
2|EN|0|smiled|||2|0|0
2|EN|0|snack|s||1|1|0
2|EN|0|sneering|||2|0|0
2|EN|0|sniff|||2|0|0
2|EN|0|snow|||2|0|0
2|EN|0|snowfall|||2|0|0
2|EN|0|sobbed|||2|0|0
2|PI|0|soceyya|||2|0|0
2|EN|0|soddened|||2|0|0
2|EN|0|softwood|||2|0|0
2|PI|0|sogandhika|||2|0|0
2|PI|0|soma|||2|0|0
2|EN|0|somebody|||2|0|0
2|EN|0|someday|||2|0|0
2|EN|0|sooner|||2|0|0
2|PI|1|sopāka|||2|0|0
2|EN|0|sophist|||2|0|0
2|PI|1|sovacassatā|||2|0|0
2|EN|0|spare|s||1|1|0
2|EN|0|specially|||2|0|0
2|EN|0|spider|s||1|1|0
2|EN|0|spies|||2|0|0
2|2E|0|spillikins|||2|0|0
2|EN|0|splashing|||2|0|0
2|EN|0|splattered|||2|0|0
2|EN|0|spoked|||2|0|0
2|EN|0|spokenness|||2|0|0
2|EN|0|sport|s||1|1|0
2|EN|0|spray|||2|0|0
2|EN|0|sprite|s||1|1|0
2|EN|0|sprouted|||2|0|0
2|EN|0|sprouting|||2|0|0
2|EN|0|sprung|||2|0|0
2|EN|0|stabilizer|||2|0|0
2|EN|0|stadium|||2|0|0
2|EN|0|stamp|||2|0|0
2|EN|0|start|||2|0|0
2|EN|0|stashed|||2|0|0
2|EN|0|stashes|||2|0|0
2|EN|0|stature|||2|0|0
2|EN|0|stave|s||0|2|0
2|EN|0|steamed|||2|0|0
2|EN|0|steep|||2|0|0
2|EN|0|stomp|s||1|1|0
2|EN|0|straighten|||2|0|0
2|EN|0|straightening|||2|0|0
2|EN|0|stranded|||2|0|0
2|EN|0|stretching|||2|0|0
2|EN|0|strewing|||2|0|0
2|EN|0|stricken|||2|0|0
2|EN|0|striking|||2|0|0
2|EN|0|stubborn|||2|0|0
2|EN|0|stupor|||2|0|0
2|PI|0|subhaga|||2|0|0
2|PI|1|subhaṭa|||2|0|0
2|EN|0|subjugation|||2|0|0
2|EN|0|subservient|||2|0|0
2|EN|0|subterfuge|s||0|2|0
2|PI|0|suddhodana||'s|1|0|1
2|EN|0|suffusing|||2|0|0
2|EN|0|suitably|||2|0|0
2|PI|0|sukha|||2|0|0
2|EN|0|sulk|s||1|1|0
2|EN|0|summaries|||2|0|0
2|PI|1|suṁsumāri|||2|0|0
2|PI|1|sundarikā|||2|0|0
2|PI|0|sunimmita|||2|0|0
2|PI|1|suññata|||2|0|0
2|PI|1|suppāraka|||2|0|0
2|EN|0|suppressed|||2|0|0
2|EN|0|surfaceless|||2|0|0
2|EN|0|suspend|||2|0|0
2|PI|1|suyāma|||2|0|0
2|EN|0|sweetness|||2|0|0
2|EN|0|swine|||2|0|0
2|EN|0|swing|||2|0|0
2|EN|0|swinging|||2|0|0
2|EN|0|swooped|||2|0|0
2|EN|0|sympathetically|||2|0|0
2|EN|0|sympathize|||2|0|0
2|PI|0|tagarasikhi|||2|0|0
2|PI|0|tagarasikhin|||2|0|0
2|PI|1|taṇhāsaṅkhaya|||2|0|0
2|EN|0|tasty|||2|0|0
2|EN|0|taut|||2|0|0
2|EN|0|teeming|||2|0|0
2|EN|0|tenacious|||2|0|0
2|EN|0|tended|||2|0|0
2|EN|0|tendril|||2|0|0
2|EN|0|terrify|||2|0|0
2|EN|0|terrifying|||2|0|0
2|EN|0|terrorized|||2|0|0
2|EN|0|testicle|s||0|2|0
2|EN|0|thatched|||2|0|0
2|EN|0|thence|||2|0|0
2|EN|0|theories|||2|0|0
2|PI|1|therī|||2|0|0
2|EN|0|thong|||2|0|0
2|EN|0|thorny|||2|0|0
2|EN|0|thrash|||2|0|0
2|EN|0|thronging|||2|0|0
2|PI|0|thulayans|||2|0|0
2|EN|0|thwart|||2|0|0
2|EN|0|tickling|||2|0|0
2|EN|0|tight|||2|0|0
2|EN|0|tipped|||2|0|0
2|EN|0|tone|s||1|1|0
2|EN|0|topknot|||2|0|0
2|EN|0|tossing|||2|0|0
2|EN|0|tower|||2|0|0
2|EN|0|traced|||2|0|0
2|EN|0|tract|s||0|2|0
2|EN|0|trader|||2|0|0
2|EN|0|trample|s||1|1|0
2|EN|0|treacherous|||2|0|0
2|EN|0|tries|||2|0|0
2|EN|0|trusting|||2|0|0
2|EN|0|tuber|s||1|1|0
2|PI|1|tuṭṭha|||2|0|0
2|EN|0|twirling|||2|0|0
2|EN|0|twisting|||2|0|0
2|PI|0|ubbhataka|||2|0|0
2|PI|0|udaka||'s|1|0|1
2|PI|0|udambara|||2|0|0
2|PI|0|udayabhadda|||2|0|0
2|EN|0|uglier|||2|0|0
2|EN|0|unabated|||2|0|0
2|EN|0|unadept|||2|0|0
2|EN|0|unafraid|||2|0|0
2|EN|0|unangered|||2|0|0
2|EN|0|unapparent|||2|0|0
2|EN|0|unbaked|||2|0|0
2|EN|0|unbent|||2|0|0
2|EN|0|unbowed|||2|0|0
2|EN|0|unburdensome|||2|0|0
2|EN|0|unceasingly|||2|0|0
2|EN|0|uncircumscribed|||2|0|0
2|EN|0|unclinging|||2|0|0
2|EN|0|uncommon|||2|0|0
2|EN|0|unconstricted|||2|0|0
2|EN|0|uncontaminated|||2|0|0
2|EN|0|uncorrupt|||2|0|0
2|EN|0|uncorrupted|||2|0|0
2|EN|0|uncountable|s||0|2|0
2|EN|0|uncovetous|||2|0|0
2|EN|0|uncreated|||2|0|0
2|EN|0|undecaying|||2|0|0
2|EN|0|undergone|||2|0|0
2|EN|0|undespairing|||2|0|0
2|EN|0|undevoted|||2|0|0
2|EN|0|undevoured|||2|0|0
2|EN|0|undisciplined|||2|0|0
2|EN|0|undrilled|||2|0|0
2|EN|0|unending|||2|0|0
2|EN|0|unenergetic|||2|0|0
2|EN|0|unequaled|||2|0|0
2|EN|0|unequalled|||2|0|0
2|EN|0|unfactually|||2|0|0
2|EN|0|unfaithful|||2|0|0
2|EN|0|unfallen|||2|0|0
2|EN|0|unfired|||2|0|0
2|EN|0|unfurl|||2|0|0
2|EN|0|ungenerous|||2|0|0
2|EN|0|ungrateful|||2|0|0
2|EN|0|uniform|||2|0|0
2|EN|0|unimpaired|||2|0|0
2|EN|0|unindebted|||2|0|0
2|EN|0|uninformed|||2|0|0
2|EN|0|uninjured|||2|0|0
2|EN|0|unjust|||2|0|0
2|EN|0|unlearned|||2|0|0
2|EN|0|unlike|||2|0|0
2|EN|0|unmistaken|||2|0|0
2|2E|0|unobjectified|||2|0|0
2|EN|0|unopposing|||2|0|0
2|EN|0|unpenetrated|||2|0|0
2|EN|0|unperplexed|||2|0|0
2|EN|0|unpliant|||2|0|0
2|EN|0|unpracticed|||2|0|0
2|EN|0|unravel|||2|0|0
2|EN|0|unreasonable|||2|0|0
2|EN|0|unrelenting|||2|0|0
2|EN|0|unripe|||2|0|0
2|EN|0|unsated|||2|0|0
2|EN|0|unseasonable|||2|0|0
2|EN|0|unseeing|||2|0|0
2|EN|0|unselfish|||2|0|0
2|EN|0|unsluggish|||2|0|0
2|EN|0|unsnared|||2|0|0
2|EN|0|unsoiled|||2|0|0
2|EN|0|unspoiled|||2|0|0
2|EN|0|unstartled|||2|0|0
2|EN|0|unsteady|||2|0|0
2|EN|0|unstintingly|||2|0|0
2|EN|0|unsubdued|||2|0|0
2|EN|0|unterrified|||2|0|0
2|EN|0|untie|||2|0|0
2|EN|0|untruthfully|||2|0|0
2|EN|0|unworked|||2|0|0
2|PI|1|upapāla|||2|0|0
2|PI|0|uppalaka|||2|0|0
2|EN|0|uproot|||2|0|0
2|EN|0|urination|||2|0|0
2|PI|0|usabha|||2|0|0
2|EN|0|uttering|||2|0|0
2|EN|0|vainly|||2|0|0
2|PI|1|vājapeyya|||2|0|0
2|PI|1|vajirapāṇin|||2|0|0
2|PI|0|vajjiputta|||2|0|0
2|PI|0|vajjis|||2|0|0
2|PI|0|vakkali|||2|0|0
2|PI|0|valliya|||2|0|0
2|EN|0|valuing|||2|0|0
2|EN|0|vanquishing|||2|0|0
2|PI|1|vāsava||'s|1|0|1
2|EN|0|vassal|s||0|2|0
2|PI|0|vassavatti|||2|0|0
2|PI|0|vedeha|||2|0|0
2|PI|0|vedic|||2|0|0
2|EN|0|vegetable|s||0|2|0
2|EN|0|veil|||2|0|0
2|PI|1|venāga|||2|0|0
2|PI|1|verañjā|||2|0|0
2|EN|0|vice|s||1|1|0
2|EN|0|vicinity|||2|0|0
2|PI|1|vihāra|||2|0|0
2|PI|0|vilva|||2|0|0
2|PI|0|vimutti|||2|0|0
2|PI|1|viññāṇa|||2|0|0
2|EN|0|violated|||2|0|0
2|EN|0|violently|||2|0|0
2|PI|1|vipassanā|||2|0|0
2|PI|0|viraddha|||2|0|0
2|PI|1|vīraṇā|||2|0|0
2|EN|0|virility|||2|0|0
2|EN|0|visual|||2|0|0
2|PI|1|vitthāra|||2|0|0
2|EN|0|wagging|||2|0|0
2|EN|0|wail|s||1|1|0
2|EN|0|waited|||2|0|0
2|EN|0|walker|||2|0|0
2|EN|0|walled|||2|0|0
2|EN|0|wanton|||2|0|0
2|EN|0|warded|||2|0|0
2|EN|0|warming|||2|0|0
2|EN|0|warned|||2|0|0
2|EN|0|warrant|||2|0|0
2|2E|0|washerman|||2|0|0
2|EN|0|wasted|||2|0|0
2|EN|0|watched|||2|0|0
2|2E|0|waterhole|||2|0|0
2|EN|0|waved|||2|0|0
2|EN|0|weigh|s||1|1|0
2|EN|0|whack|||2|0|0
2|EN|0|wheeled|||2|0|0
2|EN|0|whence|||2|0|0
2|EN|0|whiff|||2|0|0
2|EN|0|whistle|s||1|1|0
2|EN|0|who'd|||2|0|0
2|EN|0|wickedness|||2|0|0
2|EN|0|wiggling|s||0|2|0
2|EN|0|wile|s||0|2|0
2|EN|0|willingness|||2|0|0
2|EN|0|wizard|s||0|2|0
2|EN|0|woody|||2|0|0
2|EN|0|worry|||2|0|0
2|EN|0|wrapping|s||1|1|0
2|EN|0|wreath|s||0|2|0
2|EN|0|wrestling|||2|0|0
2|EN|0|wrinkle|s||0|2|0
2|PI|0|yamadaggi|||2|0|0
2|PI|0|yamataggi|||2|0|0
2|PI|0|yasa|||2|0|0
2|EN|0|yellowed|||2|0|0
2|EN|0|yonder|||2|0|0
1|PI|1|abbhūta|||1|0|0
1|EN|0|abducted|||1|0|0
1|EN|0|aberrant|||1|0|0
1|PI|1|abhāsita|||1|0|0
1|PI|1|ābhassarā|||1|0|0
1|PI|1|abhibhūta|||1|0|0
1|EN|0|ability|||1|0|0
1|EN|0|ablaze|||1|0|0
1|EN|0|abroad|||1|0|0
1|PI|1|abyākata|||1|0|0
1|PI|0|accaya|||1|0|0
1|PI|1|accāyika|||1|0|0
1|EN|0|accelerating|||1|0|0
1|EN|0|accessories|||1|0|0
1|PI|1|acchariy'abbhūtadhamma|||1|0|0
1|EN|0|accident|s||0|1|0
1|PI|0|accutas|||1|0|0
1|PI|0|acela|||1|0|0
1|EN|0|achievement|s||0|1|0
1|EN|0|aching|||1|0|0
1|PI|0|acintita|||1|0|0
1|EN|0|acknowledged|||1|0|0
1|2E|0|acridity|||1|0|0
1|EN|0|acumen|||1|0|0
1|PI|1|aḍḍhkāsī|||1|0|0
1|EN|0|adding|||1|0|0
1|PI|1|adhikakkā|||1|0|0
1|PI|1|ādhipateyya|||1|0|0
1|PI|1|ādiya|||1|0|0
1|EN|0|admission|||1|0|0
1|EN|0|admitting|||1|0|0
1|EN|0|adorning|||1|0|0
1|EN|0|adrift|||1|0|0
1|EN|0|adulterer|s||0|1|0
1|EN|0|aeon|s||0|1|0
1|EN|0|affectionately|||1|0|0
1|EN|0|affiliate|||1|0|0
1|EN|0|afflicting|||1|0|0
1|PI|1|āgantukā|||1|0|0
1|PI|0|agati|||1|0|0
1|PI|0|aggadhamma|||1|0|0
1|EN|0|aggravating|||1|0|0
1|PI|1|āghāta|||1|0|0
1|PI|1|āghatāvinaya|||1|0|0
1|PI|1|āghātavinaya|||1|0|0
1|EN|0|agitate|s||0|1|0
1|EN|0|agitating|||1|0|0
1|EN|0|agreeing|||1|0|0
1|PI|1|ahinā|||1|0|0
1|PI|0|ahu|||1|0|0
1|PI|1|ājāññā|||1|0|0
1|PI|0|ajjheya|||1|0|0
1|PI|0|ajjuna|||1|0|0
1|PI|1|ākaṅkha|||1|0|0
1|PI|1|ākaṅkheyya|||1|0|0
1|PI|0|akkhama|||1|0|0
1|PI|0|akkosa|||1|0|0
1|EN|0|ala|s||0|1|0
1|PI|1|alagaddūpama|||1|0|0
1|PI|1|ālakamandā|||1|0|0
1|PI|1|āḷavi|||1|0|0
1|EN|0|allowing|||1|0|0
1|EN|0|aloe|s||0|1|0
1|PI|0|amata|||1|0|0
1|EN|0|ambitious|||1|0|0
1|EN|0|amiable|||1|0|0
1|EN|0|analytically|||1|0|0
1|PI|1|anaṇa|||1|0|0
1|PI|1|anaṅgaṇa|||1|0|0
1|PI|0|ananuvicca|||1|0|0
1|PI|1|ānāpānasati|||1|0|0
1|PI|1|anāthapiṇḍaka||'s|0|0|1
1|PI|1|anāthapiṇḍikovāda|||1|0|0
1|PI|1|anattā|||1|0|0
1|PI|1|andhakāra|||1|0|0
1|PI|0|anejakas|||1|0|0
1|PI|0|anek'agga|||1|0|0
1|PI|1|āneñja|||1|0|0
1|PI|1|aneñjaka|||1|0|0
1|PI|1|aṅguli|||1|0|0
1|PI|1|āṇi|||1|0|0
1|PI|0|anicca|||1|0|0
1|PI|1|ānisaṁsa|||1|0|0
1|EN|0|anklet|s||0|1|0
1|PI|1|annabhāra|||1|0|0
1|PI|1|aññatara|||1|0|0
1|EN|0|annihilate|||1|0|0
1|EN|0|annoying|||1|0|0
1|EN|0|anoint|s||0|1|0
1|EN|0|anonymous|||1|0|0
1|PI|0|anotatta|||1|0|0
1|PI|1|anottāpī|||1|0|0
1|EN|0|ant|s||0|1|0
1|PI|0|anta|||1|0|0
1|PI|0|anubuddha|||1|0|0
1|PI|0|anugghita|||1|0|0
1|PI|0|anupada|||1|0|0
1|PI|1|anūpama|||1|0|0
1|PI|1|anupiyā|||1|0|0
1|PI|0|anupubbanirodha|||1|0|0
1|PI|0|anusota|||1|0|0
1|2E|0|anywherever|||1|0|0
1|PI|1|āpaṇṇa|||1|0|0
1|PI|1|apaṇṇaka|||1|0|0
1|PI|1|aparihāni|||1|0|0
1|PI|1|aparihāniya|||1|0|0
1|PI|0|appaka|||1|0|0
1|PI|1|appaṁ|||1|0|0
1|PI|0|appameyya|||1|0|0
1|PI|1|appaṭivāṇa|||1|0|0
1|PI|1|appaṭividitā|||1|0|0
1|PI|1|appāyuka|||1|0|0
1|EN|0|appease|||1|0|0
1|EN|0|appeased|||1|0|0
1|EN|0|appeasing|||1|0|0
1|EN|0|appendix|||1|0|0
1|EN|0|application|||1|0|0
1|EN|0|appreciation|||1|0|0
1|EN|0|appreciative|||1|0|0
1|PI|1|ārabbhavatthu|||1|0|0
1|PI|0|arahatta|||1|0|0
1|PI|1|arakenānusāsani|||1|0|0
1|PI|1|ārakkha|||1|0|0
1|PI|1|ārañña|||1|0|0
1|PI|1|araññaka|||1|0|0
1|EN|0|ardor|||1|0|0
1|EN|0|aristocratic|||1|0|0
1|PI|1|ariṭṭaka|s||0|1|0
1|PI|0|ariyamagga|||1|0|0
1|PI|0|ariyapariyesana|||1|0|0
1|PI|1|ariyāvāsa|||1|0|0
1|EN|0|artist|||1|0|0
1|PI|1|aruṇavant|||1|0|0
1|2P|0|asama|||1|0|0
1|PI|1|asaṅkhata|||1|0|0
1|PI|1|asaṅkhitta|||1|0|0
1|EN|0|ashen|||1|0|0
1|PI|1|āsīvisa|||1|0|0
1|PI|1|assāsa|||1|0|0
1|PI|0|assataras|||1|0|0
1|EN|0|assaulted|||1|0|0
1|EN|0|assemblage|||1|0|0
1|EN|0|asserter|s||0|1|0
1|EN|0|asserting|||1|0|0
1|EN|0|assertion|||1|0|0
1|EN|0|assist|s||0|1|0
1|PI|0|assu|||1|0|0
1|EN|0|asthma|||1|0|0
1|EN|0|astride|||1|0|0
1|EN|0|astringency|||1|0|0
1|PI|0|asubha|||1|0|0
1|EN|0|asylum|||1|0|0
1|PI|0|atappa|||1|0|0
1|PI|1|ātappa|||1|0|0
1|PI|0|atitta|||1|0|0
1|PI|1|attabhāva|||1|0|0
1|PI|1|attakārin|||1|0|0
1|PI|1|aṭṭhakanāgara|||1|0|0
1|PI|1|atthakaraṇa|||1|0|0
1|PI|0|attharasa|||1|0|0
1|PI|1|aṭṭhasata|||1|0|0
1|PI|0|atthi|||1|0|0
1|EN|0|attractiveness|||1|0|0
1|EN|0|attune|||1|0|0
1|EN|0|attuned|||1|0|0
1|PI|0|atula|||1|0|0
1|EN|0|audible|||1|0|0
1|EN|0|audience|||1|0|0
1|EN|0|austerely|||1|0|0
1|EN|0|authenticity|||1|0|0
1|EN|0|available|||1|0|0
1|PI|0|avakujja|||1|0|0
1|EN|0|avalanche|||1|0|0
1|PI|1|āvaraṇa|||1|0|0
1|PI|1|āvaraṇatā|||1|0|0
1|EN|0|avarice|||1|0|0
1|PI|0|avassuta|||1|0|0
1|PI|1|avīci|||1|0|0
1|PI|0|aviha|||1|0|0
1|PI|1|avijjāpaccaya|||1|0|0
1|EN|0|awaited|||1|0|0
1|EN|0|awed|||1|0|0
1|EN|0|awoke|||1|0|0
1|PI|1|āyācana|||1|0|0
1|PI|1|ayoguḷa|||1|0|0
1|PI|0|ayujjhans|||1|0|0
1|PI|1|āyusama|||1|0|0
1|PI|1|ayyikā|||1|0|0
1|EN|0|babble|||1|0|0
1|EN|0|babbled|||1|0|0
1|EN|0|backed|||1|0|0
1|EN|0|badmouth|||1|0|0
1|PI|0|bahita|||1|0|0
1|PI|1|bahujanahitāya|||1|0|0
1|PI|1|bahukāra|||1|0|0
1|PI|1|bāhumati|||1|0|0
1|PI|0|bahuputta|||1|0|0
1|PI|1|bahuvedanīya|||1|0|0
1|EN|0|bail|||1|0|0
1|EN|0|baited|||1|0|0
1|EN|0|baked|||1|0|0
1|PI|0|bala|||1|0|0
1|PI|1|bālaka|||1|0|0
1|EN|0|balance|||1|0|0
1|2P|0|bali||'s|0|0|1
1|PI|1|baliharaṇa|||1|0|0
1|PI|1|bāḷisika|||1|0|0
1|EN|0|balsam|||1|0|0
1|EN|0|banded|||1|0|0
1|PI|0|bandhu|||1|0|0
1|EN|0|bannered|||1|0|0
1|EN|0|barbed|||1|0|0
1|EN|0|barrier|s||0|1|0
1|EN|0|batting|||1|0|0
1|EN|0|battlement|s||0|1|0
1|EN|0|beauties|||1|0|0
1|EN|0|bedspread|||1|0|0
1|EN|0|befall|||1|0|0
1|EN|0|befouled|||1|0|0
1|EN|0|befriend|||1|0|0
1|2E|0|befuddlement|||1|0|0
1|EN|0|behaving|||1|0|0
1|PI|1|belaṭṭhasīsa|||1|0|0
1|PI|1|belaṭṭhkāni|||1|0|0
1|EN|0|believed|||1|0|0
1|EN|0|bellowing|||1|0|0
1|EN|0|beneficially|||1|0|0
1|EN|0|berated|||1|0|0
1|EN|0|besiege|s||0|1|0
1|2E|0|besorbed|||1|0|0
1|EN|0|betray|s||0|1|0
1|EN|0|bewailing|||1|0|0
1|EN|0|bewitch|||1|0|0
1|PI|0|bhabba|||1|0|0
1|PI|1|bhaddā|||1|0|0
1|PI|1|bhāgikā|||1|0|0
1|PI|1|bhāgiya|||1|0|0
1|PI|0|bhalliya|||1|0|0
1|PI|1|bhañña|||1|0|0
1|PI|1|bhāra|||1|0|0
1|PI|0|bherava|||1|0|0
1|PI|0|bhikkhuhood|||1|0|0
1|PI|0|bhikkhun'upassaya|||1|0|0
1|PI|1|bhikkhunī|||1|0|0
1|PI|0|bhojana|||1|0|0
1|PI|1|bhūmika|||1|0|0
1|PI|1|bhūta|||1|0|0
1|PI|1|bhūtamidaṁ|||1|0|0
1|EN|0|bide|||1|0|0
1|EN|0|bier|||1|0|0
1|EN|0|bin|||1|0|0
1|EN|0|biped|||1|0|0
1|EN|0|biting|||1|0|0
1|EN|0|blacksmith||'s|0|0|1
1|2E|0|blamable|||1|0|0
1|EN|0|blanketed|||1|0|0
1|EN|0|bleeding|||1|0|0
1|EN|0|blemishes|||1|0|0
1|EN|0|blossoming|||1|0|0
1|EN|0|blurry|||1|0|0
1|EN|0|boar||'s|0|0|1
1|EN|0|boastful|||1|0|0
1|EN|0|bobbing|||1|0|0
1|PI|1|bodhirājakumāra|||1|0|0
1|2E|0|bodiless|||1|0|0
1|EN|0|boisterous|||1|0|0
1|PI|1|bojjhaṅga|||1|0|0
1|EN|0|bold|||1|0|0
1|EN|0|bothersome|||1|0|0
1|EN|0|bowlful|||1|0|0
1|EN|0|bowstring|||1|0|0
1|PI|1|brahmāli|||1|0|0
1|PI|1|brahmaṇa|||1|0|0
1|EN|0|braid|s||0|1|0
1|EN|0|bramble|||1|0|0
1|EN|0|brand|||1|0|0
1|EN|0|bred|||1|0|0
1|EN|0|breed|s||0|1|0
1|EN|0|brethren|||1|0|0
1|EN|0|brilliance|||1|0|0
1|EN|0|brilliantly|||1|0|0
1|EN|0|brocade|||1|0|0
1|EN|0|broom|||1|0|0
1|EN|0|broth|||1|0|0
1|EN|0|brothel|||1|0|0
1|EN|0|bud|s||0|1|0
1|2P|0|buddhahood|||1|0|0
1|EN|0|buddhist|||1|0|0
1|EN|0|bunch|||1|0|0
1|EN|0|buoyed|||1|0|0
1|EN|0|busies|||1|0|0
1|EN|0|buttock|s||0|1|0
1|PI|0|cakka|||1|0|0
1|PI|0|cakkavatti|||1|0|0
1|PI|1|cakkhupāla|||1|0|0
1|EN|0|calculate|||1|0|0
1|EN|0|calculated|||1|0|0
1|PI|1|cālikā|||1|0|0
1|PI|1|cālikan|s||0|1|0
1|EN|0|calmness|||1|0|0
1|EN|0|camellia|s||0|1|0
1|EN|0|canal|||1|0|0
1|PI|1|candā|||1|0|0
1|PI|1|caṇḍāla|||1|0|0
1|PI|0|candana|||1|0|0
1|PI|1|caṅkama|||1|0|0
1|EN|0|canon|||1|0|0
1|EN|0|canopied|||1|0|0
1|EN|0|canyon|s||0|1|0
1|PI|0|capala|||1|0|0
1|EN|0|caper|s||0|1|0
1|EN|0|carat|||1|0|0
1|EN|0|carcasses|||1|0|0
1|EN|0|cardinal|||1|0|0
1|EN|0|carding|||1|0|0
1|EN|0|cared|||1|0|0
1|EN|0|carelessness|||1|0|0
1|EN|0|carousing|||1|0|0
1|EN|0|cascade|||1|0|0
1|EN|0|cascading|||1|0|0
1|EN|0|cassia|||1|0|0
1|EN|0|catarrh|||1|0|0
1|EN|0|catechism|s||0|1|0
1|PI|1|cattārīsaka|||1|0|0
1|PI|0|catuddisa|||1|0|0
1|PI|1|cātuma|||1|0|0
1|2E|0|caul|||1|0|0
1|EN|0|cautioning|||1|0|0
1|EN|0|cautious|||1|0|0
1|EN|0|ceaselessly|||1|0|0
1|PI|0|chachakka|||1|0|0
1|PI|1|chalāvāta|||1|0|0
1|EN|0|chalk|||1|0|0
1|EN|0|chamois|||1|0|0
1|EN|0|chaplain||'s|0|0|1
1|PI|1|chappāṇa|||1|0|0
1|EN|0|chastity|||1|0|0
1|EN|0|chattering|||1|0|0
1|EN|0|checked|||1|0|0
1|EN|0|cheering|||1|0|0
1|PI|1|chetvā|||1|0|0
1|EN|0|chieftain|||1|0|0
1|PI|1|chiggaḷa|||1|0|0
1|EN|0|childish|||1|0|0
1|EN|0|chin|||1|0|0
1|EN|0|choked|||1|0|0
1|EN|0|cholera|||1|0|0
1|EN|0|chopped|||1|0|0
1|EN|0|circumspect|||1|0|0
1|PI|0|citra|||1|0|0
1|PI|0|cittaka|||1|0|0
1|PI|0|cittasena|||1|0|0
1|PI|1|cīvara|||1|0|0
1|EN|0|clamor|||1|0|0
1|EN|0|clap|||1|0|0
1|EN|0|clarifies|||1|0|0
1|EN|0|clasping|||1|0|0
1|EN|0|classify|||1|0|0
1|EN|0|cleaning|||1|0|0
1|EN|0|clearer|||1|0|0
1|EN|0|clever|||1|0|0
1|EN|0|climax|||1|0|0
1|EN|0|clinking|||1|0|0
1|EN|0|cloy|s||0|1|0
1|EN|0|coated|||1|0|0
1|PI|1|codanā|||1|0|0
1|EN|0|codified|||1|0|0
1|EN|0|cognition|||1|0|0
1|EN|0|cognizant|||1|0|0
1|EN|0|coiffure|||1|0|0
1|EN|0|combining|||1|0|0
1|EN|0|comm|||1|0|0
1|EN|0|commanded|||1|0|0
1|EN|0|commend|s||0|1|0
1|EN|0|commerce|||1|0|0
1|EN|0|commonly|||1|0|0
1|EN|0|commonplace|||1|0|0
1|EN|0|companies|||1|0|0
1|EN|0|comparable|||1|0|0
1|EN|0|compelled|||1|0|0
1|EN|0|compellingly|||1|0|0
1|EN|0|competing|||1|0|0
1|EN|0|competition|||1|0|0
1|EN|0|competitiveness|||1|0|0
1|EN|0|compose|||1|0|0
1|EN|0|composite|||1|0|0
1|EN|0|composition|||1|0|0
1|EN|0|compulsion|||1|0|0
1|EN|0|conceal|||1|0|0
1|EN|0|conceived|||1|0|0
1|EN|0|conceiving|||1|0|0
1|EN|0|concept|||1|0|0
1|EN|0|concordant|||1|0|0
1|EN|0|confinement|s||0|1|0
1|EN|0|confuse|||1|0|0
1|EN|0|congeniality|||1|0|0
1|EN|0|conjecturing|||1|0|0
1|EN|0|consecration|||1|0|0
1|EN|0|consecutive|||1|0|0
1|EN|0|constancy|||1|0|0
1|EN|0|constitution|||1|0|0
1|EN|0|constructed|||1|0|0
1|EN|0|contamination|||1|0|0
1|EN|0|contemplated|||1|0|0
1|EN|0|contentedness|||1|0|0
1|EN|0|contentious|||1|0|0
1|EN|0|contracting|||1|0|0
1|EN|0|contritely|||1|0|0
1|EN|0|controversy|||1|0|0
1|EN|0|conventional|||1|0|0
1|EN|0|copulating|||1|0|0
1|EN|0|cornered|||1|0|0
1|EN|0|cornflower|||1|0|0
1|EN|0|costly|||1|0|0
1|EN|0|countered|||1|0|0
1|EN|0|counterfeiter|s||0|1|0
1|EN|0|coveted|||1|0|0
1|EN|0|cowardice|||1|0|0
1|EN|0|cracking|||1|0|0
1|EN|0|crafted|||1|0|0
1|EN|0|crane|s||0|1|0
1|EN|0|crashing|||1|0|0
1|EN|0|credible|||1|0|0
1|EN|0|creep|s||0|1|0
1|EN|0|cremated|||1|0|0
1|EN|0|cremating|||1|0|0
1|EN|0|cremation|||1|0|0
1|EN|0|crevice|s||0|1|0
1|EN|0|criterion|||1|0|0
1|PI|0|crores|||1|0|0
1|EN|0|crossbow|||1|0|0
1|EN|0|crude|||1|0|0
1|EN|0|cuckoo|||1|0|0
1|PI|1|cūḷagosiṅgasāla|||1|0|0
1|PI|1|cūḷasīhanāda|||1|0|0
1|EN|0|cultured|||1|0|0
1|EN|0|cunning|||1|0|0
1|EN|0|cupped|||1|0|0
1|EN|0|cupping|||1|0|0
1|EN|0|curb|||1|0|0
1|EN|0|curtain|||1|0|0
1|PI|0|dahara|||1|0|0
1|EN|0|daily|||1|0|0
1|EN|0|dairy|||1|0|0
1|PI|1|dakkhiṇāgiri|||1|0|0
1|PI|1|daḷidda|||1|0|0
1|EN|0|damp|||1|0|0
1|PI|1|dānaveghasa|||1|0|0
1|EN|0|dancer||'s|0|0|1
1|EN|0|dangle|||1|0|0
1|PI|1|dantabhūmi|||1|0|0
1|PI|1|dantikā|||1|0|0
1|EN|0|dare|||1|0|0
1|PI|0|dasuttara|||1|0|0
1|PI|1|daṭṭhabbaṁ|||1|0|0
1|EN|0|daub|||1|0|0
1|EN|0|dawned|||1|0|0
1|EN|0|debtor|||1|0|0
1|EN|0|deceased|||1|0|0
1|EN|0|decelerating|||1|0|0
1|EN|0|decide|||1|0|0
1|EN|0|decked|||1|0|0
1|EN|0|dedicating|||1|0|0
1|EN|0|defecate|||1|0|0
1|EN|0|defended|||1|0|0
1|EN|0|deferring|||1|0|0
1|EN|0|deficient|||1|0|0
1|EN|0|defining|||1|0|0
1|EN|0|degenerate|||1|0|0
1|EN|0|degenerating|||1|0|0
1|EN|0|degrading|||1|0|0
1|EN|0|dehydrated|||1|0|0
1|EN|0|deity|||1|0|0
1|2E|0|delectability|||1|0|0
1|EN|0|delectable|||1|0|0
1|EN|0|deliberately|||1|0|0
1|EN|0|deliberating|||1|0|0
1|2E|0|delusory|||1|0|0
1|EN|0|demand|s||0|1|0
1|EN|0|demeanor|||1|0|0
1|EN|0|demented|||1|0|0
1|EN|0|demolished|||1|0|0
1|EN|0|demolishing|||1|0|0
1|EN|0|demonstrate|||1|0|0
1|EN|0|den|||1|0|0
1|EN|0|deny|||1|0|0
1|EN|0|depositories|||1|0|0
1|EN|0|depraved|||1|0|0
1|EN|0|depravity|||1|0|0
1|EN|0|deprecation|||1|0|0
1|EN|0|depressed|||1|0|0
1|EN|0|deranging|||1|0|0
1|PI|1|desanā|||1|0|0
1|EN|0|deservedly|||1|0|0
1|EN|0|desiccated|||1|0|0
1|EN|0|desist|||1|0|0
1|EN|0|desisted|||1|0|0
1|EN|0|despising|||1|0|0
1|EN|0|despite|||1|0|0
1|EN|0|despondent|||1|0|0
1|EN|0|detaches|||1|0|0
1|EN|0|detecting|||1|0|0
1|EN|0|detest|s||0|1|0
1|PI|1|devadūta|||1|0|0
1|PI|0|devasabha|||1|0|0
1|EN|0|devastation|||1|0|0
1|EN|0|devil|||1|0|0
1|EN|0|deviousness|||1|0|0
1|EN|0|devising|||1|0|0
1|EN|0|devolved|||1|0|0
1|EN|0|dew|||1|0|0
1|PI|0|dhajagga|||1|0|0
1|PI|1|dhammā|||1|0|0
1|PI|0|dhammacakkappavattana|||1|0|0
1|PI|1|dhammaññū|||1|0|0
1|PI|1|dhammapāla|||1|0|0
1|PI|1|dhammasamādāna|||1|0|0
1|PI|0|dhammassavana|||1|0|0
1|PI|1|dhammavādin|||1|0|0
1|PI|0|dhana|||1|0|0
1|PI|0|dhanapalaka|||1|0|0
1|PI|0|dhanuggaha|||1|0|0
1|EN|0|diabetes|||1|0|0
1|EN|0|diamond|||1|0|0
1|EN|0|diaper|||1|0|0
1|EN|0|digging|||1|0|0
1|PI|1|dīghanakha|||1|0|0
1|EN|0|dignity|||1|0|0
1|EN|0|dilemma|||1|0|0
1|EN|0|diligently|||1|0|0
1|EN|0|diminish|||1|0|0
1|EN|0|diminishes|||1|0|0
1|PI|1|dīpa|||1|0|0
1|EN|0|disappearing|||1|0|0
1|EN|0|disapproving|||1|0|0
1|EN|0|disarmed|||1|0|0
1|2E|0|discernibility|||1|0|0
1|EN|0|disciplehood|||1|0|0
1|2E|0|discipliner|||1|0|0
1|EN|0|discordantly|||1|0|0
1|EN|0|discoverer|||1|0|0
1|EN|0|discursive|||1|0|0
1|EN|0|disdainful|||1|0|0
1|EN|0|disgorging|||1|0|0
1|EN|0|disguised|||1|0|0
1|EN|0|disheartened|||1|0|0
1|EN|0|dishonor|||1|0|0
1|EN|0|dismantled|||1|0|0
1|EN|0|dismantling|||1|0|0
1|EN|0|dismayed|||1|0|0
1|EN|0|dispatched|||1|0|0
1|EN|0|disregarded|||1|0|0
1|EN|0|disregarding|||1|0|0
1|EN|0|disrepute|||1|0|0
1|EN|0|dissecting|||1|0|0
1|EN|0|dissembling|||1|0|0
1|EN|0|dissension|||1|0|0
1|EN|0|dissolved|||1|0|0
1|EN|0|dissonance|||1|0|0
1|EN|0|distastefulness|||1|0|0
1|2E|0|distractive|||1|0|0
1|EN|0|distressing|||1|0|0
1|EN|0|distrustful|||1|0|0
1|PI|1|diṭṭhiṭṭhāna|||1|0|0
1|EN|0|dogged|||1|0|0
1|EN|0|dogmatic|||1|0|0
1|PI|1|doṇapāka|||1|0|0
1|EN|0|donated|||1|0|0
1|EN|0|donned|||1|0|0
1|2E|0|doorposts|||1|0|0
1|EN|0|dreadful|||1|0|0
1|EN|0|dreamer|||1|0|0
1|EN|0|dreaming|||1|0|0
1|EN|0|dripping|||1|0|0
1|EN|0|drizzle|||1|0|0
1|PI|0|dubbalya|||1|0|0
1|PI|1|dubbaṇṇiya|||1|0|0
1|PI|0|duggandha|||1|0|0
1|PI|0|duggata|||1|0|0
1|PI|1|dullabhā|||1|0|0
1|EN|0|dutiful|||1|0|0
1|PI|0|dutiya|||1|0|0
1|PI|0|duttappaya|||1|0|0
1|PI|1|dvattiṁsākāra|||1|0|0
1|PI|0|dvaya|||1|0|0
1|PI|1|dvedhāvitakka|||1|0|0
1|PI|0|dvidhapatha|||1|0|0
1|EN|0|dysentery|||1|0|0
1|EN|0|earlobe|s||0|1|0
1|EN|0|earthly|||1|0|0
1|EN|0|echoing|||1|0|0
1|EN|0|ecstatic|||1|0|0
1|EN|0|effortless|||1|0|0
1|EN|0|eggshell|||1|0|0
1|2E|0|eigthfold|||1|0|0
1|PI|0|ek'agga|||1|0|0
1|PI|1|ekaṁsena|||1|0|0
1|PI|1|ekanāḷā|||1|0|0
1|PI|0|ekaputta|||1|0|0
1|PI|1|ekavihāriya|||1|0|0
1|PI|1|ekudāniya|||1|0|0
1|EN|0|elaboration|||1|0|0
1|EN|0|elevated|||1|0|0
1|EN|0|eliminate|||1|0|0
1|EN|0|elongated|||1|0|0
1|EN|0|embarked|||1|0|0
1|EN|0|embellish|||1|0|0
1|2E|0|embric|||1|0|0
1|EN|0|empathy|||1|0|0
1|EN|0|employ|||1|0|0
1|EN|0|employee|s||0|1|0
1|EN|0|encompass|||1|0|0
1|EN|0|encouragement|||1|0|0
1|EN|0|encroach|||1|0|0
1|EN|0|encroaching|||1|0|0
1|EN|0|endearingly|||1|0|0
1|EN|0|endorsed|||1|0|0
1|EN|0|enjoined|||1|0|0
1|EN|0|enjoyer|||1|0|0
1|EN|0|entice|s||0|1|0
1|EN|0|entitled|||1|0|0
1|EN|0|entourage|||1|0|0
1|EN|0|entreat|||1|0|0
1|EN|0|entwined|||1|0|0
1|EN|0|envisioned|||1|0|0
1|2E|0|enwrapped|||1|0|0
1|EN|0|epilepsy|||1|0|0
1|EN|0|epilogue|||1|0|0
1|EN|0|equate|||1|0|0
1|PI|1|erāvaṇa|||1|0|0
1|PI|1|erāvaṇṇa|||1|0|0
1|EN|0|erected|||1|0|0
1|EN|0|erudition|||1|0|0
1|EN|0|establishment|||1|0|0
1|EN|0|estranged|||1|0|0
1|EN|0|evaporate|s||0|1|0
1|EN|0|evenly|||1|0|0
1|EN|0|everyone|||1|0|0
1|EN|0|evildoer|s||0|1|0
1|EN|0|evolve|s||0|1|0
1|EN|0|evolved|||1|0|0
1|EN|0|exact|||1|0|0
1|EN|0|exceedingly|||1|0|0
1|EN|0|exceptionally|||1|0|0
1|EN|0|excitable|||1|0|0
1|2E|0|excogitations|||1|0|0
1|EN|0|expanding|||1|0|0
1|EN|0|expectantly|||1|0|0
1|EN|0|expelling|||1|0|0
1|EN|0|expose|||1|0|0
1|EN|0|expounding|||1|0|0
1|EN|0|exquisitely|||1|0|0
1|EN|0|extemporaneous|||1|0|0
1|EN|0|exterior|||1|0|0
1|EN|0|extinguish|||1|0|0
1|EN|0|extolling|||1|0|0
1|EN|0|extraction|||1|0|0
1|EN|0|exude|||1|0|0
1|EN|0|eyed|||1|0|0
1|EN|0|facade|||1|0|0
1|EN|0|faced|||1|0|0
1|2E|0|factious|||1|0|0
1|EN|0|failed|||1|0|0
1|EN|0|fainting|||1|0|0
1|EN|0|faltered|||1|0|0
1|EN|0|famed|||1|0|0
1|EN|0|fang|||1|0|0
1|EN|0|farewell|||1|0|0
1|EN|0|farther|||1|0|0
1|EN|0|fashion|s||0|1|0
1|EN|0|fathoming|||1|0|0
1|EN|0|fatten|||1|0|0
1|EN|0|faultlessly|||1|0|0
1|EN|0|favoring|||1|0|0
1|EN|0|fawn|||1|0|0
1|EN|0|fazed|||1|0|0
1|EN|0|feasible|||1|0|0
1|EN|0|fertility|||1|0|0
1|EN|0|feudal|||1|0|0
1|EN|0|fidelity|||1|0|0
1|EN|0|fidget|||1|0|0
1|EN|0|fieriness|||1|0|0
1|EN|0|fifteen|||1|0|0
1|EN|0|filament|||1|0|0
1|EN|0|filth|||1|0|0
1|2E|0|fingerbreadths|||1|0|0
1|EN|0|finishing|||1|0|0
1|2E|0|fistulas|||1|0|0
1|EN|0|fixity|||1|0|0
1|EN|0|flank|||1|0|0
1|EN|0|flap|s||0|1|0
1|EN|0|flapping|||1|0|0
1|EN|0|flaring|||1|0|0
1|EN|0|flash|||1|0|0
1|EN|0|flattened|||1|0|0
1|EN|0|flattering|||1|0|0
1|EN|0|fleshes|||1|0|0
1|EN|0|flexes|||1|0|0
1|EN|0|flip|s||0|1|0
1|EN|0|flitting|||1|0|0
1|EN|0|flourished|||1|0|0
1|EN|0|flourishing|||1|0|0
1|EN|0|flouting|||1|0|0
1|EN|0|fluctuate|||1|0|0
1|EN|0|fluent|||1|0|0
1|EN|0|fluff|||1|0|0
1|EN|0|flustered|||1|0|0
1|EN|0|foothill|s||0|1|0
1|EN|0|forcing|||1|0|0
1|EN|0|forecast|||1|0|0
1|EN|0|foreseeing|||1|0|0
1|EN|0|forested|||1|0|0
1|EN|0|forget|s||0|1|0
1|EN|0|forgivenes|s||0|1|0
1|EN|0|forked|||1|0|0
1|EN|0|formal|||1|0|0
1|EN|0|fortified|||1|0|0
1|EN|0|fortify|||1|0|0
1|EN|0|fragrantly|||1|0|0
1|EN|0|frail|||1|0|0
1|EN|0|frame|||1|0|0
1|EN|0|fraudulence|||1|0|0
1|EN|0|freshly|||1|0|0
1|EN|0|fret|||1|0|0
1|EN|0|frog|s||0|1|0
1|EN|0|fun|||1|0|0
1|EN|0|fur|||1|0|0
1|EN|0|furnished|||1|0|0
1|PI|0|gabbhinin|||1|0|0
1|EN|0|gable|s||0|1|0
1|PI|0|gadrabha|||1|0|0
1|PI|1|gahuratīriya|||1|0|0
1|PI|1|gaṇḍa|||1|0|0
1|PI|1|gandhāran|s||0|1|0
1|PI|1|gandhārapura|||1|0|0
1|PI|1|gandhāri|||1|0|0
1|PI|1|gangā|||1|0|0
1|PI|1|gaṇika|||1|0|0
1|PI|1|gārava|||1|0|0
1|PI|0|garu|||1|0|0
1|PI|1|garuḍa|s||0|1|0
1|EN|0|gated|||1|0|0
1|EN|0|gatherer|||1|0|0
1|PI|1|gāvī|||1|0|0
1|EN|0|gazing|||1|0|0
1|PI|1|gelañña|||1|0|0
1|PI|1|ghaṭa|||1|0|0
1|PI|0|ghosa|||1|0|0
1|EN|0|giggle|s||0|1|0
1|EN|0|giggled|||1|0|0
1|PI|0|gihi|||1|0|0
1|PI|1|gilāyana|||1|0|0
1|EN|0|glade|||1|0|0
1|EN|0|glance|||1|0|0
1|EN|0|glancing|||1|0|0
1|EN|0|glimpse|||1|0|0
1|EN|0|gloat|||1|0|0
1|EN|0|glories|||1|0|0
1|EN|0|gluttonous|||1|0|0
1|EN|0|gluttony|||1|0|0
1|EN|0|gnawing|||1|0|0
1|PI|1|godhāvarī|||1|0|0
1|PI|0|gomaya|||1|0|0
1|PI|1|gonaddhā|||1|0|0
1|EN|0|goodness|||1|0|0
1|EN|0|goose|||1|0|0
1|PI|0|gopaka|||1|0|0
1|PI|1|gopāla|||1|0|0
1|PI|1|gopālaka|||1|0|0
1|EN|0|gorgeous|||1|0|0
1|EN|0|gouge|||1|0|0
1|EN|0|gouged|||1|0|0
1|EN|0|government|||1|0|0
1|EN|0|grammarian|s||0|1|0
1|EN|0|granted|||1|0|0
1|EN|0|granting|||1|0|0
1|EN|0|grape|||1|0|0
1|EN|0|grave|||1|0|0
1|EN|0|grazing|||1|0|0
1|EN|0|grease|s||0|1|0
1|EN|0|greatest|||1|0|0
1|EN|0|greediness|||1|0|0
1|EN|0|greedless|||1|0|0
1|EN|0|grievance|s||0|1|0
1|EN|0|grippe|||1|0|0
1|EN|0|gripped|||1|0|0
1|EN|0|groin|||1|0|0
1|EN|0|grooming|||1|0|0
1|EN|0|grotto|||1|0|0
1|EN|0|groundless|||1|0|0
1|EN|0|groundlessly|||1|0|0
1|EN|0|grower|||1|0|0
1|EN|0|gruel|||1|0|0
1|EN|0|grumbled|||1|0|0
1|PI|1|gundā|||1|0|0
1|EN|0|gushed|||1|0|0
1|EN|0|haggling|||1|0|0
1|EN|0|halfway|||1|0|0
1|EN|0|halter|s||0|1|0
1|EN|0|hamper|||1|0|0
1|EN|0|hanging|||1|0|0
1|PI|1|hāragaja|s||0|1|0
1|EN|0|harassment|||1|0|0
1|EN|0|hardened|||1|0|0
1|EN|0|hare|s||0|1|0
1|EN|0|harmed|||1|0|0
1|EN|0|harmless|||1|0|0
1|EN|0|harmonize|s||0|1|0
1|EN|0|harvested|||1|0|0
1|EN|0|hastily|||1|0|0
1|EN|0|hasty|||1|0|0
1|PI|1|haṭaka|||1|0|0
1|PI|0|hatthi|||1|0|0
1|EN|0|hauled|||1|0|0
1|EN|0|headfirst|||1|0|0
1|EN|0|headlong|||1|0|0
1|2E|0|headmen|||1|0|0
1|EN|0|heal|||1|0|0
1|EN|0|healer|||1|0|0
1|EN|0|hearer|||1|0|0
1|2E|0|heartedness|||1|0|0
1|EN|0|heating|||1|0|0
1|EN|0|hemorrhoid|s||0|1|0
1|PI|1|heraññakāni|||1|0|0
1|EN|0|herding|||1|0|0
1|EN|0|hereby|||1|0|0
1|EN|0|heroic|||1|0|0
1|EN|0|hilltop|s||0|1|0
1|PI|1|himālaya|s||0|1|0
1|2E|0|himalayan|||1|0|0
1|PI|0|himavanta|||1|0|0
1|EN|0|hindering|||1|0|0
1|EN|0|hire|||1|0|0
1|EN|0|hireling|||1|0|0
1|PI|0|hiri|||1|0|0
1|PI|1|hirimā|||1|0|0
1|EN|0|hisses|||1|0|0
1|PI|0|hita|||1|0|0
1|EN|0|hoe|||1|0|0
1|EN|0|hoisted|||1|0|0
1|EN|0|hoodwinked|||1|0|0
1|EN|0|hooligan|s||0|1|0
1|EN|0|hoped|||1|0|0
1|EN|0|horrendous|||1|0|0
1|EN|0|horrific|||1|0|0
1|EN|0|horseman|||1|0|0
1|EN|0|horsemen|||1|0|0
1|2E|0|horsetrainer|||1|0|0
1|EN|0|hospitable|||1|0|0
1|EN|0|hovered|||1|0|0
1|EN|0|hovering|||1|0|0
1|PI|1|huhuṅka|||1|0|0
1|EN|0|hullabaloo|||1|0|0
1|EN|0|humbly|||1|0|0
1|EN|0|hungering|||1|0|0
1|EN|0|hungerless|||1|0|0
1|EN|0|hunt|||1|0|0
1|EN|0|hunting|||1|0|0
1|EN|0|hurtfully|||1|0|0
1|PI|1|icchānaṅgalaka|||1|0|0
1|PI|1|iddhipāda|||1|0|0
1|EN|0|ideal|||1|0|0
1|EN|0|idiocy|||1|0|0
1|EN|0|idly|||1|0|0
1|EN|0|ignoring|||1|0|0
1|EN|0|illuminating|||1|0|0
1|EN|0|illusory|||1|0|0
1|EN|0|illustrate|||1|0|0
1|EN|0|imbibed|||1|0|0
1|EN|0|immeasurably|||1|0|0
1|EN|0|immoderate|||1|0|0
1|EN|0|immoral|||1|0|0
1|EN|0|immortal|||1|0|0
1|EN|0|impartial|||1|0|0
1|EN|0|impartially|||1|0|0
1|EN|0|impeded|||1|0|0
1|EN|0|impel|||1|0|0
1|EN|0|impelled|||1|0|0
1|EN|0|impingement|||1|0|0
1|EN|0|important|||1|0|0
1|EN|0|impulse|||1|0|0
1|EN|0|impulsiveness|||1|0|0
1|EN|0|impurely|||1|0|0
1|PI|1|iṇa|||1|0|0
1|EN|0|inaccurate|||1|0|0
1|EN|0|incandescent|||1|0|0
1|EN|0|incapacitated|||1|0|0
1|EN|0|incense|||1|0|0
1|2E|0|incertitude|||1|0|0
1|EN|0|inch|||1|0|0
1|EN|0|incident|||1|0|0
1|EN|0|increased|||1|0|0
1|EN|0|incurring|||1|0|0
1|PI|0|inda|||1|0|0
1|EN|0|indignation|||1|0|0
1|EN|0|individually|||1|0|0
1|EN|0|infant|||1|0|0
1|EN|0|infertile|||1|0|0
1|EN|0|infirm|||1|0|0
1|EN|0|inflame|s||0|1|0
1|EN|0|inflamed|||1|0|0
1|EN|0|influenced|||1|0|0
1|EN|0|informer|s||0|1|0
1|EN|0|ingenuity|||1|0|0
1|EN|0|inhabit|s||0|1|0
1|EN|0|inheritance|||1|0|0
1|EN|0|injudicious|||1|0|0
1|EN|0|innermost|||1|0|0
1|EN|0|innumerable|||1|0|0
1|EN|0|insanity|||1|0|0
1|EN|0|inserted|||1|0|0
1|EN|0|insistence|||1|0|0
1|EN|0|insulter|||1|0|0
1|2E|0|intellection|||1|0|0
1|EN|0|intending|||1|0|0
1|EN|0|interior|||1|0|0
1|EN|0|interpret|||1|0|0
1|EN|0|interrupting|||1|0|0
1|EN|0|intertwined|||1|0|0
1|EN|0|intonation|||1|0|0
1|EN|0|introduction|||1|0|0
1|EN|0|invading|||1|0|0
1|EN|0|invariably|||1|0|0
1|EN|0|irregular|||1|0|0
1|EN|0|irreproachable|||1|0|0
1|PI|0|issattha|||1|0|0
1|EN|0|itchiness|||1|0|0
1|PI|1|iṭṭha|||1|0|0
1|PI|1|iṭṭhā|||1|0|0
1|EN|0|jacket|||1|0|0
1|PI|1|jambālī|||1|0|0
1|PI|1|jambū|||1|0|0
1|PI|1|jānusoṇin|||1|0|0
1|EN|0|jaundice|||1|0|0
1|PI|0|jaya|||1|0|0
1|EN|0|jealous|||1|0|0
1|EN|0|jealousy|||1|0|0
1|EN|0|jeweled|||1|0|0
1|PI|1|jiṇṇa|||1|0|0
1|EN|0|join|||1|0|0
1|EN|0|joke|s||0|1|0
1|PI|1|jotināma|s||0|1|0
1|EN|0|journeying|||1|0|0
1|EN|0|jubilant|||1|0|0
1|EN|0|judged|||1|0|0
1|EN|0|juice|||1|0|0
1|PI|1|juñha|||1|0|0
1|EN|0|justice|||1|0|0
1|PI|1|kaccānagotta|||1|0|0
1|PI|0|kaddama|||1|0|0
1|PI|1|kahapaṇa|||1|0|0
1|PI|1|kahāpana|s||0|1|0
1|PI|1|kajjaṅgala|s||0|1|0
1|PI|1|kakacūpama|||1|0|0
1|PI|0|kakkarapatta|||1|0|0
1|PI|1|kālā|||1|0|0
1|PI|1|kāladāna|||1|0|0
1|PI|1|kālakañja|s||0|1|0
1|PI|1|kāligodhāyaputta|||1|0|0
1|PI|1|kaliṅgara|||1|0|0
1|PI|1|kāludāyin|||1|0|0
1|PI|1|kalyāṇa|||1|0|0
1|PI|1|kāmaguṇa|||1|0|0
1|PI|0|kambalas|||1|0|0
1|PI|0|kamboja|||1|0|0
1|PI|0|kambojans|||1|0|0
1|PI|1|kammāraputta|||1|0|0
1|PI|1|kammāvaraṇatā|||1|0|0
1|PI|1|kaṁsaḷakā|||1|0|0
1|PI|1|kaṇhadinna|||1|0|0
1|PI|1|kaṅkhā|||1|0|0
1|PI|1|kaṇṭhaka|||1|0|0
1|PI|1|kappayāna|||1|0|0
1|PI|0|kappiya|||1|0|0
1|PI|1|kāraṁvī|||1|0|0
1|PI|1|karaṇīya|||1|0|0
1|PI|1|kasiṇa|||1|0|0
1|PI|0|kassaka|||1|0|0
1|PI|0|kassapaka||'s|0|0|1
1|PI|1|kataññu|||1|0|0
1|PI|1|kathā|||1|0|0
1|PI|1|kaṭṭhahāraka|||1|0|0
1|PI|1|kaṭṭhaka|s||0|1|0
1|PI|1|kaṭuviya|||1|0|0
1|PI|1|kāyagatā|||1|0|0
1|PI|1|kāyasakkhī|||1|0|0
1|PI|0|kesi|||1|0|0
1|EN|0|key|||1|0|0
1|PI|0|khadira|||1|0|0
1|PI|1|khajjanīya|||1|0|0
1|PI|1|khaḷuṅka|||1|0|0
1|PI|1|khaṇa|||1|0|0
1|PI|0|khaya|||1|0|0
1|PI|0|khemiyas|||1|0|0
1|PI|1|khīrarukkha|||1|0|0
1|EN|0|kicking|||1|0|0
1|EN|0|kiln|||1|0|0
1|PI|0|kimattha|||1|0|0
1|PI|0|kimatthiya|||1|0|0
1|PI|1|kiṁsuka|||1|0|0
1|PI|0|kindada|||1|0|0
1|EN|0|kindled|||1|0|0
1|EN|0|kingly|||1|0|0
1|PI|1|kinnughaṇḍu|||1|0|0
1|PI|0|kino|||1|0|0
1|EN|0|kinship|||1|0|0
1|PI|0|kisa|||1|0|0
1|EN|0|kneeler|||1|0|0
1|PI|0|kodhana|||1|0|0
1|PI|1|koḷivisa|||1|0|0
1|PI|1|kosambiyā|||1|0|0
1|PI|0|kosita||'s|0|0|1
1|PI|0|kovilara|||1|0|0
1|PI|1|kukkaṭa|||1|0|0
1|PI|1|kumbaṇḍa|s||0|1|0
1|PI|1|kuṇḍiṭṭhāna|||1|0|0
1|PI|1|kuṇḍiya|||1|0|0
1|PI|0|kusal'akusala|||1|0|0
1|PI|0|kusala|||1|0|0
1|PI|1|kusīta|||1|0|0
1|PI|0|kuta|||1|0|0
1|PI|1|kuṭeṇḍu|||1|0|0
1|PI|1|kuṭṭhi|||1|0|0
1|PI|1|kutūhalasālā|||1|0|0
1|EN|0|labeling|||1|0|0
1|PI|1|laḍukikopama|||1|0|0
1|PI|0|lahu|||1|0|0
1|EN|0|lain|||1|0|0
1|EN|0|laity|||1|0|0
1|PI|1|lakkhaṇa|||1|0|0
1|PI|1|lakuṇṭha|||1|0|0
1|PI|1|lāma|||1|0|0
1|PI|0|lambitakas|||1|0|0
1|EN|0|lamented|||1|0|0
1|EN|0|landscape|s||0|1|0
1|2E|0|langur|||1|0|0
1|EN|0|largest|||1|0|0
1|EN|0|latch|||1|0|0
1|EN|0|latched|||1|0|0
1|EN|0|lattice|||1|0|0
1|EN|0|lauded|||1|0|0
1|EN|0|laughed|||1|0|0
1|EN|0|lawful|||1|0|0
1|EN|0|layered|||1|0|0
1|EN|0|laywoman|||1|0|0
1|PI|0|lekha|||1|0|0
1|EN|0|lender|||1|0|0
1|EN|0|lengthening|||1|0|0
1|EN|0|lent|||1|0|0
1|EN|0|levied|||1|0|0
1|EN|0|liberate|s||0|1|0
1|EN|0|liberated|||1|0|0
1|EN|0|licked|||1|0|0
1|EN|0|liquidity|||1|0|0
1|EN|0|lit|||1|0|0
1|EN|0|loathe|s||0|1|0
1|EN|0|local|||1|0|0
1|EN|0|locking|||1|0|0
1|PI|1|lokapāla|||1|0|0
1|PI|0|lokavipatti|||1|0|0
1|PI|1|lokāyatika|||1|0|0
1|EN|0|lolling|||1|0|0
1|PI|1|loṇaphala|||1|0|0
1|EN|0|lonely|||1|0|0
1|EN|0|longingly|||1|0|0
1|2E|0|longshin|||1|0|0
1|EN|0|loom|||1|0|0
1|EN|0|loosely|||1|0|0
1|EN|0|loosening|||1|0|0
1|EN|0|lotion|s||0|1|0
1|EN|0|lout|||1|0|0
1|EN|0|lovable|||1|0|0
1|EN|0|loveable|||1|0|0
1|EN|0|lovingly|||1|0|0
1|EN|0|lowland|s||0|1|0
1|EN|0|lowliest|||1|0|0
1|PI|0|lumbini|||1|0|0
1|EN|0|luxuries|||1|0|0
1|PI|0|macchariya|||1|0|0
1|PI|0|macchas|||1|0|0
1|EN|0|machine|||1|0|0
1|EN|0|maddened|||1|0|0
1|EN|0|maddening|||1|0|0
1|PI|1|madhupiṇḍika|||1|0|0
1|PI|0|madhura|||1|0|0
1|EN|0|madwoman|||1|0|0
1|PI|1|māgadhan|s||0|1|0
1|PI|0|magga|||1|0|0
1|PI|1|mahākaccāna|||1|0|0
1|PI|1|mahākāla|||1|0|0
1|PI|1|mahānāga|||1|0|0
1|PI|1|mahārukkha|||1|0|0
1|PI|1|mahāsakuludāyi|||1|0|0
1|PI|1|mahāsāla|||1|0|0
1|PI|1|mahāsīhanāda|||1|0|0
1|PI|1|māhissatī|||1|0|0
1|PI|0|majjha|||1|0|0
1|EN|0|majority|||1|0|0
1|PI|1|makkaṭa|||1|0|0
1|PI|0|mala|||1|0|0
1|PI|1|māla|||1|0|0
1|EN|0|malevolence|||1|0|0
1|EN|0|malfunction|||1|0|0
1|PI|0|malla|||1|0|0
1|PI|1|manakāma|||1|0|0
1|PI|1|manasikāra|||1|0|0
1|PI|1|māṇava|||1|0|0
1|EN|0|mane|||1|0|0
1|PI|1|maṅgala|||1|0|0
1|EN|0|manifestation|||1|0|0
1|EN|0|manifesting|||1|0|0
1|PI|1|maṇikā|||1|0|0
1|EN|0|manufacturer|||1|0|0
1|EN|0|manure|||1|0|0
1|PI|1|māradhītu|||1|0|0
1|PI|1|mārapāsa|||1|0|0
1|EN|0|marriageable|||1|0|0
1|EN|0|mast|s||0|1|0
1|PI|0|mataja|||1|0|0
1|PI|1|mātali|||1|0|0
1|PI|1|mataṅga|||1|0|0
1|PI|1|mātaṅgaputta|||1|0|0
1|EN|0|matches|||1|0|0
1|EN|0|matchless|||1|0|0
1|EN|0|mating|||1|0|0
1|PI|1|mātu|||1|0|0
1|EN|0|maturing|||1|0|0
1|EN|0|maxim|||1|0|0
1|EN|0|mealtime|||1|0|0
1|EN|0|meanest|||1|0|0
1|EN|0|meanness|||1|0|0
1|EN|0|meek|||1|0|0
1|EN|0|melodious|||1|0|0
1|EN|0|melon|||1|0|0
1|EN|0|melting|||1|0|0
1|EN|0|memorize|||1|0|0
1|EN|0|memorizing|||1|0|0
1|EN|0|menial|||1|0|0
1|EN|0|menstruation|||1|0|0
1|EN|0|mention|||1|0|0
1|EN|0|merciless|||1|0|0
1|PI|0|meru||'s|0|0|1
1|EN|0|meshed|||1|0|0
1|PI|0|methuna|||1|0|0
1|EN|0|meticulous|||1|0|0
1|PI|0|micchatta|||1|0|0
1|EN|0|midnight|||1|0|0
1|EN|0|midstream|||1|0|0
1|PI|1|migāsālāya|||1|0|0
1|EN|0|milky|||1|0|0
1|EN|0|millionaire||'s|0|0|1
1|EN|0|minion|s||0|1|0
1|EN|0|minuteness|||1|0|0
1|EN|0|mire|||1|0|0
1|EN|0|mired|||1|0|0
1|EN|0|mis|s||0|1|0
1|EN|0|misbehaving|||1|0|0
1|EN|0|miscellany|||1|0|0
1|EN|0|misdirected|||1|0|0
1|EN|0|misfired|||1|0|0
1|EN|0|mismanaged|||1|0|0
1|EN|0|misspoken|||1|0|0
1|EN|0|mister|||1|0|0
1|EN|0|mistreating|||1|0|0
1|EN|0|mistress|||1|0|0
1|EN|0|mistresses|||1|0|0
1|PI|1|mithilā|||1|0|0
1|PI|1|mittā|||1|0|0
1|PI|1|mittakālī|||1|0|0
1|PI|1|mittatā|||1|0|0
1|EN|0|mixture|||1|0|0
1|EN|0|modulated|||1|0|0
1|EN|0|moistened|||1|0|0
1|EN|0|mold|||1|0|0
1|EN|0|moldy|||1|0|0
1|EN|0|molested|||1|0|0
1|PI|1|moḷiya|||1|0|0
1|EN|0|momentary|||1|0|0
1|EN|0|mommy||'s|0|0|1
1|2E|0|moneylender|||1|0|0
1|PI|0|moneyya|||1|0|0
1|EN|0|morality|||1|0|0
1|EN|0|moreover|||1|0|0
1|2E|0|mortem|||1|0|0
1|EN|0|moth|s||0|1|0
1|EN|0|mountaintop|||1|0|0
1|EN|0|mouthed|||1|0|0
1|2E|0|mouthy|||1|0|0
1|EN|0|movement|||1|0|0
1|PI|0|mudu|||1|0|0
1|PI|1|mūlapariyāya|||1|0|0
1|EN|0|multiplicities|||1|0|0
1|PI|1|mūluposatha|||1|0|0
1|EN|0|mural|||1|0|0
1|EN|0|musty|||1|0|0
1|PI|1|muttā|||1|0|0
1|PI|1|muṭṭhassati|||1|0|0
1|PI|1|nābhasa|||1|0|0
1|PI|1|nadī|||1|0|0
1|PI|0|nagaraka|||1|0|0
1|PI|0|nakulamatar|||1|0|0
1|PI|1|naḷa|||1|0|0
1|PI|1|naḷakalāpiyo|||1|0|0
1|PI|1|naḷeru||'s|0|0|1
1|EN|0|naming|||1|0|0
1|PI|1|namucī|||1|0|0
1|PI|1|nandakovāda|||1|0|0
1|PI|1|ñātika|||1|0|0
1|EN|0|nation|||1|0|0
1|PI|0|nava|||1|0|0
1|EN|0|nearness|||1|0|0
1|EN|0|neatly|||1|0|0
1|EN|0|nectar|||1|0|0
1|2E|0|needlehair|||1|0|0
1|EN|0|negligence|||1|0|0
1|EN|0|neighbor|s||0|1|0
1|EN|0|neighborhood|||1|0|0
1|PI|0|neyyattha|||1|0|0
1|PI|1|nibbāpesi|||1|0|0
1|PI|0|nibbedhika|||1|0|0
1|PI|0|nidhi|||1|0|0
1|PI|1|nighaṇḍu|||1|0|0
1|PI|1|nikkaṭṭha|||1|0|0
1|PI|0|nimantanika|||1|0|0
1|EN|0|nimble|||1|0|0
1|PI|0|nimitta|||1|0|0
1|PI|1|nimmānarati|s||0|1|0
1|PI|0|nimokkha|||1|0|0
1|PI|1|nirāmisa|||1|0|0
1|PI|0|nirodha|||1|0|0
1|PI|0|nissaya|||1|0|0
1|PI|1|nissayā|||1|0|0
1|PI|0|nissuta|||1|0|0
1|PI|1|nīta|||1|0|0
1|PI|1|nivāpa|||1|0|0
1|EN|0|nobility|||1|0|0
1|EN|0|noiseless|||1|0|0
1|EN|0|noiselessly|||1|0|0
1|EN|0|noisily|||1|0|0
1|EN|0|noisy|||1|0|0
1|EN|0|nostalgia|||1|0|0
1|EN|0|noticing|||1|0|0
1|EN|0|notorious|||1|0|0
1|EN|0|nudged|||1|0|0
1|EN|0|nugget|||1|0|0
1|EN|0|nursed|||1|0|0
1|EN|0|nurture|||1|0|0
1|EN|0|oath|||1|0|0
1|EN|0|obedience|||1|0|0
1|PI|1|obhāsa|||1|0|0
1|EN|0|obligated|||1|0|0
1|EN|0|obsessively|||1|0|0
1|EN|0|obtainable|||1|0|0
1|EN|0|offend|||1|0|0
1|EN|0|offending|||1|0|0
1|EN|0|offensive|||1|0|0
1|EN|0|oiled|||1|0|0
1|PI|1|okkhā|||1|0|0
1|EN|0|oleander|||1|0|0
1|EN|0|oligarchic|||1|0|0
1|EN|0|onion|s||0|1|0
1|EN|0|oppressor|||1|0|0
1|EN|0|orchard|||1|0|0
1|EN|0|ordain|||1|0|0
1|EN|0|organize|||1|0|0
1|PI|0|orima|||1|0|0
1|EN|0|ornamentation|||1|0|0
1|2E|0|orris|||1|0|0
1|PI|0|osajjana|||1|0|0
1|EN|0|outcome|||1|0|0
1|EN|0|outermost|||1|0|0
1|EN|0|outshone|||1|0|0
1|EN|0|outwitted|||1|0|0
1|EN|0|overexerted|||1|0|0
1|EN|0|overheard|||1|0|0
1|EN|0|overmastered|||1|0|0
1|EN|0|overspread|||1|0|0
1|EN|0|overstepping|||1|0|0
1|EN|0|overtake|||1|0|0
1|EN|0|owed|||1|0|0
1|PI|0|pabbajita|||1|0|0
1|PI|0|pabbatopama|||1|0|0
1|PI|0|pabhassara|||1|0|0
1|PI|0|paccanika|||1|0|0
1|PI|0|paccaya|||1|0|0
1|PI|0|paccha|||1|0|0
1|PI|1|padhāna|||1|0|0
1|PI|0|padumapuppha|||1|0|0
1|PI|1|pahāna|||1|0|0
1|PI|1|pahārada|||1|0|0
1|EN|0|paired|||1|0|0
1|PI|0|pajjota|||1|0|0
1|PI|0|pajunna|||1|0|0
1|EN|0|palate|||1|0|0
1|PI|1|pamādavihārin|||1|0|0
1|PI|1|paṁsu|||1|0|0
1|PI|1|paṁsudhovaka|||1|0|0
1|PI|1|panāda|||1|0|0
1|PI|1|pañca|||1|0|0
1|PI|1|pañcasikha|||1|0|0
1|PI|1|pañcattaya|||1|0|0
1|PI|1|pañhā|||1|0|0
1|PI|1|pañhapucchā|||1|0|0
1|PI|1|paññāvimutti|||1|0|0
1|PI|1|paññāvuḍḍhi|||1|0|0
1|PI|1|papañcakhaya|||1|0|0
1|PI|1|pāpaṇika|||1|0|0
1|PI|1|papāta|||1|0|0
1|EN|0|parable|||1|0|0
1|PI|1|paramassāsa|||1|0|0
1|PI|0|paramatta|||1|0|0
1|PI|0|paranimmitas|||1|0|0
1|PI|1|pārāsivi|||1|0|0
1|EN|0|parasol|||1|0|0
1|PI|1|parāyana|||1|0|0
1|PI|1|parihāna|||1|0|0
1|PI|1|parihāni|||1|0|0
1|PI|0|parikuppa|||1|0|0
1|PI|1|pariñña|||1|0|0
1|PI|1|pariññā|||1|0|0
1|PI|1|parisā|||1|0|0
1|PI|1|parivīmaṁsa|||1|0|0
1|PI|1|pariyesanā|||1|0|0
1|EN|0|parted|||1|0|0
1|EN|0|parting|||1|0|0
1|PI|1|pasāda|||1|0|0
1|PI|1|pāsādika|||1|0|0
1|EN|0|passable|||1|0|0
1|EN|0|passionless|||1|0|0
1|EN|0|passively|||1|0|0
1|EN|0|paste|||1|0|0
1|PI|1|pātāla|||1|0|0
1|PI|1|pāṭalī|||1|0|0
1|PI|1|pāṭaligāma|||1|0|0
1|EN|0|patched|||1|0|0
1|PI|1|paṭibhāna|||1|0|0
1|PI|1|pāṭibhoga|||1|0|0
1|PI|1|paṭiccasamuppāda|||1|0|0
1|PI|1|paṭilābho|||1|0|0
1|PI|1|paṭilīna|||1|0|0
1|PI|1|paṭipadā|||1|0|0
1|PI|1|paṭisalla|||1|0|0
1|PI|1|paṭisallāna|||1|0|0
1|PI|1|patiṭṭhita|||1|0|0
1|PI|0|patoda|||1|0|0
1|PI|1|pavāraṇā|||1|0|0
1|PI|0|pavatta|||1|0|0
1|PI|1|pāyāga|s||0|1|0
1|EN|0|peculiar|||1|0|0
1|EN|0|peel|||1|0|0
1|EN|0|peeling|||1|0|0
1|PI|0|pema|||1|0|0
1|EN|0|penance|||1|0|0
1|EN|0|perplexities|||1|0|0
1|EN|0|persecute|||1|0|0
1|EN|0|persevere|||1|0|0
1|EN|0|pesky|||1|0|0
1|EN|0|petition|||1|0|0
1|PI|0|phaggu|||1|0|0
1|PI|1|phāsu|||1|0|0
1|PI|1|pheṇa|||1|0|0
1|EN|0|philologist|s||0|1|0
1|EN|0|phrased|||1|0|0
1|EN|0|physique|||1|0|0
1|EN|0|pickled|||1|0|0
1|EN|0|pilgrimage|||1|0|0
1|EN|0|pinching|||1|0|0
1|PI|1|piṇḍapātapārisuddhi|||1|0|0
1|PI|1|piṇḍolya|||1|0|0
1|EN|0|pine|||1|0|0
1|PI|1|pīti|||1|0|0
1|EN|0|pitiless|||1|0|0
1|EN|0|pitting|||1|0|0
1|PI|0|piya|||1|0|0
1|PI|1|piyajātika|||1|0|0
1|EN|0|plainly|||1|0|0
1|EN|0|planing|||1|0|0
1|EN|0|plank|||1|0|0
1|EN|0|planned|||1|0|0
1|EN|0|planning|||1|0|0
1|EN|0|platinum|||1|0|0
1|EN|0|plaything|||1|0|0
1|EN|0|pleading|||1|0|0
1|EN|0|pliancy|||1|0|0
1|EN|0|plot|s||0|1|0
1|EN|0|plough|||1|0|0
1|EN|0|plucked|||1|0|0
1|EN|0|plucking|||1|0|0
1|EN|0|plumb|s||0|1|0
1|EN|0|plump|||1|0|0
1|EN|0|plunk|||1|0|0
1|EN|0|pointless|||1|0|0
1|EN|0|poke|||1|0|0
1|PI|1|pokkharaṇī|||1|0|0
1|EN|0|polishing|||1|0|0
1|EN|0|pollen|||1|0|0
1|EN|0|polluting|||1|0|0
1|EN|0|pomp|||1|0|0
1|EN|0|pork|||1|0|0
1|EN|0|portent|s||0|1|0
1|EN|0|posted|||1|0|0
1|EN|0|potent|||1|0|0
1|PI|1|poṭiriyaputta|||1|0|0
1|EN|0|potsherd|||1|0|0
1|PI|0|potthaka|||1|0|0
1|EN|0|pound|||1|0|0
1|EN|0|praiseworthy|||1|0|0
1|EN|0|prattled|||1|0|0
1|EN|0|prattling|||1|0|0
1|EN|0|preacher|||1|0|0
1|EN|0|precedence|||1|0|0
1|EN|0|precious|||1|0|0
1|EN|0|precise|||1|0|0
1|EN|0|predator|||1|0|0
1|EN|0|preeminence|||1|0|0
1|EN|0|preempting|||1|0|0
1|EN|0|preoccupation|s||0|1|0
1|EN|0|presenting|||1|0|0
1|EN|0|pretend|s||0|1|0
1|EN|0|pretext|||1|0|0
1|EN|0|prevailing|||1|0|0
1|EN|0|priceless|||1|0|0
1|EN|0|prickly|||1|0|0
1|EN|0|priesthood|||1|0|0
1|EN|0|prime|||1|0|0
1|EN|0|primeval|||1|0|0
1|EN|0|probed|||1|0|0
1|EN|0|probing|||1|0|0
1|EN|0|proceed|||1|0|0
1|EN|0|proclaiming|||1|0|0
1|EN|0|proficient|||1|0|0
1|EN|0|prologue|||1|0|0
1|EN|0|prominent|||1|0|0
1|EN|0|promoting|||1|0|0
1|EN|0|proportion|||1|0|0
1|EN|0|propositioned|||1|0|0
1|EN|0|prospered|||1|0|0
1|EN|0|prostitute|s||0|1|0
1|EN|0|prostrating|||1|0|0
1|EN|0|protested|||1|0|0
1|EN|0|provider|||1|0|0
1|EN|0|province|s||0|1|0
1|EN|0|prudent|||1|0|0
1|EN|0|prudently|||1|0|0
1|EN|0|psoriasis|||1|0|0
1|PI|1|pubbakoṭṭhaka|||1|0|0
1|PI|1|pubbārāma|||1|0|0
1|PI|0|pubbe|||1|0|0
1|EN|0|pungent|||1|0|0
1|PI|1|puññābhisanda|||1|0|0
1|EN|0|puppet|s||0|1|0
1|PI|0|puppha|||1|0|0
1|EN|0|purgatory|||1|0|0
1|EN|0|purging|||1|0|0
1|2E|0|purifed|||1|0|0
1|EN|0|purifying|||1|0|0
1|PI|0|purisa|||1|0|0
1|EN|0|pushed|||1|0|0
1|PI|0|putta|||1|0|0
1|PI|1|puttamaṁsa|||1|0|0
1|EN|0|qualified|||1|0|0
1|EN|0|quart|||1|0|0
1|EN|0|quivering|||1|0|0
1|EN|0|quorum|||1|0|0
1|EN|0|radiate|s||0|1|0
1|PI|0|rahogata|||1|0|0
1|PI|1|rājā|||1|0|0
1|PI|1|rājadatta|||1|0|0
1|PI|1|rājaka|||1|0|0
1|PI|1|rājan|||1|0|0
1|PI|0|rajja|||1|0|0
1|PI|0|rakkhasas|||1|0|0
1|PI|0|rakkhita|||1|0|0
1|EN|0|random|||1|0|0
1|EN|0|rape|||1|0|0
1|EN|0|rapist|s||0|1|0
1|PI|0|ratana|||1|0|0
1|EN|0|raven|s||0|1|0
1|EN|0|ray|||1|0|0
1|EN|0|react|||1|0|0
1|EN|0|reaping|||1|0|0
1|EN|0|rebuttal|||1|0|0
1|EN|0|recalled|||1|0|0
1|2E|0|recensions|||1|0|0
1|2E|0|reciter||'s|0|0|1
1|EN|0|reclusively|||1|0|0
1|EN|0|recognizing|||1|0|0
1|EN|0|recommend|s||0|1|0
1|EN|0|reconciled|||1|0|0
1|EN|0|recount|s||0|1|0
1|EN|0|recounted|||1|0|0
1|EN|0|recrimination|||1|0|0
1|EN|0|rectified|||1|0|0
1|EN|0|redefining|||1|0|0
1|EN|0|regulated|||1|0|0
1|EN|0|rejection|||1|0|0
1|EN|0|relating|||1|0|0
1|EN|0|relaxation|||1|0|0
1|EN|0|relie|s||0|1|0
1|EN|0|relief|||1|0|0
1|EN|0|relieved|||1|0|0
1|EN|0|relieving|||1|0|0
1|EN|0|relinquishes|||1|0|0
1|EN|0|render|||1|0|0
1|EN|0|repaying|||1|0|0
1|EN|0|repent|s||0|1|0
1|EN|0|reprehensible|||1|0|0
1|EN|0|reprimanded|||1|0|0
1|2E|0|repudiators|||1|0|0
1|EN|0|repugnant|||1|0|0
1|EN|0|repute|||1|0|0
1|EN|0|reputed|||1|0|0
1|EN|0|require|s||0|1|0
1|EN|0|requiring|||1|0|0
1|EN|0|rescue|||1|0|0
1|EN|0|resemble|s||0|1|0
1|EN|0|resilience|||1|0|0
1|EN|0|resin|||1|0|0
1|EN|0|resonant|||1|0|0
1|EN|0|resorting|||1|0|0
1|EN|0|resound|||1|0|0
1|EN|0|respite|||1|0|0
1|EN|0|restriction|||1|0|0
1|EN|0|resume|s||0|1|0
1|EN|0|retain|s||0|1|0
1|EN|0|retired|||1|0|0
1|EN|0|retreated|||1|0|0
1|EN|0|revenge|||1|0|0
1|EN|0|reverent|||1|0|0
1|EN|0|reverting|||1|0|0
1|EN|0|reviewed|||1|0|0
1|EN|0|reviling|||1|0|0
1|EN|0|ribbon|||1|0|0
1|EN|0|rigged|||1|0|0
1|EN|0|rightful|||1|0|0
1|EN|0|ringing|||1|0|0
1|EN|0|ringworm|||1|0|0
1|EN|0|rinse|s||0|1|0
1|EN|0|rival|||1|0|0
1|EN|0|rivulet|s||0|1|0
1|EN|0|roam|||1|0|0
1|PI|0|roga|||1|0|0
1|PI|1|rohaṇeyya|||1|0|0
1|EN|0|rojas|||1|0|0
1|EN|0|roofing|||1|0|0
1|EN|0|roomy|||1|0|0
1|EN|0|routing|||1|0|0
1|PI|0|ruciras|||1|0|0
1|EN|0|rudenesses|||1|0|0
1|EN|0|ruining|||1|0|0
1|EN|0|ruinous|||1|0|0
1|EN|0|runner|s||0|1|0
1|PI|1|rūpārāma|||1|0|0
1|PI|0|ruppati|||1|0|0
1|PI|0|sabba|||1|0|0
1|PI|1|sabbāsava|||1|0|0
1|PI|0|sacitta|||1|0|0
1|PI|1|sadāmatta|||1|0|0
1|PI|0|saddha|||1|0|0
1|PI|1|saddhammapaṭirūpaka|||1|0|0
1|PI|1|sadhāyamāna|||1|0|0
1|EN|0|saffron|||1|0|0
1|PI|0|sahabhu|||1|0|0
1|PI|0|sahadhammas|||1|0|0
1|PI|0|sahajani|||1|0|0
1|PI|0|sahajati|||1|0|0
1|PI|1|sahajāti|||1|0|0
1|PI|1|sahalī|||1|0|0
1|PI|0|saka|||1|0|0
1|PI|0|sakkara|||1|0|0
1|PI|1|sakkāra|||1|0|0
1|PI|1|sakkāya|||1|0|0
1|PI|0|sakkhibhabba|||1|0|0
1|PI|1|sakuṇagghi|||1|0|0
1|PI|1|saḷāyatana|||1|0|0
1|PI|1|saḷāyatanika|||1|0|0
1|EN|0|sale|||1|0|0
1|PI|1|sāleyyaka|||1|0|0
1|PI|0|sallattha|||1|0|0
1|EN|0|salted|||1|0|0
1|EN|0|salute|||1|0|0
1|EN|0|saluting|||1|0|0
1|PI|0|samacitta|||1|0|0
1|PI|1|samādhaṅga|||1|0|0
1|PI|1|sāmagāma|||1|0|0
1|PI|0|samajivina|||1|0|0
1|PI|1|samaṇasaññā|||1|0|0
1|PI|1|sāmaṇera|||1|0|0
1|PI|1|sāmaññaphala|||1|0|0
1|PI|1|samanupassanā|||1|0|0
1|PI|0|samaya|||1|0|0
1|PI|0|sambhava|||1|0|0
1|PI|0|sambodhi|||1|0|0
1|PI|0|samita|||1|0|0
1|PI|1|sammādiṭṭhi|||1|0|0
1|PI|0|sammasa|||1|0|0
1|PI|1|sampadā|||1|0|0
1|PI|1|saṁvāsa|||1|0|0
1|PI|1|sandiṭṭhika|||1|0|0
1|PI|1|saṅgaha|||1|0|0
1|PI|1|saṅgharakkhita|||1|0|0
1|PI|1|saṅgīti|||1|0|0
1|PI|1|sañjāti|||1|0|0
1|EN|0|sank|||1|0|0
1|PI|1|saṅkha|||1|0|0
1|PI|1|saṅkhata|||1|0|0
1|PI|1|sannivāsa|||1|0|0
1|PI|1|saññoga|||1|0|0
1|PI|1|sappadāsa|||1|0|0
1|PI|1|sappāya|||1|0|0
1|PI|1|sappurisadāna|||1|0|0
1|PI|0|sarada|||1|0|0
1|PI|1|saraṇagamana|||1|0|0
1|PI|1|sārandada|||1|0|0
1|PI|1|saraṇīya|||1|0|0
1|PI|1|sārāṇīya|||1|0|0
1|PI|0|sarassati|||1|0|0
1|PI|1|sāsapa|||1|0|0
1|PI|0|sata|||1|0|0
1|PI|1|sāta|||1|0|0
1|PI|0|sati|||1|0|0
1|PI|0|satimattiya|||1|0|0
1|EN|0|satisfactory|||1|0|0
1|PI|1|sattā|||1|0|0
1|PI|1|sattadhātu|||1|0|0
1|PI|1|sattaṭṭhāna|||1|0|0
1|PI|0|sattavassa|||1|0|0
1|PI|1|satthusāsana|||1|0|0
1|PI|0|sattisata|||1|0|0
1|PI|0|savatthi|||1|0|0
1|EN|0|saving|||1|0|0
1|EN|0|scabies|||1|0|0
1|EN|0|scarce|||1|0|0
1|EN|0|scared|||1|0|0
1|EN|0|scentless|||1|0|0
1|EN|0|scholar|s||0|1|0
1|EN|0|scold|||1|0|0
1|EN|0|scolded|||1|0|0
1|EN|0|scolding|||1|0|0
1|EN|0|scouring|||1|0|0
1|EN|0|scowled|||1|0|0
1|EN|0|scratched|||1|0|0
1|EN|0|screamed|||1|0|0
1|EN|0|screen|s||0|1|0
1|EN|0|scrubby|||1|0|0
1|EN|0|sealing|||1|0|0
1|EN|0|seashore|||1|0|0
1|EN|0|seasoning|s||0|1|0
1|EN|0|securing|||1|0|0
1|EN|0|seduced|||1|0|0
1|EN|0|seethe|s||0|1|0
1|EN|0|seizure|||1|0|0
1|EN|0|select|||1|0|0
1|EN|0|selfness|||1|0|0
1|EN|0|sensible|||1|0|0
1|2E|0|seriality|||1|0|0
1|PI|0|seta|||1|0|0
1|EN|0|several|||1|0|0
1|EN|0|shaded|||1|0|0
1|EN|0|shameful|||1|0|0
1|EN|0|shattering|||1|0|0
1|EN|0|shelled|||1|0|0
1|EN|0|shifted|||1|0|0
1|EN|0|shimmering|||1|0|0
1|EN|0|shone|||1|0|0
1|EN|0|shooter|||1|0|0
1|EN|0|shortening|||1|0|0
1|EN|0|shouting|||1|0|0
1|EN|0|showered|||1|0|0
1|EN|0|shredded|||1|0|0
1|EN|0|shrewd|||1|0|0
1|EN|0|shrinking|||1|0|0
1|EN|0|shuddering|||1|0|0
1|EN|0|shunned|||1|0|0
1|EN|0|shutter|s||0|1|0
1|EN|0|sibling|||1|0|0
1|PI|0|sigala|||1|0|0
1|EN|0|sighing|||1|0|0
1|EN|0|signaling|||1|0|0
1|PI|1|sīla|||1|0|0
1|PI|1|sīlabbata|||1|0|0
1|PI|1|sīlavant|||1|0|0
1|PI|1|sīlavat|||1|0|0
1|PI|1|silāvatī|||1|0|0
1|EN|0|silencing|||1|0|0
1|EN|0|silken|||1|0|0
1|EN|0|simultaneous|||1|0|0
1|EN|0|sincere|||1|0|0
1|PI|0|sindh|||1|0|0
1|PI|1|siṅgālapitar|||1|0|0
1|PI|0|sippa|||1|0|0
1|EN|0|sired|||1|0|0
1|PI|1|sirimaṇḍa|||1|0|0
1|PI|0|sirree|||1|0|0
1|PI|1|sīsūpacālā|||1|0|0
1|PI|1|sīti|||1|0|0
1|PI|1|sīvaka|||1|0|0
1|EN|0|sizable|||1|0|0
1|EN|0|sizeable|||1|0|0
1|EN|0|sizzle|s||0|1|0
1|EN|0|skewer|s||0|1|0
1|EN|0|skillfully|||1|0|0
1|EN|0|skipping|||1|0|0
1|EN|0|slab|||1|0|0
1|EN|0|slapping|||1|0|0
1|EN|0|slashed|||1|0|0
1|EN|0|slaughtering|||1|0|0
1|2E|0|slavewoman|||1|0|0
1|EN|0|sleeper|||1|0|0
1|EN|0|sleepiness|||1|0|0
1|EN|0|slim|||1|0|0
1|EN|0|slither|s||0|1|0
1|EN|0|slothful|||1|0|0
1|EN|0|sloughed|||1|0|0
1|EN|0|slovenly|||1|0|0
1|EN|0|smoldering|||1|0|0
1|EN|0|smoothed|||1|0|0
1|EN|0|snakeshood|||1|0|0
1|EN|0|snatched|||1|0|0
1|EN|0|sneak|||1|0|0
1|EN|0|sneezing|||1|0|0
1|EN|0|sniffed|||1|0|0
1|EN|0|snowy|||1|0|0
1|EN|0|sofa|||1|0|0
1|EN|0|softly|||1|0|0
1|EN|0|softness|||1|0|0
1|EN|0|sold|||1|0|0
1|EN|0|somewhere|||1|0|0
1|PI|1|soṇā|||1|0|0
1|EN|0|sorry|||1|0|0
1|PI|0|sota|||1|0|0
1|PI|1|sotānugata|||1|0|0
1|PI|0|sotar|||1|0|0
1|PI|0|sottiya|||1|0|0
1|EN|0|sounded|||1|0|0
1|EN|0|sounding|||1|0|0
1|EN|0|spade|||1|0|0
1|EN|0|sparse|||1|0|0
1|EN|0|spattered|||1|0|0
1|EN|0|speared|||1|0|0
1|EN|0|special|||1|0|0
1|EN|0|speculate|||1|0|0
1|EN|0|spinning|||1|0|0
1|EN|0|spitting|||1|0|0
1|EN|0|spotty|||1|0|0
1|EN|0|sprang|||1|0|0
1|EN|0|sprout|||1|0|0
1|EN|0|spur|||1|0|0
1|EN|0|spy|||1|0|0
1|EN|0|spying|||1|0|0
1|EN|0|squandering|||1|0|0
1|EN|0|squatting|||1|0|0
1|EN|0|stagnant|||1|0|0
1|EN|0|stare|s||0|1|0
1|EN|0|startled|||1|0|0
1|EN|0|starvation|||1|0|0
1|EN|0|stately|||1|0|0
1|EN|0|steadfastly|||1|0|0
1|EN|0|steadily|||1|0|0
1|EN|0|steam|s||0|1|0
1|EN|0|stipend|||1|0|0
1|EN|0|stitched|||1|0|0
1|EN|0|stork|||1|0|0
1|EN|0|stranger|s||0|1|0
1|EN|0|strategies|||1|0|0
1|EN|0|streamed|||1|0|0
1|EN|0|stressed|||1|0|0
1|EN|0|stresses|||1|0|0
1|EN|0|strew|||1|0|0
1|EN|0|strewed|||1|0|0
1|EN|0|stripping|||1|0|0
1|EN|0|stroked|||1|0|0
1|EN|0|strongest|||1|0|0
1|EN|0|stucco|||1|0|0
1|EN|0|studying|||1|0|0
1|EN|0|sturdy|||1|0|0
1|EN|0|suave|||1|0|0
1|EN|0|sub|||1|0|0
1|2E|0|subduer|||1|0|0
1|PI|1|subhakiṇhā|||1|0|0
1|PI|1|subhāsita|||1|0|0
1|EN|0|subjecting|||1|0|0
1|EN|0|subjection|||1|0|0
1|PI|1|subrahmā|||1|0|0
1|EN|0|subsist|||1|0|0
1|EN|0|subsisting|||1|0|0
1|PI|0|sucitti|||1|0|0
1|EN|0|suckling|||1|0|0
1|PI|1|sūda|||1|0|0
1|PI|0|sudassa|||1|0|0
1|PI|1|sudassī|||1|0|0
1|PI|0|sudhamma|||1|0|0
1|EN|0|suffice|||1|0|0
1|EN|0|sufficiency|||1|0|0
1|PI|0|sugata|||1|0|0
1|EN|0|suit|||1|0|0
1|PI|0|sujampati|||1|0|0
1|PI|0|suka|||1|0|0
1|PI|1|sukhamāla|||1|0|0
1|PI|0|sukhita|||1|0|0
1|PI|1|sūleyya|s||0|1|0
1|EN|0|sulkiness|||1|0|0
1|EN|0|sully|||1|0|0
1|PI|1|sunāga|||1|0|0
1|PI|1|sunāparantan|s||0|1|0
1|EN|0|sunbeam|||1|0|0
1|PI|0|sundara|||1|0|0
1|2E|0|sundazzle|||1|0|0
1|PI|0|sunerus|||1|0|0
1|PI|1|sunīta|||1|0|0
1|PI|1|suñña|||1|0|0
1|EN|0|super|||1|0|0
1|PI|0|supina|||1|0|0
1|EN|0|supposing|||1|0|0
1|EN|0|suppress|||1|0|0
1|EN|0|supremely|||1|0|0
1|PI|0|surasenas|||1|0|0
1|PI|1|suriyavacchasā|||1|0|0
1|EN|0|surmounted|||1|0|0
1|EN|0|surrender|||1|0|0
1|PI|1|susammuṭṭha|||1|0|0
1|PI|1|susārada|||1|0|0
1|EN|0|suspecting|||1|0|0
1|EN|0|suspicious|||1|0|0
1|PI|1|sussūsa|||1|0|0
1|EN|0|sustain|||1|0|0
1|EN|0|sustaining|||1|0|0
1|PI|0|suta|||1|0|0
1|PI|0|sutadhara|||1|0|0
1|PI|1|sutavā|||1|0|0
1|EN|0|swam|||1|0|0
1|EN|0|swampy|||1|0|0
1|EN|0|swarming|||1|0|0
1|EN|0|swarthy|||1|0|0
1|EN|0|sweeping|s||0|1|0
1|EN|0|sweltering|||1|0|0
1|EN|0|swiftly|||1|0|0
1|EN|0|swishing|||1|0|0
1|EN|0|swoop|||1|0|0
1|EN|0|swordsman|||1|0|0
1|EN|0|swordsmanship|||1|0|0
1|EN|0|syllable|s||0|1|0
1|2E|0|synovial|||1|0|0
1|EN|0|taboo|s||0|1|0
1|2E|0|tabors|||1|0|0
1|PI|0|tacchaka|||1|0|0
1|EN|0|tactic|s||0|1|0
1|EN|0|tag|||1|0|0
1|PI|0|tama|||1|0|0
1|PI|1|ṭaṁkitamañca|||1|0|0
1|PI|1|taṇḍulapāla|||1|0|0
1|PI|1|taṇhākhaya|||1|0|0
1|EN|0|tap|||1|0|0
1|PI|0|tapokamma|||1|0|0
1|EN|0|tapped|||1|0|0
1|PI|1|taraṇa|||1|0|0
1|PI|1|tārukka|||1|0|0
1|PI|1|tārukkha|||1|0|0
1|EN|0|tastiness|||1|0|0
1|PI|1|tathā|||1|0|0
1|PI|1|tathattā|||1|0|0
1|EN|0|taunted|||1|0|0
1|PI|1|tāvatiṁsa|||1|0|0
1|EN|0|teak|||1|0|0
1|EN|0|tease|s||0|1|0
1|PI|1|tekicchakāni|||1|0|0
1|EN|0|temper|||1|0|0
1|EN|0|tenaciously|||1|0|0
1|EN|0|tenderly|||1|0|0
1|EN|0|tenfold|||1|0|0
1|EN|0|terrace|||1|0|0
1|EN|0|territories|||1|0|0
1|EN|0|text|s||0|1|0
1|PI|0|thera|||1|0|0
1|PI|1|theranāma|||1|0|0
1|EN|0|thereby|||1|0|0
1|2E|0|thirthy|||1|0|0
1|EN|0|thistle|||1|0|0
1|EN|0|thorough|||1|0|0
1|EN|0|thoughtfully|||1|0|0
1|EN|0|thrall|||1|0|0
1|EN|0|threatening|||1|0|0
1|EN|0|threshed|||1|0|0
1|EN|0|thrilled|||1|0|0
1|EN|0|thrusting|||1|0|0
1|EN|0|thumb|||1|0|0
1|EN|0|thundercloud|||1|0|0
1|EN|0|thunderer|||1|0|0
1|PI|1|tikicchā|||1|0|0
1|PI|0|timbara|||1|0|0
1|PI|0|timbaru|||1|0|0
1|PI|1|tiṁsa|||1|0|0
1|EN|0|tin|||1|0|0
1|PI|1|tirokuḍḍa|||1|0|0
1|PI|0|titthiya|||1|0|0
1|EN|0|tolerance|||1|0|0
1|EN|0|toppling|||1|0|0
1|EN|0|torches|||1|0|0
1|EN|0|torpid|||1|0|0
1|EN|0|traitor|||1|0|0
1|EN|0|tranquilizing|||1|0|0
1|2E|0|transfixion|||1|0|0
1|EN|0|transgressing|||1|0|0
1|EN|0|translated|||1|0|0
1|EN|0|translation|||1|0|0
1|EN|0|transmission|||1|0|0
1|EN|0|tread|||1|0|0
1|EN|0|treasurer|||1|0|0
1|EN|0|trembled|||1|0|0
1|EN|0|trepidation|||1|0|0
1|EN|0|tricked|||1|0|0
1|EN|0|trickling|||1|0|0
1|EN|0|troubling|||1|0|0
1|EN|0|truest|||1|0|0
1|EN|0|tuberculosis|||1|0|0
1|PI|1|tumhāka|||1|0|0
1|EN|0|tunic|||1|0|0
1|EN|0|tuning|||1|0|0
1|EN|0|twelfth|||1|0|0
1|EN|0|twirled|||1|0|0
1|PI|1|ubhatobhāga|||1|0|0
1|PI|0|udakarahada|||1|0|0
1|PI|0|udakupama|||1|0|0
1|PI|1|udañña|||1|0|0
1|PI|1|udaññan|s||0|1|0
1|PI|1|udapāna|||1|0|0
1|PI|1|udāyī|||1|0|0
1|EN|0|udder|||1|0|0
1|PI|0|uddesa|||1|0|0
1|PI|0|uddhata|||1|0|0
1|PI|1|ujjenī|||1|0|0
1|PI|1|ukkācita|||1|0|0
1|PI|0|ukkala|||1|0|0
1|PI|1|ukkaṭṭhā|||1|0|0
1|EN|0|ulcer|s||0|1|0
1|EN|0|ulterior|||1|0|0
1|EN|0|unaging|||1|0|0
1|EN|0|unailing|||1|0|0
1|EN|0|unallayed|||1|0|0
1|EN|0|unallowable|||1|0|0
1|EN|0|unarmed|||1|0|0
1|EN|0|unassaulted|||1|0|0
1|EN|0|unassuming|||1|0|0
1|2E|0|unaversive|||1|0|0
1|EN|0|unbelieving|||1|0|0
1|EN|0|unbothered|||1|0|0
1|EN|0|uncaught|||1|0|0
1|2E|0|uncavitied|||1|0|0
1|EN|0|uncensured|||1|0|0
1|EN|0|unchanged|||1|0|0
1|EN|0|unchanging|||1|0|0
1|EN|0|unchewed|||1|0|0
1|EN|0|unclear|||1|0|0
1|EN|0|unclosed|||1|0|0
1|EN|0|uncompassionate|||1|0|0
1|EN|0|uncomplacent|||1|0|0
1|EN|0|uncompounded|||1|0|0
1|EN|0|uncomprehending|||1|0|0
1|EN|0|unconcern|||1|0|0
1|EN|0|unconfident|||1|0|0
1|EN|0|uncontent|||1|0|0
1|EN|0|uncriticized|||1|0|0
1|EN|0|uncrowded|||1|0|0
1|EN|0|uncut|||1|0|0
1|EN|0|undamaged|||1|0|0
1|EN|0|undefined|||1|0|0
1|EN|0|undermine|s||0|1|0
1|EN|0|underway|||1|0|0
1|EN|0|undestroyed|||1|0|0
1|EN|0|undiffused|||1|0|0
1|EN|0|undispersed|||1|0|0
1|EN|0|undissipated|||1|0|0
1|EN|0|undistractedness|||1|0|0
1|EN|0|undivided|||1|0|0
1|EN|0|uneaten|||1|0|0
1|EN|0|unembarrassed|||1|0|0
1|EN|0|unendangered|||1|0|0
1|EN|0|unengendered|||1|0|0
1|EN|0|unenmeshed|||1|0|0
1|EN|0|unentangling|||1|0|0
1|EN|0|unequal|||1|0|0
1|EN|0|unequivocally|||1|0|0
1|EN|0|unevolving|||1|0|0
1|EN|0|unfashioned|||1|0|0
1|EN|0|unfazed|||1|0|0
1|EN|0|unfearful|||1|0|0
1|EN|0|unfeasibility|||1|0|0
1|EN|0|unfilled|||1|0|0
1|EN|0|unfirm|||1|0|0
1|EN|0|unflinchingly|||1|0|0
1|EN|0|unfrightened|||1|0|0
1|EN|0|unfulfilled|||1|0|0
1|EN|0|unfurling|||1|0|0
1|EN|0|ungrasping|||1|0|0
1|EN|0|unhesitant|||1|0|0
1|EN|0|unhungering|||1|0|0
1|EN|0|unhurriedly|||1|0|0
1|EN|0|unify|||1|0|0
1|2E|0|unimpassionate|||1|0|0
1|EN|0|unimpassioned|||1|0|0
1|EN|0|uninfluenced|||1|0|0
1|EN|0|unintended|||1|0|0
1|EN|0|unite|||1|0|0
1|EN|0|unjudicious|||1|0|0
1|EN|0|unknowingly|||1|0|0
1|EN|0|unknowledgeable|||1|0|0
1|EN|0|unlistening|||1|0|0
1|EN|0|unlovable|||1|0|0
1|EN|0|unmatched|||1|0|0
1|EN|0|unmiserly|||1|0|0
1|EN|0|unmitigated|||1|0|0
1|EN|0|unmoving|||1|0|0
1|EN|0|unopposed|||1|0|0
1|EN|0|unpeaceful|||1|0|0
1|EN|0|unpopulated|||1|0|0
1|EN|0|unproduced|||1|0|0
1|EN|0|unpursued|||1|0|0
1|EN|0|unraveled|||1|0|0
1|EN|0|unreality|||1|0|0
1|EN|0|unreliable|||1|0|0
1|EN|0|unrelished|||1|0|0
1|EN|0|unresolved|||1|0|0
1|EN|0|unripened|||1|0|0
1|EN|0|unruliness|||1|0|0
1|EN|0|unsalty|||1|0|0
1|EN|0|unscrupulous|||1|0|0
1|EN|0|unsensed|||1|0|0
1|EN|0|unsmoky|||1|0|0
1|EN|0|unsoddened|||1|0|0
1|EN|0|unsorrowing|||1|0|0
1|EN|0|unstained|||1|0|0
1|EN|0|unstilled|||1|0|0
1|EN|0|unstinting|||1|0|0
1|EN|0|unstirred|||1|0|0
1|EN|0|untaken|||1|0|0
1|EN|0|untangled|||1|0|0
1|EN|0|untarnished|||1|0|0
1|EN|0|unthankful|||1|0|0
1|EN|0|untraceable|||1|0|0
1|EN|0|untrembling|||1|0|0
1|EN|0|untruth|||1|0|0
1|EN|0|untying|||1|0|0
1|EN|0|unwarranted|||1|0|0
1|EN|0|unwillingness|||1|0|0
1|EN|0|unwinding|||1|0|0
1|EN|0|unwise|||1|0|0
1|EN|0|unyoked|||1|0|0
1|PI|1|upaḍḍha|||1|0|0
1|PI|1|upajjhaṭṭhana|||1|0|0
1|PI|1|upajjhāya|||1|0|0
1|PI|1|upālivāda|||1|0|0
1|PI|0|upananda|||1|0|0
1|PI|0|upanisa|||1|0|0
1|PI|1|upāsaka|||1|0|0
1|PI|1|upāti|||1|0|0
1|PI|0|upaya|||1|0|0
1|PI|0|upayanti|||1|0|0
1|EN|0|upbraid|s||0|1|0
1|EN|0|upheld|||1|0|0
1|PI|0|uppajjanti|||1|0|0
1|PI|1|uppaṭika|||1|0|0
1|EN|0|uprightness|||1|0|0
1|2E|0|upwelling|||1|0|0
1|PI|1|uttamā|||1|0|0
1|PI|0|uttijya|||1|0|0
1|PI|1|vācā|||1|0|0
1|PI|0|vaccagotta|||1|0|0
1|PI|1|vaḍḍhinā|||1|0|0
1|PI|0|vajja|||1|0|0
1|PI|1|vajjīputta|||1|0|0
1|PI|1|vāla|||1|0|0
1|EN|0|valiant|||1|0|0
1|PI|1|vaṁsa|||1|0|0
1|PI|1|vaṁsā|s||0|1|0
1|PI|0|vanapattha|||1|0|0
1|PI|0|vanasa|||1|0|0
1|PI|1|vaṇijja|||1|0|0
1|PI|1|vaṇijjā|||1|0|0
1|EN|0|vanity|||1|0|0
1|EN|0|vaporized|||1|0|0
1|PI|1|varaṇā|||1|0|0
1|PI|0|varatara|||1|0|0
1|PI|1|vāruṇa|s||0|1|0
1|PI|1|vāsabhā|||1|0|0
1|PI|1|vāsavanesi|s||0|1|0
1|PI|0|vasavant||'s|0|0|1
1|PI|0|vasavatti|||1|0|0
1|EN|0|vase|||1|0|0
1|PI|1|vaseṭṭha|s||0|1|0
1|PI|1|vāsiṭṭhī|||1|0|0
1|PI|0|vassa|||1|0|0
1|PI|0|vasus|||1|0|0
1|PI|0|vattha|||1|0|0
1|PI|1|vatthūpama|||1|0|0
1|PI|1|vebhāra|||1|0|0
1|PI|1|vedhañña|||1|0|0
1|PI|1|vedisā|||1|0|0
1|EN|0|vegetation|||1|0|0
1|PI|0|veghanas|||1|0|0
1|PI|1|vehapphalā|||1|0|0
1|EN|0|vehemence|||1|0|0
1|PI|1|veḷudvāreyya|||1|0|0
1|PI|1|veḷukaṇḍakī|||1|0|0
1|PI|1|veṇḍu|||1|0|0
1|EN|0|venture|||1|0|0
1|EN|0|vera|||1|0|0
1|PI|1|verambhā|||1|0|0
1|PI|1|verañja|||1|0|0
1|PI|0|veroca|||1|0|0
1|EN|0|version|||1|0|0
1|PI|1|veṭeṇḍu|||1|0|0
1|PI|1|vettaraṇin|||1|0|0
1|EN|0|vexed|||1|0|0
1|EN|0|vexes|||1|0|0
1|EN|0|vibrant|||1|0|0
1|PI|1|vicakkhaṇa|s||0|1|0
1|EN|0|victim|s||0|1|0
1|PI|1|vijjā|||1|0|0
1|PI|1|viḷāra|||1|0|0
1|EN|0|vilest|||1|0|0
1|PI|0|vimala|||1|0|0
1|PI|1|vimalā|||1|0|0
1|PI|1|vinīta|||1|0|0
1|PI|1|vipāka|||1|0|0
1|PI|1|vipallāsa|||1|0|0
1|PI|1|virūḷha|||1|0|0
1|PI|1|virūḷhaka|||1|0|0
1|PI|0|visatta|||1|0|0
1|PI|1|visṇu|||1|0|0
1|PI|1|vitakkasaṇṭhāna|||1|0|0
1|PI|0|vitta|||1|0|0
1|PI|0|vitthata|||1|0|0
1|PI|1|viṭu|||1|0|0
1|PI|1|viṭuṭa|||1|0|0
1|PI|0|viveka|||1|0|0
1|EN|0|voiced|||1|0|0
1|EN|0|vomiting|||1|0|0
1|EN|0|voracious|||1|0|0
1|EN|0|wafted|||1|0|0
1|EN|0|wardrobe|||1|0|0
1|EN|0|warlord|||1|0|0
1|EN|0|warmth|||1|0|0
1|EN|0|wastrel|||1|0|0
1|EN|0|wattle|||1|0|0
1|EN|0|wax|||1|0|0
1|EN|0|waxes|||1|0|0
1|EN|0|wayfarer|s||0|1|0
1|EN|0|weakling|||1|0|0
1|EN|0|wearied|||1|0|0
1|EN|0|wearies|||1|0|0
1|EN|0|weathered|||1|0|0
1|EN|0|weeded|||1|0|0
1|EN|0|weeding|||1|0|0
1|EN|0|weigher|||1|0|0
1|EN|0|weighing|||1|0|0
1|EN|0|welcomed|||1|0|0
1|EN|0|welled|||1|0|0
1|EN|0|wheezing|||1|0|0
1|EN|0|whereupon|||1|0|0
1|EN|0|whey|||1|0|0
1|EN|0|whimpering|||1|0|0
1|EN|0|whirl|||1|0|0
1|EN|0|whirled|||1|0|0
1|EN|0|whirling|||1|0|0
1|EN|0|whispered|||1|0|0
1|EN|0|whistling|||1|0|0
1|EN|0|wielded|||1|0|0
1|EN|0|windiness|||1|0|0
1|EN|0|winnowing|||1|0|0
1|EN|0|wintry|||1|0|0
1|EN|0|wiping|||1|0|0
1|EN|0|withdrawal|||1|0|0
1|EN|0|withdrawing|||1|0|0
1|EN|0|withdrew|||1|0|0
1|EN|0|wolves|||1|0|0
1|EN|0|womenfolk|||1|0|0
1|2E|0|woodchip|||1|0|0
1|EN|0|woven|||1|0|0
1|EN|0|wracked|||1|0|0
1|EN|0|wrapper||'s|0|0|1
1|EN|0|wrested|||1|0|0
1|EN|0|writing|||1|0|0
1|EN|0|wrongdoing|||1|0|0
1|EN|0|wronged|||1|0|0
1|EN|0|wrought|||1|0|0
1|PI|1|yāmuna|||1|0|0
1|PI|1|yañña|||1|0|0
1|PI|0|yasadatta|||1|0|0
1|PI|1|yavakalāpi|||1|0|0
1|EN|0|yawning|||1|0|0
1|EN|0|yelling|||1|0|0
1|EN|0|yielding|||1|0|0
1|EN|0|yoga|||1|0|0
1|PI|0|yona|||1|0|0
1|PI|0|yuganaddha|||1|0|0
